Title,Price,Brand,Size,Link,Likes,Dataid,MarketStatus,SearchDate,Upload_date,Images,SearchCount,Page,Title_norm,Brand_norm,NegFlags,HasNegFlag,BlockKey,EmbedText,ProductId,VariantText,VariantId_local,VariantId,_PriceNum,DealScore,DealNotes,VariantClusterSize
The Last of Us PS4,8.05,No brand,0,https://www.vinted.it/items/8287351264-the-last-of-us-ps4?referrer=catalog,1,8287351264,Sold,01/03/2026 13:39:31,,https://images1.vinted.net/t/03_017cf_d3fG9ghhVMV5R3vrxydNViM1/310x430/1772365243.webp?s=8c3a22f6ae2ea91f4f752acd071c6069ff7dee24,3,2,the last of us ps4,no brand,,False,no brand__toks__the-last,the last of us ps4 | no brand | 0,74,,0,77,8.05,10.0,,4
Manette Bluetooth forma ps5,9.1,Battletron,0,https://www.vinted.it/items/8273703795-manette-bluetooth-forma-ps5?referrer=catalog,0,8273703795,Sold,27/02/2026 17:01:39,,https://images1.vinted.net/t/06_00474_Y7oFhNaPBGzpgVZmD2ogiDeR/310x430/1772207911.webp?s=8bcdc3d46a304b01b34c5c4a87c53243550d2be0,6,1,manette bluetooth forma ps5,battletron,,False,battletron__toks__manette-bluetooth,manette bluetooth forma ps5 | battletron | 0,0,,0,0,9.1,0.0,,7
Manette Bluetooth forma ps5,9.1,Battletron,0,https://www.vinted.it/items/8273703795-manette-bluetooth-forma-ps5?referrer=catalog,0,8273703795,Sold,27/02/2026 17:01:39,,https://images1.vinted.net/t/06_00474_Y7oFhNaPBGzpgVZmD2ogiDeR/310x430/1772207911.webp?s=8bcdc3d46a304b01b34c5c4a87c53243550d2be0,6,1,manette bluetooth forma ps5,battletron,,False,battletron__toks__manette-bluetooth,manette bluetooth forma ps5 | battletron | 0,0,,0,0,9.1,0.0,,7
Manette Bluetooth forma ps5,9.1,Battletron,0,https://www.vinted.it/items/8273703795-manette-bluetooth-forma-ps5?referrer=catalog,0,8273703795,Sold,27/02/2026 17:01:39,,https://images1.vinted.net/t/06_00474_Y7oFhNaPBGzpgVZmD2ogiDeR/310x430/1772207911.webp?s=8bcdc3d46a304b01b34c5c4a87c53243550d2be0,6,1,manette bluetooth forma ps5,battletron,,False,battletron__toks__manette-bluetooth,manette bluetooth forma ps5 | battletron | 0,0,,0,0,9.1,0.0,,7
Manette Bluetooth forma ps5,9.1,Battletron,0,https://www.vinted.it/items/8273703795-manette-bluetooth-forma-ps5?referrer=catalog,0,8273703795,Sold,27/02/2026 17:01:39,,https://images1.vinted.net/t/06_00474_Y7oFhNaPBGzpgVZmD2ogiDeR/310x430/1772207911.webp?s=8bcdc3d46a304b01b34c5c4a87c53243550d2be0,6,1,manette bluetooth forma ps5,battletron,,False,battletron__toks__manette-bluetooth,manette bluetooth forma ps5 | battletron | 0,0,,0,0,9.1,0.0,,7
Manette Bluetooth forma ps5,9.1,Battletron,0,https://www.vinted.it/items/8273703795-manette-bluetooth-forma-ps5?referrer=catalog,0,8273703795,Sold,27/02/2026 17:01:39,,https://images1.vinted.net/t/06_00474_Y7oFhNaPBGzpgVZmD2ogiDeR/310x430/1772207911.webp?s=8bcdc3d46a304b01b34c5c4a87c53243550d2be0,6,1,manette bluetooth forma ps5,battletron,,False,battletron__toks__manette-bluetooth,manette bluetooth forma ps5 | battletron | 0,0,,0,0,9.1,0.0,,7
Manette Bluetooth forma ps5,9.1,Battletron,0,https://www.vinted.it/items/8273703795-manette-bluetooth-forma-ps5?referrer=catalog,0,8273703795,Sold,27/02/2026 17:01:39,,https://images1.vinted.net/t/06_00474_Y7oFhNaPBGzpgVZmD2ogiDeR/310x430/1772207911.webp?s=8bcdc3d46a304b01b34c5c4a87c53243550d2be0,6,1,manette bluetooth forma ps5,battletron,,False,battletron__toks__manette-bluetooth,manette bluetooth forma ps5 | battletron | 0,0,,0,0,9.1,0.0,,7
Manette Bluetooth forma ps5,9.1,Battletron,0,https://www.vinted.it/items/8273703795-manette-bluetooth-forma-ps5?referrer=catalog,0,8273703795,Sold,27/02/2026 17:01:39,,https://images1.vinted.net/t/06_00474_Y7oFhNaPBGzpgVZmD2ogiDeR/310x430/1772207911.webp?s=8bcdc3d46a304b01b34c5c4a87c53243550d2be0,6,1,manette bluetooth forma ps5,battletron,,False,battletron__toks__manette-bluetooth,manette bluetooth forma ps5 | battletron | 0,0,,0,0,9.1,0.0,,7
FC26 PS4,37.45,No brand,0,https://www.vinted.it/items/8276528766-fc26-ps4?referrer=catalog,0,8276528766,Sold,28/02/2026 02:13:26,,https://images1.vinted.net/t/04_024a4_rufThKw6YxoprhPiyDfh1dp9/310x430/1772240903.webp?s=9eb2276c1d7b90b984a5dec7023c2333cccc8910,3,1,fc26 ps4,no brand,,False,no brand__codes__fc26,fc26 ps4 | no brand | 0,7,,0,7,37.45,0.0,,5
FC26 PS4,37.45,No brand,0,https://www.vinted.it/items/8276528766-fc26-ps4?referrer=catalog,0,8276528766,Sold,28/02/2026 02:13:26,,https://images1.vinted.net/t/04_024a4_rufThKw6YxoprhPiyDfh1dp9/310x430/1772240903.webp?s=9eb2276c1d7b90b984a5dec7023c2333cccc8910,3,1,fc26 ps4,no brand,,False,no brand__codes__fc26,fc26 ps4 | no brand | 0,7,,0,7,37.45,0.0,,5
FC26 PS4,37.45,No brand,0,https://www.vinted.it/items/8276528766-fc26-ps4?referrer=catalog,0,8276528766,Sold,28/02/2026 02:13:26,,https://images1.vinted.net/t/04_024a4_rufThKw6YxoprhPiyDfh1dp9/310x430/1772240903.webp?s=9eb2276c1d7b90b984a5dec7023c2333cccc8910,3,1,fc26 ps4,no brand,,False,no brand__codes__fc26,fc26 ps4 | no brand | 0,7,,0,7,37.45,0.0,,5
FC26 PS4,37.45,No brand,0,https://www.vinted.it/items/8276528766-fc26-ps4?referrer=catalog,0,8276528766,Sold,28/02/2026 02:13:26,,https://images1.vinted.net/t/04_024a4_rufThKw6YxoprhPiyDfh1dp9/310x430/1772240903.webp?s=9eb2276c1d7b90b984a5dec7023c2333cccc8910,3,1,fc26 ps4,no brand,,False,no brand__codes__fc26,fc26 ps4 | no brand | 0,7,,0,7,37.45,0.0,,5
Call of duty moderne warfare,11.2,No brand,0,https://www.vinted.it/items/8269237375-call-of-duty-moderne-warfare?referrer=catalog,7,8269237375,Sold,27/02/2026 16:17:10,,https://images1.vinted.net/t/06_008f1_bChi1L6wP7ZMszF3zFB6fUyS/310x430/1772141866.webp?s=009523b70dd3d5a6835a0da017be850348922706,5,8,call of duty moderne warfare,no brand,,False,no brand__toks__call-of,call of duty moderne warfare | no brand | 0,14,,0,17,11.2,0.0,,7
Call of duty moderne warfare,11.2,No brand,0,https://www.vinted.it/items/8269237375-call-of-duty-moderne-warfare?referrer=catalog,7,8269237375,Sold,27/02/2026 16:17:10,,https://images1.vinted.net/t/06_008f1_bChi1L6wP7ZMszF3zFB6fUyS/310x430/1772141866.webp?s=009523b70dd3d5a6835a0da017be850348922706,5,8,call of duty moderne warfare,no brand,,False,no brand__toks__call-of,call of duty moderne warfare | no brand | 0,14,,0,17,11.2,0.0,,7
Call of duty moderne warfare,11.2,No brand,0,https://www.vinted.it/items/8269237375-call-of-duty-moderne-warfare?referrer=catalog,7,8269237375,Sold,27/02/2026 16:17:10,,https://images1.vinted.net/t/06_008f1_bChi1L6wP7ZMszF3zFB6fUyS/310x430/1772141866.webp?s=009523b70dd3d5a6835a0da017be850348922706,5,8,call of duty moderne warfare,no brand,,False,no brand__toks__call-of,call of duty moderne warfare | no brand | 0,14,,0,17,11.2,0.0,,7
FC26 PS4,37.45,No brand,0,https://www.vinted.it/items/8276528766-fc26-ps4?referrer=catalog,0,8276528766,Sold,28/02/2026 02:13:26,,https://images1.vinted.net/t/04_024a4_rufThKw6YxoprhPiyDfh1dp9/310x430/1772240903.webp?s=9eb2276c1d7b90b984a5dec7023c2333cccc8910,3,1,fc26 ps4,no brand,,False,no brand__codes__fc26,fc26 ps4 | no brand | 0,7,,0,7,37.45,0.0,,5
Call of duty moderne warfare,11.2,No brand,0,https://www.vinted.it/items/8269237375-call-of-duty-moderne-warfare?referrer=catalog,7,8269237375,Sold,27/02/2026 16:17:10,,https://images1.vinted.net/t/06_008f1_bChi1L6wP7ZMszF3zFB6fUyS/310x430/1772141866.webp?s=009523b70dd3d5a6835a0da017be850348922706,5,8,call of duty moderne warfare,no brand,,False,no brand__toks__call-of,call of duty moderne warfare | no brand | 0,14,,0,17,11.2,0.0,,7
Call of duty moderne warfare,11.2,No brand,0,https://www.vinted.it/items/8269237375-call-of-duty-moderne-warfare?referrer=catalog,7,8269237375,Sold,27/02/2026 16:17:10,,https://images1.vinted.net/t/06_008f1_bChi1L6wP7ZMszF3zFB6fUyS/310x430/1772141866.webp?s=009523b70dd3d5a6835a0da017be850348922706,5,8,call of duty moderne warfare,no brand,,False,no brand__toks__call-of,call of duty moderne warfare | no brand | 0,14,,0,17,11.2,0.0,,7
Call of duty moderne warfare,11.2,No brand,0,https://www.vinted.it/items/8269237375-call-of-duty-moderne-warfare?referrer=catalog,7,8269237375,Sold,27/02/2026 16:17:10,,https://images1.vinted.net/t/06_008f1_bChi1L6wP7ZMszF3zFB6fUyS/310x430/1772141866.webp?s=009523b70dd3d5a6835a0da017be850348922706,5,8,call of duty moderne warfare,no brand,,False,no brand__toks__call-of,call of duty moderne warfare | no brand | 0,14,,0,17,11.2,0.0,,7
DiRT4,4.38,No brand,0,https://www.vinted.it/items/8285743631-dirt4?referrer=catalog,1,8285743631,Sold,01/03/2026 11:04:25,,https://images1.vinted.net/t/05_01892_MemYNwRZWGJzzMNNKHxdZHNq/310x430/1772357119.webp?s=b3f3eb5511291d498e543cbc27b2396081e6af9a,1,1,dirt4,no brand,,False,no brand__toks__dirt4,dirt4 | no brand | 0,22,,0,25,4.38,0.0,,4
DiRT4,4.38,No brand,0,https://www.vinted.it/items/8286988504-dirt4?referrer=catalog,0,8286988504,Sold,01/03/2026 12:16:16,,https://images1.vinted.net/t/05_01892_MemYNwRZWGJzzMNNKHxdZHNq/310x430/1772363523.webp?s=cec2fef61b6717277100d34ce4c5c2623bd2cb52,2,1,dirt4,no brand,,False,no brand__toks__dirt4,dirt4 | no brand | 0,22,,0,25,4.38,0.0,,4
DiRT4,4.38,No brand,0,https://www.vinted.it/items/8286988504-dirt4?referrer=catalog,0,8286988504,Sold,01/03/2026 12:16:16,,https://images1.vinted.net/t/05_01892_MemYNwRZWGJzzMNNKHxdZHNq/310x430/1772363523.webp?s=cec2fef61b6717277100d34ce4c5c2623bd2cb52,2,1,dirt4,no brand,,False,no brand__toks__dirt4,dirt4 | no brand | 0,22,,0,25,4.38,0.0,,4
DiRT4,4.38,No brand,0,https://www.vinted.it/items/8287357541-dirt4?referrer=catalog,0,8287357541,Sold,01/03/2026 13:39:31,,https://images1.vinted.net/t/05_01892_MemYNwRZWGJzzMNNKHxdZHNq/310x430/1772365274.webp?s=8af0fec6d1c6e6fe932e95737676fc5227552b91,3,2,dirt4,no brand,,False,no brand__toks__dirt4,dirt4 | no brand | 0,22,,0,25,4.38,0.0,,4
Divinity original sin 2,40.6,No brand,0,https://www.vinted.it/items/8285509294-divinity-original-sin-2?referrer=catalog,2,8285509294,Sold,01/03/2026 10:26:09,,https://images1.vinted.net/t/01_01c73_uASPLRYyqQAC1UhNdkFUZyrq/310x430/1772355491.webp?s=97b97b6948f1a275d38d63dfe8b1e363d2d7f2b0,12,1,divinity original sin 2,no brand,,False,no brand__toks__divinity-original,divinity original sin 2 | no brand | 0,24,,0,27,40.6,0.0,,6
Divinity original sin 2,40.6,No brand,0,https://www.vinted.it/items/8285509294-divinity-original-sin-2?referrer=catalog,2,8285509294,Sold,01/03/2026 10:26:09,,https://images1.vinted.net/t/01_01c73_uASPLRYyqQAC1UhNdkFUZyrq/310x430/1772355491.webp?s=97b97b6948f1a275d38d63dfe8b1e363d2d7f2b0,12,1,divinity original sin 2,no brand,,False,no brand__toks__divinity-original,divinity original sin 2 | no brand | 0,24,,0,27,40.6,0.0,,6
Divinity original sin 2,40.6,No brand,0,https://www.vinted.it/items/8285509294-divinity-original-sin-2?referrer=catalog,2,8285509294,Sold,01/03/2026 10:26:09,,https://images1.vinted.net/t/01_01c73_uASPLRYyqQAC1UhNdkFUZyrq/310x430/1772355491.webp?s=97b97b6948f1a275d38d63dfe8b1e363d2d7f2b0,12,1,divinity original sin 2,no brand,,False,no brand__toks__divinity-original,divinity original sin 2 | no brand | 0,24,,0,27,40.6,0.0,,6
Divinity original sin 2,40.6,No brand,0,https://www.vinted.it/items/8285509294-divinity-original-sin-2?referrer=catalog,2,8285509294,Sold,01/03/2026 10:26:09,,https://images1.vinted.net/t/01_01c73_uASPLRYyqQAC1UhNdkFUZyrq/310x430/1772355491.webp?s=97b97b6948f1a275d38d63dfe8b1e363d2d7f2b0,12,1,divinity original sin 2,no brand,,False,no brand__toks__divinity-original,divinity original sin 2 | no brand | 0,24,,0,27,40.6,0.0,,6
Divinity original sin 2,40.6,No brand,0,https://www.vinted.it/items/8285509294-divinity-original-sin-2?referrer=catalog,2,8285509294,Sold,01/03/2026 10:26:09,,https://images1.vinted.net/t/01_01c73_uASPLRYyqQAC1UhNdkFUZyrq/310x430/1772355491.webp?s=97b97b6948f1a275d38d63dfe8b1e363d2d7f2b0,12,1,divinity original sin 2,no brand,,False,no brand__toks__divinity-original,divinity original sin 2 | no brand | 0,24,,0,27,40.6,0.0,,6
Divinity original sin 2,40.6,No brand,0,https://www.vinted.it/items/8285509294-divinity-original-sin-2?referrer=catalog,2,8285509294,Sold,01/03/2026 10:26:09,,https://images1.vinted.net/t/01_01c73_uASPLRYyqQAC1UhNdkFUZyrq/310x430/1772355491.webp?s=97b97b6948f1a275d38d63dfe8b1e363d2d7f2b0,12,1,divinity original sin 2,no brand,,False,no brand__toks__divinity-original,divinity original sin 2 | no brand | 0,24,,0,27,40.6,0.0,,6
Giochi per Play Station 4 (fifa24per play5),63.7,No brand,0,https://www.vinted.it/items/8273524117-giochi-per-play-station-4-fifa24per-play5?referrer=catalog,0,8273524117,Sold,27/02/2026 17:01:39,,https://images1.vinted.net/t/01_02252_n34vN8DAjEiZsHG2XuWmeDxN/310x430/1772206717.webp?s=0b42c5dd298443a3eae7b88a022ece38f6c24c41,6,1,giochi per play station 4 fifa24per play5,no brand,,False,no brand__toks__giochi-per,giochi per play station 4 fifa24per play5 | no brand | 0,30,,0,33,63.7,0.0,,7
Giochi per Play Station 4 (fifa24per play5),63.7,No brand,0,https://www.vinted.it/items/8273524117-giochi-per-play-station-4-fifa24per-play5?referrer=catalog,0,8273524117,Sold,27/02/2026 17:01:39,,https://images1.vinted.net/t/01_02252_n34vN8DAjEiZsHG2XuWmeDxN/310x430/1772206717.webp?s=0b42c5dd298443a3eae7b88a022ece38f6c24c41,6,1,giochi per play station 4 fifa24per play5,no brand,,False,no brand__toks__giochi-per,giochi per play station 4 fifa24per play5 | no brand | 0,30,,0,33,63.7,0.0,,7
Call of duty moderne warfare,11.2,No brand,0,https://www.vinted.it/items/8269237375-call-of-duty-moderne-warfare?referrer=catalog,7,8269237375,Sold,27/02/2026 16:17:10,,https://images1.vinted.net/t/06_008f1_bChi1L6wP7ZMszF3zFB6fUyS/310x430/1772141866.webp?s=009523b70dd3d5a6835a0da017be850348922706,5,8,call of duty moderne warfare,no brand,,False,no brand__toks__call-of,call of duty moderne warfare | no brand | 0,14,,0,17,11.2,0.0,,7
Giochi per Play Station 4 (fifa24per play5),63.7,No brand,0,https://www.vinted.it/items/8273524117-giochi-per-play-station-4-fifa24per-play5?referrer=catalog,0,8273524117,Sold,27/02/2026 17:01:39,,https://images1.vinted.net/t/01_02252_n34vN8DAjEiZsHG2XuWmeDxN/310x430/1772206717.webp?s=0b42c5dd298443a3eae7b88a022ece38f6c24c41,6,1,giochi per play station 4 fifa24per play5,no brand,,False,no brand__toks__giochi-per,giochi per play station 4 fifa24per play5 | no brand | 0,30,,0,33,63.7,0.0,,7
Giochi per Play Station 4 (fifa24per play5),63.7,No brand,0,https://www.vinted.it/items/8273524117-giochi-per-play-station-4-fifa24per-play5?referrer=catalog,0,8273524117,Sold,27/02/2026 17:01:39,,https://images1.vinted.net/t/01_02252_n34vN8DAjEiZsHG2XuWmeDxN/310x430/1772206717.webp?s=0b42c5dd298443a3eae7b88a022ece38f6c24c41,6,1,giochi per play station 4 fifa24per play5,no brand,,False,no brand__toks__giochi-per,giochi per play station 4 fifa24per play5 | no brand | 0,30,,0,33,63.7,0.0,,7
Giochi per Play Station 4 (fifa24per play5),63.7,No brand,0,https://www.vinted.it/items/8273524117-giochi-per-play-station-4-fifa24per-play5?referrer=catalog,0,8273524117,Sold,27/02/2026 17:01:39,,https://images1.vinted.net/t/01_02252_n34vN8DAjEiZsHG2XuWmeDxN/310x430/1772206717.webp?s=0b42c5dd298443a3eae7b88a022ece38f6c24c41,6,1,giochi per play station 4 fifa24per play5,no brand,,False,no brand__toks__giochi-per,giochi per play station 4 fifa24per play5 | no brand | 0,30,,0,33,63.7,0.0,,7
Giochi per Play Station 4 (fifa24per play5),63.7,No brand,0,https://www.vinted.it/items/8273524117-giochi-per-play-station-4-fifa24per-play5?referrer=catalog,0,8273524117,Sold,27/02/2026 17:01:39,,https://images1.vinted.net/t/01_02252_n34vN8DAjEiZsHG2XuWmeDxN/310x430/1772206717.webp?s=0b42c5dd298443a3eae7b88a022ece38f6c24c41,6,1,giochi per play station 4 fifa24per play5,no brand,,False,no brand__toks__giochi-per,giochi per play station 4 fifa24per play5 | no brand | 0,30,,0,33,63.7,0.0,,7
Gta V,5.95,No brand,0,https://www.vinted.it/items/8276479692-gta-v?referrer=catalog,4,8276479692,Sold,28/02/2026 02:13:26,,https://images1.vinted.net/t/05_02251_3PVBeLQzcX8GMm2LPHpGXQMY/310x430/1772237435.webp?s=4d2a76aad5071be6a07517c186fec6fba188f257,3,1,gta v,no brand,,False,no brand__toks__gta,gta v | no brand | 0,33,,0,36,5.95,0.0,,5
Gta V,5.95,No brand,0,https://www.vinted.it/items/8276479692-gta-v?referrer=catalog,4,8276479692,Sold,28/02/2026 02:13:26,,https://images1.vinted.net/t/05_02251_3PVBeLQzcX8GMm2LPHpGXQMY/310x430/1772237435.webp?s=4d2a76aad5071be6a07517c186fec6fba188f257,3,1,gta v,no brand,,False,no brand__toks__gta,gta v | no brand | 0,33,,0,36,5.95,0.0,,5
Gta V,5.95,No brand,0,https://www.vinted.it/items/8276479692-gta-v?referrer=catalog,4,8276479692,Sold,28/02/2026 02:13:26,,https://images1.vinted.net/t/05_02251_3PVBeLQzcX8GMm2LPHpGXQMY/310x430/1772237435.webp?s=4d2a76aad5071be6a07517c186fec6fba188f257,3,1,gta v,no brand,,False,no brand__toks__gta,gta v | no brand | 0,33,,0,36,5.95,0.0,,5
Giochi per Play Station 4 (fifa24per play5),63.7,No brand,0,https://www.vinted.it/items/8273524117-giochi-per-play-station-4-fifa24per-play5?referrer=catalog,0,8273524117,Sold,27/02/2026 17:01:39,,https://images1.vinted.net/t/01_02252_n34vN8DAjEiZsHG2XuWmeDxN/310x430/1772206717.webp?s=0b42c5dd298443a3eae7b88a022ece38f6c24c41,6,1,giochi per play station 4 fifa24per play5,no brand,,False,no brand__toks__giochi-per,giochi per play station 4 fifa24per play5 | no brand | 0,30,,0,33,63.7,0.0,,7
Jeux gran turismo 7,26.95,No brand,0,https://www.vinted.it/items/8285378557-jeux-gran-turismo-7?referrer=catalog,5,8285378557,Sold,01/03/2026 10:26:09,,https://images1.vinted.net/t/05_01cb2_VxBFTuBsvMsq4EDQkKbsQDt3/310x430/1772354422.webp?s=51a67b9803f45324c9bc046637ae28bf29b6d94c,12,1,jeux gran turismo 7,no brand,,False,no brand__toks__jeux-gran,jeux gran turismo 7 | no brand | 0,43,,0,46,26.95,0.0,,6
It takes two ps4 e ps5,26.95,No brand,0,https://www.vinted.it/items/8276480561-it-takes-two-ps4-e-ps5?referrer=catalog,0,8276480561,Sold,28/02/2026 02:13:26,,https://images1.vinted.net/t/06_018b4_dB5SGPEA3SA9AQw4wksBdQTS/310x430/1772237479.webp?s=6f3a7f54c46d295759ba037140085f3114909d13,3,1,it takes two ps4 e ps5,no brand,,False,no brand__toks__it-takes,it takes two ps4 e ps5 | no brand | 0,39,,0,42,26.95,0.0,,4
It takes two ps4 e ps5,26.95,No brand,0,https://www.vinted.it/items/8276480561-it-takes-two-ps4-e-ps5?referrer=catalog,0,8276480561,Sold,28/02/2026 02:13:26,,https://images1.vinted.net/t/06_018b4_dB5SGPEA3SA9AQw4wksBdQTS/310x430/1772237479.webp?s=6f3a7f54c46d295759ba037140085f3114909d13,3,1,it takes two ps4 e ps5,no brand,,False,no brand__toks__it-takes,it takes two ps4 e ps5 | no brand | 0,39,,0,42,26.95,0.0,,4
It takes two ps4 e ps5,26.95,No brand,0,https://www.vinted.it/items/8276480561-it-takes-two-ps4-e-ps5?referrer=catalog,0,8276480561,Sold,28/02/2026 02:13:26,,https://images1.vinted.net/t/06_018b4_dB5SGPEA3SA9AQw4wksBdQTS/310x430/1772237479.webp?s=6f3a7f54c46d295759ba037140085f3114909d13,3,1,it takes two ps4 e ps5,no brand,,False,no brand__toks__it-takes,it takes two ps4 e ps5 | no brand | 0,39,,0,42,26.95,0.0,,4
Jeux gran turismo 7,26.95,No brand,0,https://www.vinted.it/items/8285378557-jeux-gran-turismo-7?referrer=catalog,5,8285378557,Sold,01/03/2026 10:26:09,,https://images1.vinted.net/t/05_01cb2_VxBFTuBsvMsq4EDQkKbsQDt3/310x430/1772354422.webp?s=51a67b9803f45324c9bc046637ae28bf29b6d94c,12,1,jeux gran turismo 7,no brand,,False,no brand__toks__jeux-gran,jeux gran turismo 7 | no brand | 0,43,,0,46,26.95,0.0,,6
Jeux gran turismo 7,26.95,No brand,0,https://www.vinted.it/items/8285378557-jeux-gran-turismo-7?referrer=catalog,5,8285378557,Sold,01/03/2026 10:26:09,,https://images1.vinted.net/t/05_01cb2_VxBFTuBsvMsq4EDQkKbsQDt3/310x430/1772354422.webp?s=51a67b9803f45324c9bc046637ae28bf29b6d94c,12,1,jeux gran turismo 7,no brand,,False,no brand__toks__jeux-gran,jeux gran turismo 7 | no brand | 0,43,,0,46,26.95,0.0,,6
Jeux gran turismo 7,26.95,No brand,0,https://www.vinted.it/items/8285378557-jeux-gran-turismo-7?referrer=catalog,5,8285378557,Sold,01/03/2026 10:26:09,,https://images1.vinted.net/t/05_01cb2_VxBFTuBsvMsq4EDQkKbsQDt3/310x430/1772354422.webp?s=51a67b9803f45324c9bc046637ae28bf29b6d94c,12,1,jeux gran turismo 7,no brand,,False,no brand__toks__jeux-gran,jeux gran turismo 7 | no brand | 0,43,,0,46,26.95,0.0,,6
It takes two ps4 e ps5,26.95,No brand,0,https://www.vinted.it/items/8276480561-it-takes-two-ps4-e-ps5?referrer=catalog,0,8276480561,Sold,28/02/2026 02:13:26,,https://images1.vinted.net/t/06_018b4_dB5SGPEA3SA9AQw4wksBdQTS/310x430/1772237479.webp?s=6f3a7f54c46d295759ba037140085f3114909d13,3,1,it takes two ps4 e ps5,no brand,,False,no brand__toks__it-takes,it takes two ps4 e ps5 | no brand | 0,39,,0,42,26.95,0.0,,4
Marvel vs capcom infinite,8.05,No brand,0,https://www.vinted.it/items/8276514948-marvel-vs-capcom-infinite?referrer=catalog,0,8276514948,Sold,28/02/2026 02:13:26,,https://images1.vinted.net/t/06_006a1_7z3RtaCjUsfAi1u7ubqEFmXR/310x430/1772239665.webp?s=0b5266db6cf234cc1c4331197753220e80c63685,3,1,marvel vs capcom infinite,no brand,,False,no brand__toks__marvel-vs,marvel vs capcom infinite | no brand | 0,55,,0,58,8.05,0.0,,5
Marvel vs capcom infinite,8.05,No brand,0,https://www.vinted.it/items/8276514948-marvel-vs-capcom-infinite?referrer=catalog,0,8276514948,Sold,28/02/2026 02:13:26,,https://images1.vinted.net/t/06_006a1_7z3RtaCjUsfAi1u7ubqEFmXR/310x430/1772239665.webp?s=0b5266db6cf234cc1c4331197753220e80c63685,3,1,marvel vs capcom infinite,no brand,,False,no brand__toks__marvel-vs,marvel vs capcom infinite | no brand | 0,55,,0,58,8.05,0.0,,5
Jeux gran turismo 7,26.95,No brand,0,https://www.vinted.it/items/8285378557-jeux-gran-turismo-7?referrer=catalog,5,8285378557,Sold,01/03/2026 10:26:09,,https://images1.vinted.net/t/05_01cb2_VxBFTuBsvMsq4EDQkKbsQDt3/310x430/1772354422.webp?s=51a67b9803f45324c9bc046637ae28bf29b6d94c,12,1,jeux gran turismo 7,no brand,,False,no brand__toks__jeux-gran,jeux gran turismo 7 | no brand | 0,43,,0,46,26.95,0.0,,6
Lot de 5 pieges pour Laeticia,11.2,No brand,0,https://www.vinted.it/items/8284107204-lot-de-5-pieges-pour-laeticia?referrer=catalog,0,8284107204,Sold,01/03/2026 10:27:30,,https://images1.vinted.net/t/06_0253b_to4t4E4Up5YnJxN3rBDQgTs3/310x430/1772312435.webp?s=93207e54c88a234be64b3efd8883f055a0af61c2,12,4,lot de 5 pieges pour laeticia,no brand,,False,no brand__toks__lot-de,lot de 5 pieges pour laeticia | no brand | 0,52,,0,55,11.2,0.0,,5
Lot de 5 pieges pour Laeticia,11.2,No brand,0,https://www.vinted.it/items/8284107204-lot-de-5-pieges-pour-laeticia?referrer=catalog,0,8284107204,Sold,01/03/2026 10:27:30,,https://images1.vinted.net/t/06_0253b_to4t4E4Up5YnJxN3rBDQgTs3/310x430/1772312435.webp?s=93207e54c88a234be64b3efd8883f055a0af61c2,12,4,lot de 5 pieges pour laeticia,no brand,,False,no brand__toks__lot-de,lot de 5 pieges pour laeticia | no brand | 0,52,,0,55,11.2,0.0,,5
Lot de 5 pieges pour Laeticia,11.2,No brand,0,https://www.vinted.it/items/8284107204-lot-de-5-pieges-pour-laeticia?referrer=catalog,0,8284107204,Sold,01/03/2026 10:27:30,,https://images1.vinted.net/t/06_0253b_to4t4E4Up5YnJxN3rBDQgTs3/310x430/1772312435.webp?s=93207e54c88a234be64b3efd8883f055a0af61c2,12,4,lot de 5 pieges pour laeticia,no brand,,False,no brand__toks__lot-de,lot de 5 pieges pour laeticia | no brand | 0,52,,0,55,11.2,0.0,,5
Lot de 5 pieges pour Laeticia,11.2,No brand,0,https://www.vinted.it/items/8284107204-lot-de-5-pieges-pour-laeticia?referrer=catalog,0,8284107204,Sold,01/03/2026 10:27:30,,https://images1.vinted.net/t/06_0253b_to4t4E4Up5YnJxN3rBDQgTs3/310x430/1772312435.webp?s=93207e54c88a234be64b3efd8883f055a0af61c2,12,4,lot de 5 pieges pour laeticia,no brand,,False,no brand__toks__lot-de,lot de 5 pieges pour laeticia | no brand | 0,52,,0,55,11.2,0.0,,5
Lot de 5 pieges pour Laeticia,11.2,No brand,0,https://www.vinted.it/items/8284107204-lot-de-5-pieges-pour-laeticia?referrer=catalog,0,8284107204,Sold,01/03/2026 10:27:30,,https://images1.vinted.net/t/06_0253b_to4t4E4Up5YnJxN3rBDQgTs3/310x430/1772312435.webp?s=93207e54c88a234be64b3efd8883f055a0af61c2,12,4,lot de 5 pieges pour laeticia,no brand,,False,no brand__toks__lot-de,lot de 5 pieges pour laeticia | no brand | 0,52,,0,55,11.2,0.0,,5
Marvel vs capcom infinite,8.05,No brand,0,https://www.vinted.it/items/8276514948-marvel-vs-capcom-infinite?referrer=catalog,0,8276514948,Sold,28/02/2026 02:13:26,,https://images1.vinted.net/t/06_006a1_7z3RtaCjUsfAi1u7ubqEFmXR/310x430/1772239665.webp?s=0b5266db6cf234cc1c4331197753220e80c63685,3,1,marvel vs capcom infinite,no brand,,False,no brand__toks__marvel-vs,marvel vs capcom infinite | no brand | 0,55,,0,58,8.05,0.0,,5
PS4 Kingdom Come Deliverance Royal Edition,16.45,No brand,0,https://www.vinted.it/items/8279854468-ps4-kingdom-come-deliverance-royal-edition?referrer=catalog,1,8279854468,Sold,01/03/2026 10:29:57,,https://images1.vinted.net/t/05_01899_Uxqss6tH2MKdYW922NgbUmRN/310x430/1772284962.webp?s=f14f16b87834083ba7f5881401faa66c6a579433,12,10,ps4 kingdom come deliverance royal edition,no brand,,False,no brand__toks__ps4-kingdom,ps4 kingdom come deliverance royal edition | no brand | 0,65,,0,68,16.45,0.0,,5
Marvel vs capcom infinite,8.05,No brand,0,https://www.vinted.it/items/8276514948-marvel-vs-capcom-infinite?referrer=catalog,0,8276514948,Sold,28/02/2026 02:13:26,,https://images1.vinted.net/t/06_006a1_7z3RtaCjUsfAi1u7ubqEFmXR/310x430/1772239665.webp?s=0b5266db6cf234cc1c4331197753220e80c63685,3,1,marvel vs capcom infinite,no brand,,False,no brand__toks__marvel-vs,marvel vs capcom infinite | no brand | 0,55,,0,58,8.05,0.0,,5
Marvel vs capcom infinite,8.05,No brand,0,https://www.vinted.it/items/8276514948-marvel-vs-capcom-infinite?referrer=catalog,0,8276514948,Sold,28/02/2026 02:13:26,,https://images1.vinted.net/t/06_006a1_7z3RtaCjUsfAi1u7ubqEFmXR/310x430/1772239665.webp?s=0b5266db6cf234cc1c4331197753220e80c63685,3,1,marvel vs capcom infinite,no brand,,False,no brand__toks__marvel-vs,marvel vs capcom infinite | no brand | 0,55,,0,58,8.05,0.0,,5
PS4 Kingdom Come Deliverance Royal Edition,16.45,No brand,0,https://www.vinted.it/items/8279854468-ps4-kingdom-come-deliverance-royal-edition?referrer=catalog,1,8279854468,Sold,01/03/2026 10:29:57,,https://images1.vinted.net/t/05_01899_Uxqss6tH2MKdYW922NgbUmRN/310x430/1772284962.webp?s=f14f16b87834083ba7f5881401faa66c6a579433,12,10,ps4 kingdom come deliverance royal edition,no brand,,False,no brand__toks__ps4-kingdom,ps4 kingdom come deliverance royal edition | no brand | 0,65,,0,68,16.45,0.0,,5
PS4 Kingdom Come Deliverance Royal Edition,16.45,No brand,0,https://www.vinted.it/items/8279854468-ps4-kingdom-come-deliverance-royal-edition?referrer=catalog,1,8279854468,Sold,01/03/2026 10:29:57,,https://images1.vinted.net/t/05_01899_Uxqss6tH2MKdYW922NgbUmRN/310x430/1772284962.webp?s=f14f16b87834083ba7f5881401faa66c6a579433,12,10,ps4 kingdom come deliverance royal edition,no brand,,False,no brand__toks__ps4-kingdom,ps4 kingdom come deliverance royal edition | no brand | 0,65,,0,68,16.45,0.0,,5
PS4 Kingdom Come Deliverance Royal Edition,16.45,No brand,0,https://www.vinted.it/items/8279854468-ps4-kingdom-come-deliverance-royal-edition?referrer=catalog,1,8279854468,Sold,01/03/2026 10:29:57,,https://images1.vinted.net/t/05_01899_Uxqss6tH2MKdYW922NgbUmRN/310x430/1772284962.webp?s=f14f16b87834083ba7f5881401faa66c6a579433,12,10,ps4 kingdom come deliverance royal edition,no brand,,False,no brand__toks__ps4-kingdom,ps4 kingdom come deliverance royal edition | no brand | 0,65,,0,68,16.45,0.0,,5
Jeux gran turismo 7,26.95,No brand,0,https://www.vinted.it/items/8285378557-jeux-gran-turismo-7?referrer=catalog,5,8285378557,Sold,01/03/2026 10:26:09,,https://images1.vinted.net/t/05_01cb2_VxBFTuBsvMsq4EDQkKbsQDt3/310x430/1772354422.webp?s=51a67b9803f45324c9bc046637ae28bf29b6d94c,12,1,jeux gran turismo 7,no brand,,False,no brand__toks__jeux-gran,jeux gran turismo 7 | no brand | 0,43,,0,46,26.95,0.0,,6
The last of us PS4 Blister,11.2,No brand,0,https://www.vinted.it/items/8271566516-the-last-of-us-ps4-blister?referrer=catalog,12,8271566516,Sold,28/02/2026 02:17:26,,https://images1.vinted.net/t/05_005fe_RVranYtCqUQLAa1VW62Ute2t/310x430/r2/1772192446.webp?s=979302a2d7ebc14523f56c9eba6dc4f334899714,3,10,the last of us ps4 blister,no brand,,False,no brand__toks__the-last,the last of us ps4 blister | no brand | 0,74,,0,77,11.2,0.0,,4
The last of us PS4 Blister,11.2,No brand,0,https://www.vinted.it/items/8271566516-the-last-of-us-ps4-blister?referrer=catalog,12,8271566516,Sold,28/02/2026 02:17:26,,https://images1.vinted.net/t/05_005fe_RVranYtCqUQLAa1VW62Ute2t/310x430/r2/1772192446.webp?s=979302a2d7ebc14523f56c9eba6dc4f334899714,3,10,the last of us ps4 blister,no brand,,False,no brand__toks__the-last,the last of us ps4 blister | no brand | 0,74,,0,77,11.2,0.0,,4
PS4 PS5 - Tales of Berseria en très bon état sur Playstation 4 et 5,11.2,No brand,0,https://www.vinted.it/items/8285409524-ps4-ps5-tales-of-berseria-en-tres-bon-etat-sur-playstation-4-et-5?referrer=catalog,0,8285409524,Sold,01/03/2026 10:26:09,,https://images1.vinted.net/t/06_01a90_vXeVT9PWHY8i2dkHDCLzuXGo/310x430/1772354689.webp?s=75c90490b9b4e620b9183bdfdf72697e9560e4d9,12,1,ps4 ps5 tales of berseria en tres bon etat sur playstation 4 et 5,no brand,,False,no brand__toks__ps4-ps5,ps4 ps5 tales of berseria en tres bon etat sur playstation 4 et 5 | no brand | 0,66,,0,69,11.2,0.0,,6
PS4 Kingdom Come Deliverance Royal Edition,16.45,No brand,0,https://www.vinted.it/items/8279854468-ps4-kingdom-come-deliverance-royal-edition?referrer=catalog,1,8279854468,Sold,01/03/2026 10:29:57,,https://images1.vinted.net/t/05_01899_Uxqss6tH2MKdYW922NgbUmRN/310x430/1772284962.webp?s=f14f16b87834083ba7f5881401faa66c6a579433,12,10,ps4 kingdom come deliverance royal edition,no brand,,False,no brand__toks__ps4-kingdom,ps4 kingdom come deliverance royal edition | no brand | 0,65,,0,68,16.45,0.0,,5
PS4 PS5 - Tales of Berseria en très bon état sur Playstation 4 et 5,11.2,No brand,0,https://www.vinted.it/items/8285409524-ps4-ps5-tales-of-berseria-en-tres-bon-etat-sur-playstation-4-et-5?referrer=catalog,0,8285409524,Sold,01/03/2026 10:26:09,,https://images1.vinted.net/t/06_01a90_vXeVT9PWHY8i2dkHDCLzuXGo/310x430/1772354689.webp?s=75c90490b9b4e620b9183bdfdf72697e9560e4d9,12,1,ps4 ps5 tales of berseria en tres bon etat sur playstation 4 et 5,no brand,,False,no brand__toks__ps4-ps5,ps4 ps5 tales of berseria en tres bon etat sur playstation 4 et 5 | no brand | 0,66,,0,69,11.2,0.0,,6
PS4 PS5 - Tales of Berseria en très bon état sur Playstation 4 et 5,11.2,No brand,0,https://www.vinted.it/items/8285409524-ps4-ps5-tales-of-berseria-en-tres-bon-etat-sur-playstation-4-et-5?referrer=catalog,0,8285409524,Sold,01/03/2026 10:26:09,,https://images1.vinted.net/t/06_01a90_vXeVT9PWHY8i2dkHDCLzuXGo/310x430/1772354689.webp?s=75c90490b9b4e620b9183bdfdf72697e9560e4d9,12,1,ps4 ps5 tales of berseria en tres bon etat sur playstation 4 et 5,no brand,,False,no brand__toks__ps4-ps5,ps4 ps5 tales of berseria en tres bon etat sur playstation 4 et 5 | no brand | 0,66,,0,69,11.2,0.0,,6
PS4 PS5 - Tales of Berseria en très bon état sur Playstation 4 et 5,11.2,No brand,0,https://www.vinted.it/items/8285409524-ps4-ps5-tales-of-berseria-en-tres-bon-etat-sur-playstation-4-et-5?referrer=catalog,0,8285409524,Sold,01/03/2026 10:26:09,,https://images1.vinted.net/t/06_01a90_vXeVT9PWHY8i2dkHDCLzuXGo/310x430/1772354689.webp?s=75c90490b9b4e620b9183bdfdf72697e9560e4d9,12,1,ps4 ps5 tales of berseria en tres bon etat sur playstation 4 et 5,no brand,,False,no brand__toks__ps4-ps5,ps4 ps5 tales of berseria en tres bon etat sur playstation 4 et 5 | no brand | 0,66,,0,69,11.2,0.0,,6
PS4 PS5 - Tales of Berseria en très bon état sur Playstation 4 et 5,11.2,No brand,0,https://www.vinted.it/items/8285409524-ps4-ps5-tales-of-berseria-en-tres-bon-etat-sur-playstation-4-et-5?referrer=catalog,0,8285409524,Sold,01/03/2026 10:26:09,,https://images1.vinted.net/t/06_01a90_vXeVT9PWHY8i2dkHDCLzuXGo/310x430/1772354689.webp?s=75c90490b9b4e620b9183bdfdf72697e9560e4d9,12,1,ps4 ps5 tales of berseria en tres bon etat sur playstation 4 et 5,no brand,,False,no brand__toks__ps4-ps5,ps4 ps5 tales of berseria en tres bon etat sur playstation 4 et 5 | no brand | 0,66,,0,69,11.2,0.0,,6
Spiderman,9.1,No brand,0,https://www.vinted.it/items/8273452807-spiderman?referrer=catalog,2,8273452807,Sold,27/02/2026 17:01:39,,https://images1.vinted.net/t/05_01abb_uosAGyrjDCZQZQcLELhLjCih/310x430/1772206175.webp?s=e98764edb5a91b337d427521b635457cadcae8db,6,1,spiderman,no brand,,False,no brand__toks__spiderman,spiderman | no brand | 0,71,,0,74,9.1,0.0,,7
Spiderman,9.1,No brand,0,https://www.vinted.it/items/8273452807-spiderman?referrer=catalog,2,8273452807,Sold,27/02/2026 17:01:39,,https://images1.vinted.net/t/05_01abb_uosAGyrjDCZQZQcLELhLjCih/310x430/1772206175.webp?s=e98764edb5a91b337d427521b635457cadcae8db,6,1,spiderman,no brand,,False,no brand__toks__spiderman,spiderman | no brand | 0,71,,0,74,9.1,0.0,,7
Spiderman,9.1,No brand,0,https://www.vinted.it/items/8273452807-spiderman?referrer=catalog,2,8273452807,Sold,27/02/2026 17:01:39,,https://images1.vinted.net/t/05_01abb_uosAGyrjDCZQZQcLELhLjCih/310x430/1772206175.webp?s=e98764edb5a91b337d427521b635457cadcae8db,6,1,spiderman,no brand,,False,no brand__toks__spiderman,spiderman | no brand | 0,71,,0,74,9.1,0.0,,7
Spiderman,9.1,No brand,0,https://www.vinted.it/items/8273452807-spiderman?referrer=catalog,2,8273452807,Sold,27/02/2026 17:01:39,,https://images1.vinted.net/t/05_01abb_uosAGyrjDCZQZQcLELhLjCih/310x430/1772206175.webp?s=e98764edb5a91b337d427521b635457cadcae8db,6,1,spiderman,no brand,,False,no brand__toks__spiderman,spiderman | no brand | 0,71,,0,74,9.1,0.0,,7
Spiderman,9.1,No brand,0,https://www.vinted.it/items/8273452807-spiderman?referrer=catalog,2,8273452807,Sold,27/02/2026 17:01:39,,https://images1.vinted.net/t/05_01abb_uosAGyrjDCZQZQcLELhLjCih/310x430/1772206175.webp?s=e98764edb5a91b337d427521b635457cadcae8db,6,1,spiderman,no brand,,False,no brand__toks__spiderman,spiderman | no brand | 0,71,,0,74,9.1,0.0,,7
Spiderman,9.1,No brand,0,https://www.vinted.it/items/8273452807-spiderman?referrer=catalog,2,8273452807,Sold,27/02/2026 17:01:39,,https://images1.vinted.net/t/05_01abb_uosAGyrjDCZQZQcLELhLjCih/310x430/1772206175.webp?s=e98764edb5a91b337d427521b635457cadcae8db,6,1,spiderman,no brand,,False,no brand__toks__spiderman,spiderman | no brand | 0,71,,0,74,9.1,0.0,,7
Spiderman,9.1,No brand,0,https://www.vinted.it/items/8273452807-spiderman?referrer=catalog,2,8273452807,Sold,27/02/2026 17:01:39,,https://images1.vinted.net/t/05_01abb_uosAGyrjDCZQZQcLELhLjCih/310x430/1772206175.webp?s=e98764edb5a91b337d427521b635457cadcae8db,6,1,spiderman,no brand,,False,no brand__toks__spiderman,spiderman | no brand | 0,71,,0,74,9.1,0.0,,7
PS4 PS5 - Tales of Berseria en très bon état sur Playstation 4 et 5,11.2,No brand,0,https://www.vinted.it/items/8285409524-ps4-ps5-tales-of-berseria-en-tres-bon-etat-sur-playstation-4-et-5?referrer=catalog,0,8285409524,Sold,01/03/2026 10:26:09,,https://images1.vinted.net/t/06_01a90_vXeVT9PWHY8i2dkHDCLzuXGo/310x430/1772354689.webp?s=75c90490b9b4e620b9183bdfdf72697e9560e4d9,12,1,ps4 ps5 tales of berseria en tres bon etat sur playstation 4 et 5,no brand,,False,no brand__toks__ps4-ps5,ps4 ps5 tales of berseria en tres bon etat sur playstation 4 et 5 | no brand | 0,66,,0,69,11.2,0.0,,6
Manette PS4,21.7,PlayStation,0,https://www.vinted.it/items/8280458538-manette-ps4?referrer=catalog,2,8280458538,Sold,01/03/2026 10:26:09,,https://images1.vinted.net/t/05_003e4_ZvKehAVWkQYAccixGW6Zb6pU/310x430/1772288225.webp?s=55f41276a8d58fdf6d0f37963dff02a984d07c07,12,1,manette ps4,playstation,,False,playstation__toks__manette-ps4,manette ps4 | playstation | 0,81,,0,84,21.7,0.0,,6
SteelBook Sekiro Shadows Die Twice,26.95,SteelBook,0,https://www.vinted.it/items/8273671941-steelbook-sekiro-shadows-die-twice?referrer=catalog,1,8273671941,Sold,27/02/2026 17:01:39,,https://images1.vinted.net/t/01_0256b_sLe8Tr18uuMuP5rUCFB4S5ro/310x430/1772207694.webp?s=032053886cfaa0cc217ac73b6d6c30c4c0bb5f12,6,1,steelbook sekiro shadows die twice,steelbook,,False,steelbook__toks__steelbook-sekiro,steelbook sekiro shadows die twice | steelbook | 0,90,,0,93,26.95,0.0,,7
The last of us PS4 Blister,11.2,No brand,0,https://www.vinted.it/items/8271566516-the-last-of-us-ps4-blister?referrer=catalog,12,8271566516,Sold,28/02/2026 02:17:26,,https://images1.vinted.net/t/05_005fe_RVranYtCqUQLAa1VW62Ute2t/310x430/r2/1772192446.webp?s=979302a2d7ebc14523f56c9eba6dc4f334899714,3,10,the last of us ps4 blister,no brand,,False,no brand__toks__the-last,the last of us ps4 blister | no brand | 0,74,,0,77,11.2,0.0,,4
Manette PS4,21.7,PlayStation,0,https://www.vinted.it/items/8280458538-manette-ps4?referrer=catalog,2,8280458538,Sold,01/03/2026 10:26:09,,https://images1.vinted.net/t/05_003e4_ZvKehAVWkQYAccixGW6Zb6pU/310x430/1772288225.webp?s=55f41276a8d58fdf6d0f37963dff02a984d07c07,12,1,manette ps4,playstation,,False,playstation__toks__manette-ps4,manette ps4 | playstation | 0,81,,0,84,21.7,0.0,,6
Manette PS4,21.7,PlayStation,0,https://www.vinted.it/items/8280458538-manette-ps4?referrer=catalog,2,8280458538,Sold,01/03/2026 10:26:09,,https://images1.vinted.net/t/05_003e4_ZvKehAVWkQYAccixGW6Zb6pU/310x430/1772288225.webp?s=55f41276a8d58fdf6d0f37963dff02a984d07c07,12,1,manette ps4,playstation,,False,playstation__toks__manette-ps4,manette ps4 | playstation | 0,81,,0,84,21.7,0.0,,6
Manette PS4,21.7,PlayStation,0,https://www.vinted.it/items/8280458538-manette-ps4?referrer=catalog,2,8280458538,Sold,01/03/2026 10:26:09,,https://images1.vinted.net/t/05_003e4_ZvKehAVWkQYAccixGW6Zb6pU/310x430/1772288225.webp?s=55f41276a8d58fdf6d0f37963dff02a984d07c07,12,1,manette ps4,playstation,,False,playstation__toks__manette-ps4,manette ps4 | playstation | 0,81,,0,84,21.7,0.0,,6
Manette PS4,21.7,PlayStation,0,https://www.vinted.it/items/8280458538-manette-ps4?referrer=catalog,2,8280458538,Sold,01/03/2026 10:26:09,,https://images1.vinted.net/t/05_003e4_ZvKehAVWkQYAccixGW6Zb6pU/310x430/1772288225.webp?s=55f41276a8d58fdf6d0f37963dff02a984d07c07,12,1,manette ps4,playstation,,False,playstation__toks__manette-ps4,manette ps4 | playstation | 0,81,,0,84,21.7,0.0,,6
Manette PS4,21.7,PlayStation,0,https://www.vinted.it/items/8280458538-manette-ps4?referrer=catalog,2,8280458538,Sold,01/03/2026 10:26:09,,https://images1.vinted.net/t/05_003e4_ZvKehAVWkQYAccixGW6Zb6pU/310x430/1772288225.webp?s=55f41276a8d58fdf6d0f37963dff02a984d07c07,12,1,manette ps4,playstation,,False,playstation__toks__manette-ps4,manette ps4 | playstation | 0,81,,0,84,21.7,0.0,,6
SteelBook Sekiro Shadows Die Twice,26.95,SteelBook,0,https://www.vinted.it/items/8273671941-steelbook-sekiro-shadows-die-twice?referrer=catalog,1,8273671941,Sold,27/02/2026 17:01:39,,https://images1.vinted.net/t/01_0256b_sLe8Tr18uuMuP5rUCFB4S5ro/310x430/1772207694.webp?s=032053886cfaa0cc217ac73b6d6c30c4c0bb5f12,6,1,steelbook sekiro shadows die twice,steelbook,,False,steelbook__toks__steelbook-sekiro,steelbook sekiro shadows die twice | steelbook | 0,90,,0,93,26.95,0.0,,7
SteelBook Sekiro Shadows Die Twice,26.95,SteelBook,0,https://www.vinted.it/items/8273671941-steelbook-sekiro-shadows-die-twice?referrer=catalog,1,8273671941,Sold,27/02/2026 17:01:39,,https://images1.vinted.net/t/01_0256b_sLe8Tr18uuMuP5rUCFB4S5ro/310x430/1772207694.webp?s=032053886cfaa0cc217ac73b6d6c30c4c0bb5f12,6,1,steelbook sekiro shadows die twice,steelbook,,False,steelbook__toks__steelbook-sekiro,steelbook sekiro shadows die twice | steelbook | 0,90,,0,93,26.95,0.0,,7
SteelBook Sekiro Shadows Die Twice,26.95,SteelBook,0,https://www.vinted.it/items/8273671941-steelbook-sekiro-shadows-die-twice?referrer=catalog,1,8273671941,Sold,27/02/2026 17:01:39,,https://images1.vinted.net/t/01_0256b_sLe8Tr18uuMuP5rUCFB4S5ro/310x430/1772207694.webp?s=032053886cfaa0cc217ac73b6d6c30c4c0bb5f12,6,1,steelbook sekiro shadows die twice,steelbook,,False,steelbook__toks__steelbook-sekiro,steelbook sekiro shadows die twice | steelbook | 0,90,,0,93,26.95,0.0,,7
SteelBook Sekiro Shadows Die Twice,26.95,SteelBook,0,https://www.vinted.it/items/8273671941-steelbook-sekiro-shadows-die-twice?referrer=catalog,1,8273671941,Sold,27/02/2026 17:01:39,,https://images1.vinted.net/t/01_0256b_sLe8Tr18uuMuP5rUCFB4S5ro/310x430/1772207694.webp?s=032053886cfaa0cc217ac73b6d6c30c4c0bb5f12,6,1,steelbook sekiro shadows die twice,steelbook,,False,steelbook__toks__steelbook-sekiro,steelbook sekiro shadows die twice | steelbook | 0,90,,0,93,26.95,0.0,,7
SteelBook Sekiro Shadows Die Twice,26.95,SteelBook,0,https://www.vinted.it/items/8273671941-steelbook-sekiro-shadows-die-twice?referrer=catalog,1,8273671941,Sold,27/02/2026 17:01:39,,https://images1.vinted.net/t/01_0256b_sLe8Tr18uuMuP5rUCFB4S5ro/310x430/1772207694.webp?s=032053886cfaa0cc217ac73b6d6c30c4c0bb5f12,6,1,steelbook sekiro shadows die twice,steelbook,,False,steelbook__toks__steelbook-sekiro,steelbook sekiro shadows die twice | steelbook | 0,90,,0,93,26.95,0.0,,7
SteelBook Sekiro Shadows Die Twice,26.95,SteelBook,0,https://www.vinted.it/items/8273671941-steelbook-sekiro-shadows-die-twice?referrer=catalog,1,8273671941,Sold,27/02/2026 17:01:39,,https://images1.vinted.net/t/01_0256b_sLe8Tr18uuMuP5rUCFB4S5ro/310x430/1772207694.webp?s=032053886cfaa0cc217ac73b6d6c30c4c0bb5f12,6,1,steelbook sekiro shadows die twice,steelbook,,False,steelbook__toks__steelbook-sekiro,steelbook sekiro shadows die twice | steelbook | 0,90,,0,93,26.95,0.0,,7
Gta 5,8.58,No brand,0,https://www.vinted.it/items/8287707332-gta-5?referrer=catalog,2,8287707332,Sold,01/03/2026 13:39:07,,https://images1.vinted.net/t/01_00d8e_xX2khNGGXRYYSmFzbF3xseDM/310x430/1772366951.webp?s=5aa88d020ad5b8265fa0eb9c631117ca42439821,3,1,gta 5,no brand,,False,no brand__toks__gta,gta 5 | no brand | 0,33,,0,36,8.58,-10.0,,5
Gta 5,8.58,No brand,0,https://www.vinted.it/items/8287707332-gta-5?referrer=catalog,2,8287707332,Sold,01/03/2026 13:39:07,,https://images1.vinted.net/t/01_00d8e_xX2khNGGXRYYSmFzbF3xseDM/310x430/1772366951.webp?s=5aa88d020ad5b8265fa0eb9c631117ca42439821,3,1,gta 5,no brand,,False,no brand__toks__gta,gta 5 | no brand | 0,33,,0,36,8.58,-10.0,,5
