ProductId,n,VariantsFound,VariantSilhouette
4,4,1,
7,5,1,
15,4,1,
17,5,1,
23,5,1,
28,5,1,
30,4,1,
33,4,1,
34,5,1,
39,9,3,0.8888887763023376
44,5,1,
45,5,1,
52,4,1,
53,5,1,
54,4,1,
64,4,1,
68,4,2,0.9999998807907104
79,6,1,
80,6,2,0.8333333134651184
81,5,1,
85,4,1,
88,4,1,
91,4,1,
96,16,5,0.758285403251648
99,5,3,0.7999998331069946
100,5,1,
104,4,1,
110,5,1,
125,4,2,0.9999998807907104
129,12,2,0.9669201970100403
131,4,1,
132,15,3,0.9999995827674866
140,5,1,
143,5,1,
144,4,1,
146,5,1,
148,5,1,
150,4,1,
159,4,1,
162,5,1,
169,6,1,
176,5,1,
177,5,1,
178,5,1,
179,4,1,
187,5,1,
213,5,1,
220,4,1,
223,6,2,0.919240415096283
224,5,1,
225,4,1,
233,4,1,
234,6,2,1.0
236,4,1,
240,7,1,
243,5,1,
247,10,1,
248,6,1,
252,4,1,
253,9,1,
257,5,1,
264,7,2,0.9999996423721313
268,5,2,0.800000011920929
273,4,1,
274,4,1,
279,5,1,
280,4,1,
281,44,10,0.7230691313743591
283,5,2,0.7999998927116394
285,4,1,
287,4,1,
288,13,4,0.8221641778945923
297,5,1,
300,5,1,
307,5,1,
308,5,1,
310,5,1,
315,4,1,
319,5,1,
321,4,1,
324,4,1,
327,7,3,0.5610341429710388
328,7,2,0.8328229784965515
331,4,1,
336,5,1,
337,4,1,
338,8,1,
341,8,1,
344,5,1,
345,5,1,
349,5,1,
352,5,1,
353,5,1,
360,6,2,0.8333333134651184
361,5,2,0.800000011920929
362,5,1,
363,8,1,
367,6,1,
368,6,1,
371,5,1,
374,4,1,
377,5,1,
379,5,1,
384,6,4,0.6666665077209473
387,8,1,
391,12,1,
394,4,1,
402,5,2,0.9999995231628418
403,4,1,
404,5,1,
405,4,1,
409,6,2,0.49855852127075195
410,13,5,0.38177475333213806
416,5,1,
418,5,1,
423,28,2,0.9999998807907104
425,7,1,
427,6,2,0.8333333134651184
436,4,2,1.0
437,4,1,
438,8,2,0.8661802411079407
445,16,4,0.7026265859603882
446,24,6,0.7782585024833679
447,4,1,
449,4,1,
451,4,1,
453,4,1,
455,4,1,
456,57,8,0.6472272872924805
464,56,9,0.7293494343757629
465,5,3,0.5999996066093445
467,5,1,
474,105,9,0.6460744738578796
475,5,2,0.800000011920929
477,4,1,
483,5,1,
485,13,3,0.9682396650314331
487,5,2,0.9999997019767761
488,6,2,0.9281787872314453
489,95,7,0.5785384178161621
490,5,1,
491,5,1,
493,97,9,0.6498885154724121
495,5,1,
498,7,1,
504,9,3,0.7389782667160034
505,4,1,
508,12,3,1.0
509,5,1,
510,4,1,
511,5,1,
513,11,3,0.9711515307426453
514,11,2,0.7537345886230469
516,6,3,0.6368283629417419
518,10,3,0.6583226919174194
519,7,2,0.8850052952766418
521,8,3,0.7868223190307617
523,16,3,0.7884616851806641
524,5,1,
528,20,6,0.9033118486404419
530,26,6,0.7999810576438904
534,5,1,
535,13,4,0.8982533812522888
536,7,3,0.8571427464485168
537,26,2,0.9819174408912659
539,4,2,0.75
540,7,2,0.9999997019767761
541,7,3,0.9999997019767761
547,6,3,0.6666666865348816
550,14,5,0.6873337030410767
551,22,5,0.8134046196937561
555,150,7,0.7032688856124878
556,7,2,0.9207455515861511
563,5,1,
565,129,6,0.6476245522499084
566,8,3,0.3312143087387085
569,22,6,0.871326208114624
570,4,1,
571,78,10,0.6451972723007202
572,50,4,0.6172286868095398
574,6,1,
576,39,6,0.6098284125328064
582,33,4,0.6882203221321106
585,8,1,
586,7,1,
587,4,1,
589,4,1,
591,5,2,1.0
597,10,3,0.6599627733230591
598,12,1,
599,18,3,0.8308126330375671
601,4,1,
602,24,4,0.7994754910469055
610,41,8,0.5987537503242493
615,29,3,0.5953882932662964
617,25,4,0.7635353207588196
622,5,1,
623,17,3,0.7485637664794922
624,4,1,
625,8,2,0.9293311238288879
626,4,1,
627,11,4,0.9090902209281921
628,11,2,0.9065523743629456
629,6,2,0.8157439827919006
632,4,1,
637,5,1,
640,6,1,
643,5,1,
644,5,1,
650,5,1,
656,4,1,
657,4,1,
660,14,1,
663,8,1,
664,4,1,
665,5,1,
666,7,1,
670,10,3,0.7628347277641296
671,4,1,
675,5,1,
676,9,1,
677,4,2,0.75
679,4,1,
685,4,1,
686,4,1,
690,4,1,
691,4,1,
693,6,2,0.8333333134651184
696,5,2,0.7493608593940735
697,4,1,
703,4,1,
704,16,4,0.542634129524231
706,6,2,0.9999997019767761
707,23,6,0.9307184815406799
708,208,21,0.6406030058860779
710,5,1,
715,55,14,0.7743822336196899
716,5,1,
717,14,5,0.9083709716796875
718,4,1,
720,5,2,0.9999995231628418
721,16,2,0.9862837791442871
723,14,4,0.752834141254425
724,5,1,
727,6,3,0.6666666865348816
729,5,1,
732,13,2,0.9076845645904541
736,4,1,
740,10,5,0.6031086444854736
749,8,2,0.9999997615814209
750,25,4,0.6656906008720398
751,4,1,
753,5,1,
762,7,1,
764,60,2,0.6417686939239502
765,5,1,
766,5,2,0.6782342791557312
767,4,2,0.5248192548751831
769,4,1,
771,18,3,0.7197593450546265
772,5,2,0.9016448259353638
773,4,1,
783,4,1,
798,10,3,0.8999994993209839
800,9,1,
801,4,1,
803,10,3,0.8319083452224731
804,6,2,0.8001719117164612
811,4,2,0.9999998807907104
812,4,1,
820,5,1,
826,19,2,0.8552820086479187
829,18,1,
830,7,1,
831,4,1,
832,6,2,0.8333333134651184
835,5,1,
836,10,1,
844,4,1,
851,8,1,
854,5,1,
856,6,2,0.9999997615814209
858,6,2,0.8333333134651184
871,5,2,0.7999998331069946
872,5,2,0.8351153135299683
877,10,1,
879,146,12,0.7400243282318115
880,207,18,0.5657257437705994
881,142,10,0.4839898645877838
882,6,3,0.7363408207893372
883,5,1,
884,11,2,0.7466781139373779
885,5,3,0.6000000238418579
890,4,1,
891,7,1,
892,4,2,0.75
895,4,1,
896,5,1,
903,9,2,0.8421752452850342
904,4,2,0.75
905,6,2,0.8333333134651184
907,5,1,
910,4,1,
913,4,1,
917,4,1,
922,4,2,0.9939643144607544
923,4,3,0.5
924,7,2,0.9999997019767761
928,5,2,0.9999996423721313
932,4,1,
933,5,1,
934,5,1,
935,5,1,
936,11,4,0.9999999403953552
938,4,1,
952,4,1,
953,4,2,0.75
954,7,1,
956,5,1,
958,8,2,1.0
959,5,1,
960,4,1,
963,7,1,
966,24,3,0.9583325386047363
969,4,1,
970,9,1,
980,4,1,
982,4,1,
985,4,1,
997,5,1,
998,44,7,0.6627622246742249
999,5,2,0.9581995010375977
1003,6,3,0.8246209621429443
1004,4,1,
1005,5,1,
1006,6,1,
1008,7,2,0.9999995827674866
1009,4,1,
1012,5,2,0.800000011920929
1021,5,1,
1025,4,2,0.75
1028,4,1,
1031,53,8,0.6269928812980652
1034,5,2,1.0
1039,4,1,
1042,14,5,0.904499351978302
1043,4,1,
1044,5,2,0.8809106945991516
1046,5,1,
1047,5,1,
1050,6,2,0.8567912578582764
1051,6,2,0.9999998211860657
1053,18,8,0.5915628671646118
1054,4,3,0.5
1059,4,1,
1062,12,3,0.9401184916496277
1063,6,1,
1065,4,1,
1069,4,1,
1071,5,3,0.7999998927116394
1074,4,1,
1075,5,1,
1076,33,2,0.9105290770530701
1080,6,2,0.8333333134651184
1081,5,1,
1083,4,1,
1084,25,6,0.5780113935470581
1088,4,1,
1089,5,1,
1091,34,2,0.8608987927436829
1093,10,3,0.9999998211860657
1094,12,2,0.9988017082214355
1095,12,2,0.9858196377754211
1097,21,5,0.7087132334709167
1098,8,1,
1099,4,1,
1100,5,1,
1102,10,2,0.9673434495925903
1105,5,1,
1107,7,1,
1108,5,1,
1112,6,3,0.530136227607727
1114,11,2,0.9710634350776672
1115,5,1,
1117,4,1,
1119,4,1,
1123,5,1,
1128,4,2,1.0
1134,5,2,0.800000011920929
1138,4,1,
1140,17,1,
1141,4,2,0.75
1142,7,2,0.8075536489486694
1149,5,1,
1151,5,1,
1152,9,3,0.7904103994369507
1153,4,1,
1162,11,1,
1167,74,10,0.7749872803688049
1169,20,8,0.7419877648353577
1172,8,2,1.0
1173,16,3,0.9109801054000854
1176,18,4,0.708043098449707
1181,18,4,0.7341834306716919
1186,5,1,
1190,5,1,
1197,4,1,
1198,8,1,
1199,4,1,
1203,31,6,0.9084659218788147
1205,6,1,
1213,9,2,1.0
1215,12,1,
1216,40,1,
1227,13,1,
1232,4,1,
1233,5,1,
1234,15,1,
1238,17,4,0.8157269358634949
1241,70,11,0.757451593875885
1242,7,2,0.9999998807907104
1243,4,1,
1249,11,2,0.8938945531845093
1254,5,1,
1255,7,2,0.8465574383735657
1256,19,3,0.8349123597145081
1259,4,1,
1265,5,1,
1268,6,1,
1269,4,1,
1277,6,2,0.9999997615814209
1279,4,1,
1280,4,1,
1283,105,14,0.5848296284675598
1284,5,1,
1288,4,1,
1293,5,1,
1297,14,5,0.8680092692375183
1305,5,1,
1308,5,1,
1310,6,2,0.9999999403953552
1312,5,1,
1314,4,1,
1316,9,1,
1320,4,1,
1321,4,1,
1325,4,1,
1326,5,1,
1331,46,8,0.8699182271957397
1332,21,5,0.8212478160858154
1340,5,1,
1344,25,5,0.7739939093589783
1346,4,1,
1347,25,3,0.8480573892593384
1348,4,1,
1349,4,1,
1350,6,2,0.9918065071105957
1351,123,12,0.6715289950370789
1352,4,1,
1353,4,1,
1357,8,1,
1359,6,2,1.0
1360,18,2,0.9365177154541016
1362,6,3,0.8333331942558289
1363,4,1,
1376,8,1,
1381,12,5,0.6824824810028076
1385,4,1,
1387,23,5,0.8309824466705322
1389,35,9,0.7464174628257751
1390,10,1,
1392,20,5,0.9122313261032104
1393,10,3,0.6941372752189636
1395,5,1,
1396,5,2,0.7999999523162842
1397,4,2,0.75
1398,149,25,0.6091388463973999
1410,4,1,
1412,7,3,0.8571427464485168
1418,168,12,0.632490873336792
1422,6,1,
1424,4,1,
1428,49,11,0.6790016889572144
1429,27,4,0.7554484605789185
1432,4,1,
1434,47,10,0.7741221785545349
1436,7,1,
1444,13,3,0.7892283201217651
1447,4,3,0.4999995529651642
1450,46,2,0.626060426235199
1451,5,1,
1452,5,1,
1453,5,1,
1455,4,2,0.75
1457,10,4,0.8858367800712585
1461,4,2,0.75
1464,10,1,
1466,12,3,0.6816652417182922
1467,4,1,
1470,34,2,0.7537533640861511
1472,24,3,0.8623454570770264
1473,7,3,0.68580561876297
1477,6,2,0.72450190782547
1479,4,2,0.6901629567146301
1480,5,1,
1482,5,1,
1485,5,1,
1487,5,1,
1490,5,1,
1491,4,1,
1492,13,5,0.8461538553237915
1497,7,1,
1501,4,1,
1502,5,2,0.7766872644424438
1503,5,2,0.7999998331069946
1507,5,1,
1508,4,1,
1509,4,1,
1511,5,1,
1517,12,2,0.8548681139945984
1518,5,1,
1520,8,2,0.8742051124572754
1522,65,4,0.90852290391922
1524,14,4,0.702097475528717
1526,8,4,0.7499996423721313
1528,15,2,0.9379721879959106
1529,30,5,0.8823912143707275
1533,4,1,
1534,111,8,0.7224444150924683
1536,5,1,
1546,6,1,
1550,5,1,
1551,10,2,0.8999999165534973
1559,4,1,
1570,4,2,0.75
1571,5,2,0.9967241287231445
1574,4,2,0.75
1575,24,5,0.685370922088623
1576,8,2,0.875
1580,4,1,
1582,6,2,0.8333333134651184
1585,8,2,0.8633896708488464
1587,5,1,
1589,5,1,
1593,6,1,
1595,5,1,
1597,4,1,
1600,5,1,
1603,9,2,1.0
1604,4,1,
1608,7,2,0.9999997019767761
1609,9,4,0.8888887166976929
1611,5,1,
1615,7,1,
1620,4,1,
1621,4,1,
1622,6,1,
1628,4,1,
1631,5,1,
1634,6,1,
1637,5,1,
1639,4,1,
1640,5,1,
1643,5,1,
1646,4,2,0.75
1647,8,2,0.9999998807907104
1648,27,7,0.8329201340675354
1650,4,1,
1652,5,1,
1654,304,51,0.7565210461616516
1656,9,3,0.8888888955116272
1659,28,5,0.7100422978401184
1660,12,3,1.0
1661,11,3,0.9983091354370117
1662,8,2,0.8736456036567688
1665,10,3,0.9999998807907104
1666,22,4,0.9577760696411133
1667,16,4,0.9999997019767761
1668,5,2,0.9798606634140015
1670,5,1,
1671,4,1,
1672,6,1,
1674,5,1,
1678,5,2,0.9362349510192871
1679,11,1,
1680,6,2,0.9999997019767761
1681,5,1,
1684,4,1,
1687,8,1,
1689,5,1,
1690,13,2,0.948451042175293
1694,8,2,0.8170312643051147
1700,4,2,0.9999996423721313
1701,7,2,0.999999463558197
1703,6,2,0.9893138408660889
1707,4,1,
1713,8,2,0.9654785990715027
1716,27,6,0.7983148097991943
1718,6,2,0.9999997019767761
1724,7,2,0.8778355717658997
1725,5,1,
1730,6,2,0.8333333134651184
1733,5,1,
1735,48,5,0.8102323412895203
1736,4,1,
1738,5,1,
1739,5,1,
1747,8,1,
1752,6,2,0.8176236152648926
1758,5,1,
1759,5,1,
1765,17,2,0.8529093861579895
1766,5,1,
1769,6,3,0.7545299530029297
1770,278,48,0.6632484197616577
1771,4,2,0.75
1774,12,5,0.5817998051643372
1775,9,3,0.9077021479606628
1778,6,1,
1779,9,1,
1787,5,1,
1789,6,1,
1792,9,2,0.8643563389778137
1795,4,2,0.75
1798,5,1,
1804,4,2,0.75
1806,70,9,0.8334280252456665
1808,16,6,0.7529648542404175
1818,4,1,
1820,5,1,
1824,5,1,
1825,5,1,
1826,5,1,
1832,5,1,
1835,17,4,0.9150187373161316
1849,4,3,0.5
1850,4,1,
1861,4,1,
1865,5,1,
1869,9,3,0.7693885564804077
1881,9,4,0.8185674548149109
1884,15,4,0.8942064046859741
1885,5,1,
1886,5,1,
1887,44,13,0.8390200138092041
1889,9,3,0.9803044199943542
1903,5,1,
1909,5,1,
1910,5,1,
1912,7,2,0.9999998211860657
1915,19,5,0.9209349751472473
1918,4,1,
1919,10,1,
1920,8,2,1.0
1922,8,4,0.8043129444122314
1923,13,4,0.812124490737915
1924,23,2,0.8251966238021851
1925,4,1,
1926,4,1,
1927,5,1,
1929,5,1,
1933,13,4,0.925543487071991
1934,8,2,0.9999996423721313
1935,5,1,
1936,5,2,0.800000011920929
1938,48,8,0.6351885199546814
1941,9,2,0.8888885974884033
1944,4,1,
1945,4,1,
1954,5,1,
1957,4,1,
1959,5,1,
1960,4,2,0.75
1961,4,1,
1964,9,3,0.8065775632858276
1965,15,4,0.6853762865066528
1972,8,2,0.9805539846420288
1973,20,4,0.7920610904693604
1976,29,3,0.6475217938423157
1977,6,1,
1979,8,2,0.9999997019767761
1981,4,2,0.75
1982,4,2,0.5856636762619019
1983,12,4,0.6273298859596252
1984,22,3,0.8267069458961487
1985,6,2,0.8333333134651184
1989,4,1,
1990,4,1,
1992,6,2,1.0
1993,4,1,
1995,7,5,0.4285711944103241
1996,21,5,0.804792046546936
1997,4,2,0.75
1998,5,1,
2003,4,1,
2004,19,5,0.711168110370636
2007,14,3,0.7918105721473694
2008,7,1,
2011,8,2,0.9999998807907104
2014,6,1,
2022,5,1,
2024,16,4,0.797791600227356
2025,9,2,0.7675551772117615
2026,5,2,0.800000011920929
2033,4,1,
2034,5,1,
2039,4,1,
2041,21,7,0.7844396233558655
2042,5,1,
2046,4,1,
2049,9,3,0.8887868523597717
2050,7,1,
2051,5,1,
2053,4,1,
2055,5,1,
2059,30,7,0.8837090730667114
2060,4,1,
2061,4,1,
2063,5,1,
2064,5,1,
2065,5,1,
2067,4,1,
2068,6,1,
2070,12,3,0.7387101650238037
2072,14,1,
2075,5,1,
2080,9,3,0.8407312035560608
2084,4,1,
2086,4,1,
2088,5,1,
2090,6,2,0.7317562103271484
2091,4,1,
2093,8,2,1.0
2095,33,1,
2097,55,5,0.8323675394058228
2103,15,2,0.9339364171028137
2105,5,1,
2106,12,6,0.5145886540412903
2109,9,2,0.9908027648925781
2110,5,1,
2115,5,4,0.4000000059604645
2117,8,1,
2119,4,1,
2123,11,6,0.590901792049408
2128,4,1,
2130,6,1,
2132,4,1,
2135,26,5,0.7828896045684814
2136,7,2,0.9999997019767761
2138,4,2,0.75
2139,8,3,0.735242486000061
2140,6,2,0.9999997019767761
2149,7,2,0.909856379032135
2150,9,3,0.9768857955932617
2153,8,4,0.6808732151985168
2158,37,5,0.7764653563499451
2159,10,4,0.899999737739563
2160,22,5,0.7506479620933533
2162,12,6,1.0
2165,7,2,1.0
2167,6,2,1.0
2168,5,1,
2171,5,1,
2173,15,5,0.5664451122283936
2175,5,1,
2176,6,1,
2180,9,2,0.9999997615814209
2182,12,4,0.9166663289070129
2184,5,1,
2185,6,2,0.8333333134651184
2190,4,1,
2193,5,1,
2194,4,1,
2195,5,1,
2203,12,4,0.8234876990318298
2204,4,1,
2206,4,1,
2207,4,1,
2208,4,1,
2209,9,3,0.9993021488189697
2211,5,1,
2212,5,1,
2219,4,1,
2220,18,4,0.8211009502410889
2221,7,1,
2222,18,3,0.8313148617744446
2224,8,2,1.0
2225,10,3,0.8415353894233704
2226,12,3,0.9142823219299316
2227,9,3,0.6819954514503479
2228,11,3,0.8131580352783203
2234,5,1,
2235,4,1,
2236,38,7,0.535207986831665
2237,7,3,0.8073240518569946
2238,17,3,0.8375760316848755
2242,5,1,
2244,4,1,
2245,5,1,
2248,6,2,0.9999995231628418
2249,5,1,
2250,4,1,
2252,4,1,
2253,4,1,
2254,4,1,
2256,4,1,
2257,4,1,
2260,5,1,
2263,4,1,
2266,10,2,0.9657758474349976
2268,11,1,
2270,5,3,0.7999993562698364
2271,11,3,0.8225331902503967
2272,4,2,0.75
2275,7,2,1.0
2278,26,5,0.8926894664764404
2279,13,4,0.7473731637001038
2289,9,2,0.9774519801139832
2290,5,1,
2291,13,2,0.5026940107345581
2293,4,1,
2295,6,2,0.8167014122009277
2296,4,1,
2297,6,2,0.9999997019767761
2301,5,1,
2302,4,1,
2304,9,3,0.8888886570930481
2309,10,2,0.9667884707450867
2311,6,1,
2312,11,2,0.9909566640853882
2313,8,2,0.9907148480415344
2315,4,1,
2319,4,1,
2321,4,1,
2324,6,2,0.9999995231628418
2325,5,1,
2326,8,2,0.9770148396492004
2327,5,1,
2330,4,2,0.75
2333,5,1,
2336,4,1,
2338,6,3,0.8333330750465393
2341,6,2,0.9680870175361633
2342,4,2,0.7499995827674866
2346,4,1,
2348,10,1,
2349,5,2,0.800000011920929
2352,7,2,0.8571428656578064
2353,9,3,0.859360933303833
2357,5,1,
2359,5,1,
2360,5,1,
2361,5,1,
2362,4,1,
2363,5,1,
2370,5,1,
2373,4,1,
2379,5,1,
2381,5,1,
2384,13,3,0.9189817905426025
2386,4,1,
2389,5,1,
2399,24,7,0.8742355704307556
2401,6,1,
2402,9,1,
2405,4,2,0.5291826725006104
2407,26,2,0.9358362555503845
2412,4,1,
2413,4,1,
2418,4,1,
2419,5,1,
2427,4,1,
2428,4,1,
2429,8,4,0.7499998211860657
2430,4,1,
2432,16,6,0.812499463558197
2435,7,1,
2438,8,1,
2452,5,1,
2454,4,1,
2455,13,2,0.8808233737945557
2457,5,1,
2460,11,2,0.861432671546936
2462,4,1,
2477,5,1,
2483,17,6,0.8823527097702026
2484,5,1,
2489,4,1,
2491,6,2,0.9999997019767761
2492,5,3,0.599999725818634
2497,4,1,
2500,13,3,0.9999998807907104
2502,4,1,
2503,40,9,0.7856389284133911
2504,20,2,0.9163517951965332
2506,4,1,
2511,7,2,0.9740289449691772
2512,5,1,
2514,8,3,0.8749998211860657
2524,8,2,1.0
2527,5,1,
2531,4,1,
2533,4,1,
2537,4,1,
2538,5,1,
2544,5,1,
2547,5,1,
2549,5,1,
2550,5,1,
2551,4,1,
2554,5,3,0.6000000238418579
2559,10,1,
2562,5,1,
2564,8,1,
2574,6,2,0.8333333134651184
2576,15,5,0.675733745098114
2577,37,8,0.7231890559196472
2582,5,1,
2585,4,1,
2586,4,1,
2593,5,2,0.7900052070617676
2597,6,1,
2601,5,1,
2603,5,1,
2608,4,1,
2609,10,1,
2613,4,1,
2614,4,1,
2617,4,4,
2619,4,1,
2621,4,1,
2622,5,1,
2625,11,2,0.9749707579612732
2627,4,1,
2628,7,2,0.9771227836608887
2629,32,4,0.7584346532821655
2632,4,1,
2633,5,1,
2635,5,2,0.9999998211860657
2640,5,1,
2641,4,1,
2643,13,3,0.9008156061172485
2645,21,7,0.729864776134491
2647,4,1,
2650,5,2,0.6452252268791199
2651,4,1,
2655,22,4,0.9222002625465393
2657,5,1,
2659,124,13,0.6961264610290527
2662,6,2,0.9999998211860657
2666,5,1,
2671,4,1,
2672,146,22,0.6579774022102356
2673,5,2,0.7999998927116394
2675,5,2,0.9999998807907104
2677,5,1,
2679,5,1,
2680,5,1,
2682,4,1,
2684,5,1,
2685,5,1,
2686,4,3,0.4675699770450592
2687,4,2,0.75
2689,4,1,
2692,10,4,0.7999998927116394
2693,26,5,0.9971973896026611
2694,4,1,
2699,6,2,0.8333333134651184
2702,18,3,0.7130254507064819
2708,5,1,
2709,4,2,0.75
2710,9,3,0.92662113904953
2711,8,3,0.8749998211860657
2712,10,1,
2719,4,2,0.9999998807907104
2723,13,1,
2726,4,1,
2728,6,3,0.8333325386047363
2734,11,2,0.9691286683082581
2735,4,1,
2742,20,6,0.8823598623275757
2750,4,1,
2753,7,1,
2757,15,2,0.8596628904342651
2760,4,1,
2762,4,1,
2764,4,1,
2768,4,1,
2770,4,1,
2774,12,4,0.8333332538604736
2775,5,1,
2777,5,1,
2779,5,2,1.0
2781,6,2,0.9999997615814209
2785,5,1,
2792,6,4,0.5390178561210632
2793,4,1,
2796,6,1,
2797,5,1,
2799,7,1,
2800,5,2,0.9999997019767761
2806,4,1,
2808,5,1,
2810,4,2,0.75
2812,4,1,
2813,9,3,0.9999997019767761
2814,12,1,
2820,73,8,0.6370847225189209
2822,13,2,0.7223796844482422
2825,9,1,
2826,11,3,0.899260938167572
2830,21,2,0.747758686542511
2837,4,1,
2838,4,1,
2841,5,1,
2842,7,2,0.9999993443489075
2846,9,1,
2847,7,2,1.0
2851,7,1,
2853,81,12,0.608856737613678
2856,7,3,0.8571428656578064
2858,4,2,0.9999997615814209
2864,4,1,
2865,4,1,
2868,5,1,
2869,8,1,
2873,11,1,
2876,16,6,0.8749995231628418
2878,8,3,1.0
2887,5,2,0.7301015853881836
2893,7,2,0.9999999403953552
2896,4,1,
2897,5,1,
2900,5,1,
2902,5,1,
2908,4,1,
2909,8,5,0.6249996423721313
2911,4,1,
2912,5,2,0.9270992279052734
2913,7,2,0.9223476648330688
2914,5,1,
2915,5,2,0.7999998331069946
2916,4,1,
2918,4,1,
2919,5,1,
2922,5,1,
2924,9,3,0.8888886570930481
2925,14,1,
2927,15,2,0.6813883185386658
2930,4,1,
2939,5,2,0.800000011920929
2941,4,1,
2949,81,8,0.6718853116035461
2950,25,2,0.7965648770332336
2952,4,1,
2955,6,2,0.8333330154418945
2956,22,5,0.8403888940811157
2960,22,5,0.7686224579811096
2965,16,3,0.8259949088096619
2974,69,11,0.6915332674980164
2975,56,5,0.6880555748939514
2976,62,9,0.5520159602165222
2977,5,1,
2978,10,5,0.6944562792778015
2980,7,2,0.9999995231628418
2981,4,1,
2984,10,3,0.7495149374008179
2987,6,1,
2991,11,1,
2992,6,2,0.9999997615814209
2994,17,5,0.9221007823944092
2995,5,1,
2997,9,3,0.8888884782791138
3001,4,1,
3004,5,1,
3005,14,3,0.8922737240791321
3008,7,3,0.8553751707077026
3009,20,7,0.6134474873542786
3010,4,2,0.75
3016,5,1,
3017,4,1,
3019,5,1,
3022,5,1,
3024,5,1,
3025,5,1,
3027,25,6,0.8362424373626709
3028,20,6,0.6887555718421936
3031,4,1,
3034,38,4,0.7048954963684082
3039,10,2,0.9289941787719727
3041,7,3,0.7262601256370544
3046,5,2,0.800000011920929
3050,5,2,0.9996803402900696
3051,7,2,0.8380166292190552
3053,4,1,
3054,5,1,
3058,4,1,
3059,4,1,
3060,4,2,0.75
3061,4,1,
3068,4,1,
3069,5,1,
3075,5,1,
3077,5,1,
3078,7,2,0.7002311944961548
3080,17,1,
3082,9,2,0.9309790134429932
3084,6,1,
3088,55,2,0.6035822033882141
3089,4,1,
3090,6,2,0.8643853664398193
3091,7,1,
3094,7,2,0.8919070959091187
3095,14,2,0.886626124382019
3098,5,1,
3102,34,6,0.8569791913032532
3103,4,1,
3105,48,6,0.7250263690948486
3106,5,3,0.599999725818634
3107,9,3,0.7841499447822571
3110,5,1,
3114,8,2,0.9999998211860657
3115,19,2,0.7449991703033447
3116,4,1,
3117,4,1,
3119,18,3,0.7958908677101135
3124,7,2,0.8720799088478088
3128,4,1,
3132,4,1,
3134,4,1,
3137,6,3,0.6666663885116577
3138,19,3,0.543747067451477
3139,4,1,
3157,6,2,0.8333333134651184
3158,4,2,1.0
3175,6,2,0.8333333134651184
3176,9,2,1.0
3178,5,1,
3179,6,1,
3182,10,1,
3183,13,1,
3194,4,2,0.75
3199,5,1,
3204,11,1,
3205,10,2,0.9536949396133423
3206,4,1,
3209,5,1,
3210,5,1,
3213,5,1,
3214,7,3,0.7739042043685913
3222,106,9,0.7130932211875916
3224,4,1,
3225,9,1,
3226,4,2,0.75
3237,5,1,
3243,7,3,0.6685748100280762
3245,5,2,0.7999999523162842
3246,8,2,0.9999997019767761
3248,5,1,
3253,4,1,
3261,4,1,
3263,6,1,
3266,9,3,0.8888887166976929
3271,6,2,0.963495671749115
3273,9,2,0.9576506018638611
3279,5,1,
3289,5,1,
3290,7,1,
3295,5,1,
3308,4,1,
3310,5,1,
3312,4,1,
3313,5,1,
3316,4,1,
3319,4,1,
3322,4,1,
3336,6,3,0.8295937180519104
3342,4,2,0.9852374792098999
3346,6,2,0.8333333134651184
3360,4,1,
3361,45,1,
3364,7,6,0.1662972867488861
3373,11,9,0.27272704243659973
3384,5,1,
3400,5,1,
3407,6,3,0.8333331942558289
3409,9,5,0.5512449145317078
3411,8,3,0.870699405670166
3414,5,1,
3416,6,1,
3419,6,1,
3425,8,1,
3428,5,1,
3430,4,1,
3431,4,2,0.6622692942619324
3432,6,2,1.0
3433,4,1,
3438,5,1,
3439,14,3,0.917207658290863
3446,5,1,
3450,8,3,0.8749998211860657
3453,5,1,
3457,4,2,0.73036128282547
3458,17,7,0.5806527137756348
3463,4,2,0.9999987483024597
3473,5,1,
3476,5,1,
3477,10,1,
3482,4,1,
3484,4,1,
3488,6,2,0.8333333134651184
3492,4,1,
3494,4,1,
3495,4,1,
3504,4,1,
3508,5,1,
3512,4,1,
3517,7,1,
3520,4,1,
3526,6,1,
3527,4,1,
3528,5,1,
3531,5,1,
3532,4,1,
3537,13,5,0.706598162651062
3539,9,2,0.9999998807907104
3545,5,1,
3547,8,2,0.8084173202514648
3549,32,6,0.7033563852310181
3550,4,1,
3553,5,1,
3561,4,1,
3562,5,1,
3564,4,2,0.5017920732498169
3567,5,1,
3572,5,1,
3575,31,4,0.6544572114944458
3578,268,2,0.6610183119773865
3580,6,2,0.7107024788856506
3583,12,5,0.41583728790283203
3590,7,4,0.5077505707740784
3592,24,10,0.37019315361976624
3594,4,2,0.9116857051849365
3598,4,1,
3613,4,1,
3620,52,9,0.5557104349136353
3621,7,5,0.2396269291639328
3626,88,24,0.5039747953414917
3643,9,1,
3644,5,1,
3646,5,1,
3664,4,1,
3666,6,1,
3668,4,1,
3669,7,1,
3686,4,1,
3692,4,1,
3693,5,1,
3696,7,1,
3698,6,2,1.0
3701,16,4,0.8559457063674927
3707,31,9,0.7455662488937378
3712,6,2,0.9999992847442627
3713,5,1,
3717,4,1,
3718,4,1,
3722,4,1,
3739,5,1,
3744,4,1,
3753,8,2,1.0
3756,4,1,
3766,5,1,
3777,7,2,0.9999997019767761
3781,10,3,0.8999999761581421
3783,6,3,0.6666666865348816
3786,5,1,
3787,6,1,
3788,5,2,0.9999998807907104
3794,5,2,0.800000011920929
3795,4,2,0.7499997615814209
3796,6,2,1.0
3797,4,2,0.75
3799,12,3,0.7855269908905029
3800,4,1,
3801,5,1,
3804,4,1,
3810,4,1,
3811,4,1,
3812,5,1,
3813,4,1,
3818,4,1,
3819,4,1,
3820,4,1,
3821,4,1,
3824,4,1,
3830,5,1,
3834,5,1,
3835,5,1,
3840,9,3,0.8888888359069824
3844,17,2,0.7125997543334961
3845,16,1,
3851,5,1,
3862,4,1,
3868,4,1,
3877,4,1,
3878,25,3,0.9999998211860657
3884,5,1,
3885,5,1,
3886,4,1,
3891,5,1,
3892,4,1,
3894,4,1,
3895,4,1,
3898,5,1,
3899,5,1,
3900,5,1,
3908,4,1,
3914,6,1,
3916,16,6,0.9999996423721313
3917,4,1,
3918,6,2,1.0
3920,11,5,0.8181818127632141
3923,4,1,
3924,4,1,
3928,4,1,
3946,5,4,0.12998679280281067
3947,5,1,
3949,5,1,
3956,4,1,
3959,10,1,
3961,4,1,
3969,17,5,0.8854680061340332
3976,4,1,
3977,5,1,
3982,4,1,
3983,4,1,
3984,8,2,0.9993383884429932
3987,4,1,
3988,4,1,
3992,17,1,
4001,22,8,0.53690105676651
4006,5,1,
4009,4,1,
4011,10,1,
4014,14,1,
4016,57,2,0.7579076290130615
4017,4,4,
4022,4,2,0.5410283803939819
4030,5,1,
4036,9,4,0.49236902594566345
4037,9,4,0.5617135167121887
4039,5,1,
4040,30,12,0.5298854112625122
4042,8,1,
4056,5,3,0.6000000238418579
4068,4,1,
4070,4,1,
4074,4,1,
4075,6,2,0.9171586036682129
4076,12,3,0.6179394721984863
4085,6,4,0.5
4092,7,1,
4096,5,1,
4099,4,1,
4100,4,1,
4108,7,1,
4110,4,1,
4111,4,1,
4112,4,1,
4119,4,1,
4121,4,1,
4131,5,1,
4135,5,1,
4136,4,1,
4137,4,1,
4148,4,1,
4152,4,1,
4153,4,1,
4156,4,3,0.35225892066955566
4157,6,2,0.8864348530769348
4158,6,2,0.8149271011352539
4160,4,1,
4165,4,1,
4167,4,1,
4169,5,1,
4174,5,1,
4181,5,1,
4185,5,1,
4186,4,1,
4190,7,2,0.9999997019767761
4200,5,1,
4201,5,1,
4205,5,1,
4209,9,1,
4213,5,1,
4224,4,1,
4226,4,1,
4227,4,1,
4235,8,2,0.9999997019767761
