ProductId,Autotuned,n,VariantsFound,VariantSilhouette,Notes
49,True,14,6,0.47052186727523804,"{'n': 14, 'price_median': 189.6999969482422, 'price_mad': 36.75, 'spread_ratio_mad_over_median': 0.19372694038591304, 'title_uniformity': 0.4869047619047619, 'variant_empty_rate_initial': 0.07142857142857142, 'autotuned_core_frac': 0.78, 'autotuned_variant_threshold': 0.31, 'autotuned_price_weight': 0.45}"
50,True,7,6,0.05814081430435181,"{'n': 7, 'price_median': 231.6999969482422, 'price_mad': 31.500015258789062, 'spread_ratio_mad_over_median': 0.1359517292778628, 'title_uniformity': 0.45, 'variant_empty_rate_initial': 0.14285714285714285, 'autotuned_core_frac': 0.78, 'autotuned_variant_threshold': 0.33, 'autotuned_price_weight': 0.35}"
88,True,10,5,0.4040513038635254,"{'n': 10, 'price_median': 53.20000076293945, 'price_mad': 5.25, 'spread_ratio_mad_over_median': 0.09868420911108879, 'title_uniformity': 0.5435714285714285, 'variant_empty_rate_initial': 0.2, 'autotuned_core_frac': 0.7, 'autotuned_variant_threshold': 0.33, 'autotuned_price_weight': 0.35}"
519,True,6,5,0.314088374376297,"{'n': 6, 'price_median': 121.44999694824219, 'price_mad': 15.75, 'spread_ratio_mad_over_median': 0.1296830003767897, 'title_uniformity': 0.75, 'variant_empty_rate_initial': 0.3333333333333333, 'autotuned_core_frac': 0.7, 'autotuned_variant_threshold': 0.32, 'autotuned_price_weight': 0.44999999999999996}"
193,True,7,4,0.5437598824501038,"{'n': 7, 'price_median': 100.44999694824219, 'price_mad': 5.25, 'spread_ratio_mad_over_median': 0.05226480995021943, 'title_uniformity': 0.501360544217687, 'variant_empty_rate_initial': 0.0, 'autotuned_core_frac': 0.78, 'autotuned_variant_threshold': 0.36, 'autotuned_price_weight': 0.25}"
267,True,5,4,0.4000000059604645,"{'n': 5, 'price_median': 47.95000076293945, 'price_mad': 0.01000213623046875, 'spread_ratio_mad_over_median': 0.00020859512140403134, 'title_uniformity': 0.7342857142857143, 'variant_empty_rate_initial': 0.4, 'autotuned_core_frac': 0.7, 'autotuned_variant_threshold': 0.35, 'autotuned_price_weight': 0.35}"
401,True,5,4,0.29106253385543823,"{'n': 5, 'price_median': 63.70000076293945, 'price_mad': 21.0, 'spread_ratio_mad_over_median': 0.3296703257218446, 'title_uniformity': 0.5507142857142857, 'variant_empty_rate_initial': 0.0, 'autotuned_core_frac': 0.78, 'autotuned_variant_threshold': 0.3, 'autotuned_price_weight': 0.55}"
231,True,4,4,,"{'n': 4, 'price_median': 221.1999969482422, 'price_mad': 21.0, 'spread_ratio_mad_over_median': 0.09493671017054181, 'title_uniformity': 0.717032967032967, 'variant_empty_rate_initial': 0.0, 'autotuned_core_frac': 0.78, 'autotuned_variant_threshold': 0.33, 'autotuned_price_weight': 0.35}"
349,True,4,4,,"{'n': 4, 'price_median': 47.95000076293945, 'price_mad': 5.25, 'spread_ratio_mad_over_median': 0.10948904935279426, 'title_uniformity': 0.5770833333333334, 'variant_empty_rate_initial': 0.25, 'autotuned_core_frac': 0.7, 'autotuned_variant_threshold': 0.33, 'autotuned_price_weight': 0.35}"
661,True,4,4,,"{'n': 4, 'price_median': 105.69999694824219, 'price_mad': 26.77499771118164, 'spread_ratio_mad_over_median': 0.2533112439378071, 'title_uniformity': 0.5047619047619047, 'variant_empty_rate_initial': 0.25, 'autotuned_core_frac': 0.7, 'autotuned_variant_threshold': 0.3, 'autotuned_price_weight': 0.55}"
673,True,4,4,,"{'n': 4, 'price_median': 124.07499694824219, 'price_mad': 28.875, 'spread_ratio_mad_over_median': 0.23272214958864912, 'title_uniformity': 0.43712121212121213, 'variant_empty_rate_initial': 0.0, 'autotuned_core_frac': 0.78, 'autotuned_variant_threshold': 0.3, 'autotuned_price_weight': 0.55}"
678,True,4,4,,"{'n': 4, 'price_median': 58.45000076293945, 'price_mad': 7.875, 'spread_ratio_mad_over_median': 0.13473053716353733, 'title_uniformity': 0.6291666666666667, 'variant_empty_rate_initial': 0.25, 'autotuned_core_frac': 0.7, 'autotuned_variant_threshold': 0.33, 'autotuned_price_weight': 0.35}"
121,True,7,3,0.8365540504455566,"{'n': 7, 'price_median': 47.95000076293945, 'price_mad': 2.1000022888183594, 'spread_ratio_mad_over_median': 0.04379566747455509, 'title_uniformity': 0.7355442176870749, 'variant_empty_rate_initial': 0.0, 'autotuned_core_frac': 0.78, 'autotuned_variant_threshold': 0.35, 'autotuned_price_weight': 0.35}"
272,True,5,3,0.6840066313743591,"{'n': 5, 'price_median': 79.44999694824219, 'price_mad': 26.150001525878906, 'spread_ratio_mad_over_median': 0.32913785437794746, 'title_uniformity': 0.7, 'variant_empty_rate_initial': 0.4, 'autotuned_core_frac': 0.7, 'autotuned_variant_threshold': 0.3, 'autotuned_price_weight': 0.55}"
48,True,9,3,0.536693274974823,"{'n': 9, 'price_median': 210.6999969482422, 'price_mad': 0.0, 'spread_ratio_mad_over_median': 0.0, 'title_uniformity': 0.5972943722943723, 'variant_empty_rate_initial': 0.1111111111111111, 'autotuned_core_frac': 0.78, 'autotuned_variant_threshold': 0.36, 'autotuned_price_weight': 0.25}"
641,True,5,3,0.5148505568504333,"{'n': 5, 'price_median': 106.6500015258789, 'price_mad': 0.9500045776367188, 'spread_ratio_mad_over_median': 0.00890768461363967, 'title_uniformity': 0.611111111111111, 'variant_empty_rate_initial': 0.2, 'autotuned_core_frac': 0.7, 'autotuned_variant_threshold': 0.36, 'autotuned_price_weight': 0.25}"
27,True,4,3,0.4999998211860657,"{'n': 4, 'price_median': 55.82499694824219, 'price_mad': 13.124998092651367, 'spread_ratio_mad_over_median': 0.23510969655439715, 'title_uniformity': 0.7473214285714285, 'variant_empty_rate_initial': 0.25, 'autotuned_core_frac': 0.7, 'autotuned_variant_threshold': 0.29, 'autotuned_price_weight': 0.65}"
286,True,4,3,0.4999997913837433,"{'n': 4, 'price_median': 66.32499694824219, 'price_mad': 18.374998092651367, 'spread_ratio_mad_over_median': 0.2770448388710911, 'title_uniformity': 0.41025641025641024, 'variant_empty_rate_initial': 0.0, 'autotuned_core_frac': 0.78, 'autotuned_variant_threshold': 0.3, 'autotuned_price_weight': 0.55}"
263,True,4,3,0.4999997615814209,"{'n': 4, 'price_median': 44.79999923706055, 'price_mad': 1.0499992370605469, 'spread_ratio_mad_over_median': 0.023437483369239457, 'title_uniformity': 0.7291666666666666, 'variant_empty_rate_initial': 0.5, 'autotuned_core_frac': 0.65, 'autotuned_variant_threshold': 0.35, 'autotuned_price_weight': 0.35}"
351,True,4,3,0.4999997019767761,"{'n': 4, 'price_median': 210.64999389648438, 'price_mad': 83.9749984741211, 'spread_ratio_mad_over_median': 0.39864704916814425, 'title_uniformity': 0.4375, 'variant_empty_rate_initial': 0.0, 'autotuned_core_frac': 0.78, 'autotuned_variant_threshold': 0.3, 'autotuned_price_weight': 0.55}"
102,True,4,3,0.3500978648662567,"{'n': 4, 'price_median': 62.119998931884766, 'price_mad': 8.395000457763672, 'spread_ratio_mad_over_median': 0.1351416709934087, 'title_uniformity': 0.47222222222222215, 'variant_empty_rate_initial': 0.0, 'autotuned_core_frac': 0.78, 'autotuned_variant_threshold': 0.33, 'autotuned_price_weight': 0.35}"
233,True,4,3,0.28763818740844727,"{'n': 4, 'price_median': 82.07499694824219, 'price_mad': 10.5, 'spread_ratio_mad_over_median': 0.12793177447964413, 'title_uniformity': 0.7723214285714286, 'variant_empty_rate_initial': 0.0, 'autotuned_core_frac': 0.78, 'autotuned_variant_threshold': 0.32, 'autotuned_price_weight': 0.44999999999999996}"
160,True,4,3,0.2827591896057129,"{'n': 4, 'price_median': 53.20000076293945, 'price_mad': 2.6750011444091797, 'spread_ratio_mad_over_median': 0.050281975677576626, 'title_uniformity': 0.6916666666666667, 'variant_empty_rate_initial': 0.25, 'autotuned_core_frac': 0.7, 'autotuned_variant_threshold': 0.36, 'autotuned_price_weight': 0.25}"
656,True,4,3,0.23336684703826904,"{'n': 4, 'price_median': 184.4499969482422, 'price_mad': 15.75, 'spread_ratio_mad_over_median': 0.08538899572017639, 'title_uniformity': 0.7666666666666666, 'variant_empty_rate_initial': 0.5, 'autotuned_core_frac': 0.65, 'autotuned_variant_threshold': 0.32, 'autotuned_price_weight': 0.44999999999999996}"
484,True,4,2,1.0,"{'n': 4, 'price_median': 158.1999969482422, 'price_mad': 0.0, 'spread_ratio_mad_over_median': 0.0, 'title_uniformity': 0.41666666666666663, 'variant_empty_rate_initial': 0.0, 'autotuned_core_frac': 0.78, 'autotuned_variant_threshold': 0.36, 'autotuned_price_weight': 0.25}"
499,True,5,2,0.8484252691268921,"{'n': 5, 'price_median': 137.1999969482422, 'price_mad': 42.0, 'spread_ratio_mad_over_median': 0.3061224557887143, 'title_uniformity': 1.0, 'variant_empty_rate_initial': 1.0, 'autotuned_core_frac': 0.6, 'autotuned_variant_threshold': 0.29, 'autotuned_price_weight': 0.65}"
501,True,15,2,0.8215682506561279,"{'n': 15, 'price_median': 131.9499969482422, 'price_mad': 26.25, 'spread_ratio_mad_over_median': 0.1989389966435289, 'title_uniformity': 1.0, 'variant_empty_rate_initial': 1.0, 'autotuned_core_frac': 0.6, 'autotuned_variant_threshold': 0.3, 'autotuned_price_weight': 0.55}"
518,True,4,2,0.5936787724494934,"{'n': 4, 'price_median': 187.0749969482422, 'price_mad': 18.375, 'spread_ratio_mad_over_median': 0.0982226395817277, 'title_uniformity': 0.85, 'variant_empty_rate_initial': 0.75, 'autotuned_core_frac': 0.6, 'autotuned_variant_threshold': 0.32, 'autotuned_price_weight': 0.44999999999999996}"
202,True,4,2,0.5605623722076416,"{'n': 4, 'price_median': 79.44999694824219, 'price_mad': 20.999998092651367, 'spread_ratio_mad_over_median': 0.26431716676253425, 'title_uniformity': 1.0, 'variant_empty_rate_initial': 1.0, 'autotuned_core_frac': 0.6, 'autotuned_variant_threshold': 0.29, 'autotuned_price_weight': 0.65}"
0,False,1,1,,skipped_small_product_cluster
1,False,1,1,,skipped_small_product_cluster
2,False,1,1,,skipped_small_product_cluster
3,False,1,1,,skipped_small_product_cluster
4,False,1,1,,skipped_small_product_cluster
5,False,2,1,,skipped_small_product_cluster
6,False,1,1,,skipped_small_product_cluster
7,False,1,1,,skipped_small_product_cluster
8,False,1,1,,skipped_small_product_cluster
9,False,1,1,,skipped_small_product_cluster
10,False,1,1,,skipped_small_product_cluster
11,False,1,1,,skipped_small_product_cluster
12,False,1,1,,skipped_small_product_cluster
13,False,1,1,,skipped_small_product_cluster
14,False,1,1,,skipped_small_product_cluster
15,False,2,1,,skipped_small_product_cluster
16,False,1,1,,skipped_small_product_cluster
17,False,1,1,,skipped_small_product_cluster
18,False,1,1,,skipped_small_product_cluster
19,False,1,1,,skipped_small_product_cluster
20,False,1,1,,skipped_small_product_cluster
21,False,2,1,,skipped_small_product_cluster
22,False,1,1,,skipped_small_product_cluster
23,False,1,1,,skipped_small_product_cluster
24,False,1,1,,skipped_small_product_cluster
25,False,2,1,,skipped_small_product_cluster
26,False,1,1,,skipped_small_product_cluster
28,False,1,1,,skipped_small_product_cluster
29,False,2,1,,skipped_small_product_cluster
30,False,1,1,,skipped_small_product_cluster
31,False,1,1,,skipped_small_product_cluster
32,False,1,1,,skipped_small_product_cluster
33,False,1,1,,skipped_small_product_cluster
34,False,1,1,,skipped_small_product_cluster
35,False,1,1,,skipped_small_product_cluster
36,False,1,1,,skipped_small_product_cluster
37,False,1,1,,skipped_small_product_cluster
38,False,1,1,,skipped_small_product_cluster
39,False,1,1,,skipped_small_product_cluster
40,False,1,1,,skipped_small_product_cluster
41,False,1,1,,skipped_small_product_cluster
42,False,1,1,,skipped_small_product_cluster
43,False,1,1,,skipped_small_product_cluster
44,False,1,1,,skipped_small_product_cluster
45,False,1,1,,skipped_small_product_cluster
46,False,1,1,,skipped_small_product_cluster
47,False,1,1,,skipped_small_product_cluster
51,False,1,1,,skipped_small_product_cluster
52,False,1,1,,skipped_small_product_cluster
53,False,1,1,,skipped_small_product_cluster
54,False,1,1,,skipped_small_product_cluster
55,False,1,1,,skipped_small_product_cluster
56,False,1,1,,skipped_small_product_cluster
57,False,1,1,,skipped_small_product_cluster
58,False,1,1,,skipped_small_product_cluster
59,False,1,1,,skipped_small_product_cluster
60,False,1,1,,skipped_small_product_cluster
61,False,2,1,,skipped_small_product_cluster
62,False,1,1,,skipped_small_product_cluster
63,False,1,1,,skipped_small_product_cluster
64,False,2,1,,skipped_small_product_cluster
65,False,1,1,,skipped_small_product_cluster
66,False,2,1,,skipped_small_product_cluster
67,False,2,1,,skipped_small_product_cluster
68,False,1,1,,skipped_small_product_cluster
69,False,1,1,,skipped_small_product_cluster
70,False,1,1,,skipped_small_product_cluster
71,False,1,1,,skipped_small_product_cluster
72,False,1,1,,skipped_small_product_cluster
73,False,3,1,,skipped_small_product_cluster
74,False,1,1,,skipped_small_product_cluster
75,False,1,1,,skipped_small_product_cluster
76,False,1,1,,skipped_small_product_cluster
77,False,1,1,,skipped_small_product_cluster
78,False,1,1,,skipped_small_product_cluster
79,False,1,1,,skipped_small_product_cluster
80,False,1,1,,skipped_small_product_cluster
81,False,1,1,,skipped_small_product_cluster
82,False,1,1,,skipped_small_product_cluster
83,False,1,1,,skipped_small_product_cluster
84,False,1,1,,skipped_small_product_cluster
85,False,1,1,,skipped_small_product_cluster
86,False,2,1,,skipped_small_product_cluster
87,False,3,1,,skipped_small_product_cluster
89,False,1,1,,skipped_small_product_cluster
90,False,1,1,,skipped_small_product_cluster
91,False,2,1,,skipped_small_product_cluster
92,False,1,1,,skipped_small_product_cluster
93,False,1,1,,skipped_small_product_cluster
94,False,3,1,,skipped_small_product_cluster
95,False,1,1,,skipped_small_product_cluster
96,False,1,1,,skipped_small_product_cluster
97,False,1,1,,skipped_small_product_cluster
98,False,1,1,,skipped_small_product_cluster
99,False,2,1,,skipped_small_product_cluster
100,False,1,1,,skipped_small_product_cluster
101,False,1,1,,skipped_small_product_cluster
103,False,1,1,,skipped_small_product_cluster
104,False,2,1,,skipped_small_product_cluster
105,False,1,1,,skipped_small_product_cluster
106,False,1,1,,skipped_small_product_cluster
107,False,1,1,,skipped_small_product_cluster
108,False,1,1,,skipped_small_product_cluster
109,False,1,1,,skipped_small_product_cluster
110,False,1,1,,skipped_small_product_cluster
111,False,1,1,,skipped_small_product_cluster
112,False,1,1,,skipped_small_product_cluster
113,False,1,1,,skipped_small_product_cluster
114,False,1,1,,skipped_small_product_cluster
115,False,1,1,,skipped_small_product_cluster
116,False,1,1,,skipped_small_product_cluster
117,False,1,1,,skipped_small_product_cluster
118,False,1,1,,skipped_small_product_cluster
119,False,1,1,,skipped_small_product_cluster
120,False,1,1,,skipped_small_product_cluster
122,False,1,1,,skipped_small_product_cluster
123,False,1,1,,skipped_small_product_cluster
124,False,1,1,,skipped_small_product_cluster
125,False,1,1,,skipped_small_product_cluster
126,False,1,1,,skipped_small_product_cluster
127,False,1,1,,skipped_small_product_cluster
128,False,1,1,,skipped_small_product_cluster
129,False,1,1,,skipped_small_product_cluster
130,False,1,1,,skipped_small_product_cluster
131,False,1,1,,skipped_small_product_cluster
132,False,3,1,,skipped_small_product_cluster
133,False,1,1,,skipped_small_product_cluster
134,False,1,1,,skipped_small_product_cluster
135,False,1,1,,skipped_small_product_cluster
136,False,1,1,,skipped_small_product_cluster
137,False,2,1,,skipped_small_product_cluster
138,False,2,1,,skipped_small_product_cluster
139,False,3,1,,skipped_small_product_cluster
140,False,1,1,,skipped_small_product_cluster
141,False,1,1,,skipped_small_product_cluster
142,False,1,1,,skipped_small_product_cluster
143,False,1,1,,skipped_small_product_cluster
144,False,1,1,,skipped_small_product_cluster
145,False,2,1,,skipped_small_product_cluster
146,False,1,1,,skipped_small_product_cluster
147,False,1,1,,skipped_small_product_cluster
148,False,1,1,,skipped_small_product_cluster
149,False,1,1,,skipped_small_product_cluster
150,False,3,1,,skipped_small_product_cluster
151,False,1,1,,skipped_small_product_cluster
152,False,1,1,,skipped_small_product_cluster
153,False,2,1,,skipped_small_product_cluster
154,False,1,1,,skipped_small_product_cluster
155,False,1,1,,skipped_small_product_cluster
156,False,1,1,,skipped_small_product_cluster
157,False,1,1,,skipped_small_product_cluster
158,False,1,1,,skipped_small_product_cluster
159,False,1,1,,skipped_small_product_cluster
161,False,1,1,,skipped_small_product_cluster
162,False,1,1,,skipped_small_product_cluster
163,False,1,1,,skipped_small_product_cluster
164,False,1,1,,skipped_small_product_cluster
165,False,2,1,,skipped_small_product_cluster
166,False,1,1,,skipped_small_product_cluster
167,False,1,1,,skipped_small_product_cluster
168,False,2,1,,skipped_small_product_cluster
169,False,1,1,,skipped_small_product_cluster
170,False,1,1,,skipped_small_product_cluster
171,False,1,1,,skipped_small_product_cluster
172,False,1,1,,skipped_small_product_cluster
173,False,1,1,,skipped_small_product_cluster
174,False,1,1,,skipped_small_product_cluster
175,False,1,1,,skipped_small_product_cluster
176,False,2,1,,skipped_small_product_cluster
177,False,1,1,,skipped_small_product_cluster
178,False,2,1,,skipped_small_product_cluster
179,False,2,1,,skipped_small_product_cluster
180,False,1,1,,skipped_small_product_cluster
181,False,1,1,,skipped_small_product_cluster
182,False,1,1,,skipped_small_product_cluster
183,False,1,1,,skipped_small_product_cluster
184,False,1,1,,skipped_small_product_cluster
185,False,2,1,,skipped_small_product_cluster
186,False,1,1,,skipped_small_product_cluster
187,False,1,1,,skipped_small_product_cluster
188,False,1,1,,skipped_small_product_cluster
189,False,1,1,,skipped_small_product_cluster
190,False,1,1,,skipped_small_product_cluster
191,False,1,1,,skipped_small_product_cluster
192,False,1,1,,skipped_small_product_cluster
194,False,1,1,,skipped_small_product_cluster
195,False,2,1,,skipped_small_product_cluster
196,False,2,1,,skipped_small_product_cluster
197,False,1,1,,skipped_small_product_cluster
198,False,1,1,,skipped_small_product_cluster
199,False,1,1,,skipped_small_product_cluster
200,False,2,1,,skipped_small_product_cluster
201,False,2,1,,skipped_small_product_cluster
203,False,1,1,,skipped_small_product_cluster
204,False,2,1,,skipped_small_product_cluster
205,False,1,1,,skipped_small_product_cluster
206,False,1,1,,skipped_small_product_cluster
207,False,1,1,,skipped_small_product_cluster
208,False,2,1,,skipped_small_product_cluster
209,False,1,1,,skipped_small_product_cluster
210,False,1,1,,skipped_small_product_cluster
211,False,1,1,,skipped_small_product_cluster
212,False,1,1,,skipped_small_product_cluster
213,False,2,1,,skipped_small_product_cluster
214,False,2,1,,skipped_small_product_cluster
215,False,1,1,,skipped_small_product_cluster
216,False,2,1,,skipped_small_product_cluster
217,False,1,1,,skipped_small_product_cluster
218,False,1,1,,skipped_small_product_cluster
219,False,1,1,,skipped_small_product_cluster
220,False,2,1,,skipped_small_product_cluster
221,False,1,1,,skipped_small_product_cluster
222,False,1,1,,skipped_small_product_cluster
223,False,1,1,,skipped_small_product_cluster
224,False,1,1,,skipped_small_product_cluster
225,False,1,1,,skipped_small_product_cluster
226,False,1,1,,skipped_small_product_cluster
227,False,1,1,,skipped_small_product_cluster
228,False,1,1,,skipped_small_product_cluster
229,False,1,1,,skipped_small_product_cluster
230,False,1,1,,skipped_small_product_cluster
232,False,3,1,,skipped_small_product_cluster
234,False,1,1,,skipped_small_product_cluster
235,False,1,1,,skipped_small_product_cluster
236,False,1,1,,skipped_small_product_cluster
237,False,2,1,,skipped_small_product_cluster
238,False,1,1,,skipped_small_product_cluster
239,False,1,1,,skipped_small_product_cluster
240,False,1,1,,skipped_small_product_cluster
241,False,2,1,,skipped_small_product_cluster
242,False,1,1,,skipped_small_product_cluster
243,False,1,1,,skipped_small_product_cluster
244,False,1,1,,skipped_small_product_cluster
245,False,1,1,,skipped_small_product_cluster
246,False,1,1,,skipped_small_product_cluster
247,False,1,1,,skipped_small_product_cluster
248,False,1,1,,skipped_small_product_cluster
249,False,1,1,,skipped_small_product_cluster
250,False,1,1,,skipped_small_product_cluster
251,False,1,1,,skipped_small_product_cluster
252,False,2,1,,skipped_small_product_cluster
253,False,1,1,,skipped_small_product_cluster
254,False,1,1,,skipped_small_product_cluster
255,False,3,1,,skipped_small_product_cluster
256,False,1,1,,skipped_small_product_cluster
257,False,1,1,,skipped_small_product_cluster
258,False,1,1,,skipped_small_product_cluster
259,False,1,1,,skipped_small_product_cluster
260,False,1,1,,skipped_small_product_cluster
261,False,1,1,,skipped_small_product_cluster
262,False,1,1,,skipped_small_product_cluster
264,False,1,1,,skipped_small_product_cluster
265,False,1,1,,skipped_small_product_cluster
266,False,1,1,,skipped_small_product_cluster
268,False,3,1,,skipped_small_product_cluster
269,False,1,1,,skipped_small_product_cluster
270,False,1,1,,skipped_small_product_cluster
271,False,1,1,,skipped_small_product_cluster
273,False,1,1,,skipped_small_product_cluster
274,False,1,1,,skipped_small_product_cluster
275,False,1,1,,skipped_small_product_cluster
276,False,1,1,,skipped_small_product_cluster
277,False,1,1,,skipped_small_product_cluster
278,False,1,1,,skipped_small_product_cluster
279,False,1,1,,skipped_small_product_cluster
280,False,1,1,,skipped_small_product_cluster
281,False,3,1,,skipped_small_product_cluster
282,False,1,1,,skipped_small_product_cluster
283,False,2,1,,skipped_small_product_cluster
284,False,1,1,,skipped_small_product_cluster
285,False,1,1,,skipped_small_product_cluster
287,False,1,1,,skipped_small_product_cluster
288,False,2,1,,skipped_small_product_cluster
289,False,1,1,,skipped_small_product_cluster
290,False,3,1,,skipped_small_product_cluster
291,False,1,1,,skipped_small_product_cluster
292,False,2,1,,skipped_small_product_cluster
293,False,1,1,,skipped_small_product_cluster
294,False,1,1,,skipped_small_product_cluster
295,False,1,1,,skipped_small_product_cluster
296,False,2,1,,skipped_small_product_cluster
297,False,1,1,,skipped_small_product_cluster
298,False,2,1,,skipped_small_product_cluster
299,False,1,1,,skipped_small_product_cluster
300,False,1,1,,skipped_small_product_cluster
301,False,1,1,,skipped_small_product_cluster
302,False,1,1,,skipped_small_product_cluster
303,False,1,1,,skipped_small_product_cluster
304,False,1,1,,skipped_small_product_cluster
305,False,1,1,,skipped_small_product_cluster
306,False,1,1,,skipped_small_product_cluster
307,False,1,1,,skipped_small_product_cluster
308,False,2,1,,skipped_small_product_cluster
309,False,1,1,,skipped_small_product_cluster
310,False,2,1,,skipped_small_product_cluster
311,False,1,1,,skipped_small_product_cluster
312,False,1,1,,skipped_small_product_cluster
313,False,1,1,,skipped_small_product_cluster
314,False,1,1,,skipped_small_product_cluster
315,False,1,1,,skipped_small_product_cluster
316,False,1,1,,skipped_small_product_cluster
317,False,1,1,,skipped_small_product_cluster
318,False,1,1,,skipped_small_product_cluster
319,False,1,1,,skipped_small_product_cluster
320,False,1,1,,skipped_small_product_cluster
321,False,1,1,,skipped_small_product_cluster
322,False,1,1,,skipped_small_product_cluster
323,False,1,1,,skipped_small_product_cluster
324,False,1,1,,skipped_small_product_cluster
325,False,1,1,,skipped_small_product_cluster
326,False,2,1,,skipped_small_product_cluster
327,False,1,1,,skipped_small_product_cluster
328,False,1,1,,skipped_small_product_cluster
329,False,1,1,,skipped_small_product_cluster
330,False,1,1,,skipped_small_product_cluster
331,False,1,1,,skipped_small_product_cluster
332,False,1,1,,skipped_small_product_cluster
333,False,3,1,,skipped_small_product_cluster
334,False,1,1,,skipped_small_product_cluster
335,False,1,1,,skipped_small_product_cluster
336,False,1,1,,skipped_small_product_cluster
337,False,1,1,,skipped_small_product_cluster
338,False,1,1,,skipped_small_product_cluster
339,False,1,1,,skipped_small_product_cluster
340,False,1,1,,skipped_small_product_cluster
341,False,1,1,,skipped_small_product_cluster
342,False,1,1,,skipped_small_product_cluster
343,False,1,1,,skipped_small_product_cluster
344,False,1,1,,skipped_small_product_cluster
345,False,1,1,,skipped_small_product_cluster
346,False,1,1,,skipped_small_product_cluster
347,False,1,1,,skipped_small_product_cluster
348,False,3,1,,skipped_small_product_cluster
350,False,1,1,,skipped_small_product_cluster
352,False,1,1,,skipped_small_product_cluster
353,False,1,1,,skipped_small_product_cluster
354,False,1,1,,skipped_small_product_cluster
355,False,1,1,,skipped_small_product_cluster
356,False,1,1,,skipped_small_product_cluster
357,False,1,1,,skipped_small_product_cluster
358,False,1,1,,skipped_small_product_cluster
359,False,1,1,,skipped_small_product_cluster
360,False,1,1,,skipped_small_product_cluster
361,False,1,1,,skipped_small_product_cluster
362,False,2,1,,skipped_small_product_cluster
363,False,1,1,,skipped_small_product_cluster
364,False,2,1,,skipped_small_product_cluster
365,False,1,1,,skipped_small_product_cluster
366,False,1,1,,skipped_small_product_cluster
367,False,1,1,,skipped_small_product_cluster
368,False,1,1,,skipped_small_product_cluster
369,False,2,1,,skipped_small_product_cluster
370,False,1,1,,skipped_small_product_cluster
371,False,1,1,,skipped_small_product_cluster
372,False,1,1,,skipped_small_product_cluster
373,False,2,1,,skipped_small_product_cluster
374,False,2,1,,skipped_small_product_cluster
375,False,3,1,,skipped_small_product_cluster
376,False,1,1,,skipped_small_product_cluster
377,False,1,1,,skipped_small_product_cluster
378,False,1,1,,skipped_small_product_cluster
379,False,1,1,,skipped_small_product_cluster
380,False,1,1,,skipped_small_product_cluster
381,False,1,1,,skipped_small_product_cluster
382,False,1,1,,skipped_small_product_cluster
383,False,1,1,,skipped_small_product_cluster
384,False,1,1,,skipped_small_product_cluster
385,False,1,1,,skipped_small_product_cluster
386,False,2,1,,skipped_small_product_cluster
387,False,2,1,,skipped_small_product_cluster
388,False,1,1,,skipped_small_product_cluster
389,False,1,1,,skipped_small_product_cluster
390,False,1,1,,skipped_small_product_cluster
391,False,1,1,,skipped_small_product_cluster
392,False,1,1,,skipped_small_product_cluster
393,False,2,1,,skipped_small_product_cluster
394,False,1,1,,skipped_small_product_cluster
395,False,1,1,,skipped_small_product_cluster
396,False,1,1,,skipped_small_product_cluster
397,False,1,1,,skipped_small_product_cluster
398,False,1,1,,skipped_small_product_cluster
399,False,1,1,,skipped_small_product_cluster
400,False,1,1,,skipped_small_product_cluster
402,False,1,1,,skipped_small_product_cluster
403,False,1,1,,skipped_small_product_cluster
404,False,1,1,,skipped_small_product_cluster
405,False,1,1,,skipped_small_product_cluster
406,False,1,1,,skipped_small_product_cluster
407,False,1,1,,skipped_small_product_cluster
408,False,1,1,,skipped_small_product_cluster
409,False,1,1,,skipped_small_product_cluster
410,False,2,1,,skipped_small_product_cluster
411,False,2,1,,skipped_small_product_cluster
412,False,1,1,,skipped_small_product_cluster
413,False,1,1,,skipped_small_product_cluster
414,False,1,1,,skipped_small_product_cluster
415,False,1,1,,skipped_small_product_cluster
416,False,1,1,,skipped_small_product_cluster
417,False,2,1,,skipped_small_product_cluster
418,False,1,1,,skipped_small_product_cluster
419,False,1,1,,skipped_small_product_cluster
420,False,1,1,,skipped_small_product_cluster
421,False,1,1,,skipped_small_product_cluster
422,False,1,1,,skipped_small_product_cluster
423,False,1,1,,skipped_small_product_cluster
424,False,1,1,,skipped_small_product_cluster
425,False,1,1,,skipped_small_product_cluster
426,False,1,1,,skipped_small_product_cluster
427,False,1,1,,skipped_small_product_cluster
428,False,1,1,,skipped_small_product_cluster
429,False,1,1,,skipped_small_product_cluster
430,False,1,1,,skipped_small_product_cluster
431,False,1,1,,skipped_small_product_cluster
432,False,1,1,,skipped_small_product_cluster
433,False,1,1,,skipped_small_product_cluster
434,False,1,1,,skipped_small_product_cluster
435,False,1,1,,skipped_small_product_cluster
436,False,1,1,,skipped_small_product_cluster
437,False,1,1,,skipped_small_product_cluster
438,False,1,1,,skipped_small_product_cluster
439,False,1,1,,skipped_small_product_cluster
440,False,1,1,,skipped_small_product_cluster
441,False,1,1,,skipped_small_product_cluster
442,False,1,1,,skipped_small_product_cluster
443,False,1,1,,skipped_small_product_cluster
444,False,1,1,,skipped_small_product_cluster
445,False,1,1,,skipped_small_product_cluster
446,False,1,1,,skipped_small_product_cluster
447,False,1,1,,skipped_small_product_cluster
448,False,1,1,,skipped_small_product_cluster
449,False,1,1,,skipped_small_product_cluster
450,False,2,1,,skipped_small_product_cluster
451,False,1,1,,skipped_small_product_cluster
452,False,1,1,,skipped_small_product_cluster
453,False,1,1,,skipped_small_product_cluster
454,False,1,1,,skipped_small_product_cluster
455,False,1,1,,skipped_small_product_cluster
456,False,1,1,,skipped_small_product_cluster
457,False,1,1,,skipped_small_product_cluster
458,False,1,1,,skipped_small_product_cluster
459,False,1,1,,skipped_small_product_cluster
460,False,3,1,,skipped_small_product_cluster
461,False,1,1,,skipped_small_product_cluster
462,False,2,1,,skipped_small_product_cluster
463,False,1,1,,skipped_small_product_cluster
464,False,1,1,,skipped_small_product_cluster
465,False,1,1,,skipped_small_product_cluster
466,False,1,1,,skipped_small_product_cluster
467,False,1,1,,skipped_small_product_cluster
468,False,1,1,,skipped_small_product_cluster
469,False,2,1,,skipped_small_product_cluster
470,False,1,1,,skipped_small_product_cluster
471,False,1,1,,skipped_small_product_cluster
472,False,1,1,,skipped_small_product_cluster
473,False,1,1,,skipped_small_product_cluster
474,False,1,1,,skipped_small_product_cluster
475,False,3,1,,skipped_small_product_cluster
476,False,1,1,,skipped_small_product_cluster
477,False,2,1,,skipped_small_product_cluster
478,False,1,1,,skipped_small_product_cluster
479,False,1,1,,skipped_small_product_cluster
480,False,2,1,,skipped_small_product_cluster
481,False,1,1,,skipped_small_product_cluster
482,False,1,1,,skipped_small_product_cluster
483,False,2,1,,skipped_small_product_cluster
485,False,2,1,,skipped_small_product_cluster
486,False,1,1,,skipped_small_product_cluster
487,False,1,1,,skipped_small_product_cluster
488,False,1,1,,skipped_small_product_cluster
489,False,1,1,,skipped_small_product_cluster
490,False,1,1,,skipped_small_product_cluster
491,False,1,1,,skipped_small_product_cluster
492,False,1,1,,skipped_small_product_cluster
493,False,1,1,,skipped_small_product_cluster
494,False,2,1,,skipped_small_product_cluster
495,False,1,1,,skipped_small_product_cluster
496,False,1,1,,skipped_small_product_cluster
497,False,1,1,,skipped_small_product_cluster
498,False,2,1,,skipped_small_product_cluster
500,False,1,1,,skipped_small_product_cluster
502,False,1,1,,skipped_small_product_cluster
503,False,1,1,,skipped_small_product_cluster
504,False,1,1,,skipped_small_product_cluster
505,False,1,1,,skipped_small_product_cluster
506,False,1,1,,skipped_small_product_cluster
507,False,1,1,,skipped_small_product_cluster
508,False,1,1,,skipped_small_product_cluster
509,False,2,1,,skipped_small_product_cluster
510,False,1,1,,skipped_small_product_cluster
511,False,1,1,,skipped_small_product_cluster
512,False,1,1,,skipped_small_product_cluster
513,False,1,1,,skipped_small_product_cluster
514,False,1,1,,skipped_small_product_cluster
515,False,1,1,,skipped_small_product_cluster
516,False,1,1,,skipped_small_product_cluster
517,False,1,1,,skipped_small_product_cluster
520,False,1,1,,skipped_small_product_cluster
521,False,1,1,,skipped_small_product_cluster
522,False,1,1,,skipped_small_product_cluster
523,False,1,1,,skipped_small_product_cluster
524,False,1,1,,skipped_small_product_cluster
525,False,1,1,,skipped_small_product_cluster
526,False,1,1,,skipped_small_product_cluster
527,False,3,1,,skipped_small_product_cluster
528,False,1,1,,skipped_small_product_cluster
529,False,2,1,,skipped_small_product_cluster
530,False,1,1,,skipped_small_product_cluster
531,False,1,1,,skipped_small_product_cluster
532,False,1,1,,skipped_small_product_cluster
533,False,1,1,,skipped_small_product_cluster
534,False,1,1,,skipped_small_product_cluster
535,False,1,1,,skipped_small_product_cluster
536,False,2,1,,skipped_small_product_cluster
537,False,1,1,,skipped_small_product_cluster
538,False,1,1,,skipped_small_product_cluster
539,False,1,1,,skipped_small_product_cluster
540,False,1,1,,skipped_small_product_cluster
541,False,1,1,,skipped_small_product_cluster
542,False,3,1,,skipped_small_product_cluster
543,False,1,1,,skipped_small_product_cluster
544,False,1,1,,skipped_small_product_cluster
545,False,1,1,,skipped_small_product_cluster
546,False,1,1,,skipped_small_product_cluster
547,False,1,1,,skipped_small_product_cluster
548,False,1,1,,skipped_small_product_cluster
549,False,1,1,,skipped_small_product_cluster
550,False,1,1,,skipped_small_product_cluster
551,False,1,1,,skipped_small_product_cluster
552,False,1,1,,skipped_small_product_cluster
553,False,1,1,,skipped_small_product_cluster
554,False,1,1,,skipped_small_product_cluster
555,False,1,1,,skipped_small_product_cluster
556,False,1,1,,skipped_small_product_cluster
557,False,1,1,,skipped_small_product_cluster
558,False,2,1,,skipped_small_product_cluster
559,False,1,1,,skipped_small_product_cluster
560,False,1,1,,skipped_small_product_cluster
561,False,2,1,,skipped_small_product_cluster
562,False,1,1,,skipped_small_product_cluster
563,False,1,1,,skipped_small_product_cluster
564,False,1,1,,skipped_small_product_cluster
565,False,1,1,,skipped_small_product_cluster
566,False,1,1,,skipped_small_product_cluster
567,False,1,1,,skipped_small_product_cluster
568,False,1,1,,skipped_small_product_cluster
569,False,1,1,,skipped_small_product_cluster
570,False,2,1,,skipped_small_product_cluster
571,False,1,1,,skipped_small_product_cluster
572,False,1,1,,skipped_small_product_cluster
573,False,1,1,,skipped_small_product_cluster
574,False,1,1,,skipped_small_product_cluster
575,False,1,1,,skipped_small_product_cluster
576,False,1,1,,skipped_small_product_cluster
577,False,1,1,,skipped_small_product_cluster
578,False,1,1,,skipped_small_product_cluster
579,False,1,1,,skipped_small_product_cluster
580,False,1,1,,skipped_small_product_cluster
581,False,1,1,,skipped_small_product_cluster
582,False,1,1,,skipped_small_product_cluster
583,False,1,1,,skipped_small_product_cluster
584,False,1,1,,skipped_small_product_cluster
585,False,1,1,,skipped_small_product_cluster
586,False,1,1,,skipped_small_product_cluster
587,False,1,1,,skipped_small_product_cluster
588,False,1,1,,skipped_small_product_cluster
589,False,1,1,,skipped_small_product_cluster
590,False,2,1,,skipped_small_product_cluster
591,False,1,1,,skipped_small_product_cluster
592,False,1,1,,skipped_small_product_cluster
593,False,1,1,,skipped_small_product_cluster
594,False,1,1,,skipped_small_product_cluster
595,False,1,1,,skipped_small_product_cluster
596,False,1,1,,skipped_small_product_cluster
597,False,1,1,,skipped_small_product_cluster
598,False,1,1,,skipped_small_product_cluster
599,False,1,1,,skipped_small_product_cluster
600,False,1,1,,skipped_small_product_cluster
601,False,1,1,,skipped_small_product_cluster
602,False,1,1,,skipped_small_product_cluster
603,False,1,1,,skipped_small_product_cluster
604,False,1,1,,skipped_small_product_cluster
605,False,1,1,,skipped_small_product_cluster
606,False,1,1,,skipped_small_product_cluster
607,False,1,1,,skipped_small_product_cluster
608,False,1,1,,skipped_small_product_cluster
609,False,1,1,,skipped_small_product_cluster
610,False,1,1,,skipped_small_product_cluster
611,False,1,1,,skipped_small_product_cluster
612,False,1,1,,skipped_small_product_cluster
613,False,1,1,,skipped_small_product_cluster
614,False,1,1,,skipped_small_product_cluster
615,False,1,1,,skipped_small_product_cluster
616,False,1,1,,skipped_small_product_cluster
617,False,2,1,,skipped_small_product_cluster
618,False,1,1,,skipped_small_product_cluster
619,False,1,1,,skipped_small_product_cluster
620,False,1,1,,skipped_small_product_cluster
621,False,1,1,,skipped_small_product_cluster
622,False,1,1,,skipped_small_product_cluster
623,False,1,1,,skipped_small_product_cluster
624,False,2,1,,skipped_small_product_cluster
625,False,1,1,,skipped_small_product_cluster
626,False,1,1,,skipped_small_product_cluster
627,False,1,1,,skipped_small_product_cluster
628,False,1,1,,skipped_small_product_cluster
629,False,1,1,,skipped_small_product_cluster
630,False,1,1,,skipped_small_product_cluster
631,False,1,1,,skipped_small_product_cluster
632,False,1,1,,skipped_small_product_cluster
633,False,2,1,,skipped_small_product_cluster
634,False,1,1,,skipped_small_product_cluster
635,False,3,1,,skipped_small_product_cluster
636,False,1,1,,skipped_small_product_cluster
637,False,1,1,,skipped_small_product_cluster
638,False,1,1,,skipped_small_product_cluster
639,False,1,1,,skipped_small_product_cluster
640,False,1,1,,skipped_small_product_cluster
642,False,1,1,,skipped_small_product_cluster
643,False,2,1,,skipped_small_product_cluster
644,False,1,1,,skipped_small_product_cluster
645,False,1,1,,skipped_small_product_cluster
646,False,2,1,,skipped_small_product_cluster
647,False,1,1,,skipped_small_product_cluster
648,False,2,1,,skipped_small_product_cluster
649,False,1,1,,skipped_small_product_cluster
650,False,1,1,,skipped_small_product_cluster
651,False,2,1,,skipped_small_product_cluster
652,False,1,1,,skipped_small_product_cluster
653,False,1,1,,skipped_small_product_cluster
654,False,1,1,,skipped_small_product_cluster
655,False,1,1,,skipped_small_product_cluster
657,False,1,1,,skipped_small_product_cluster
658,False,1,1,,skipped_small_product_cluster
659,False,2,1,,skipped_small_product_cluster
660,False,1,1,,skipped_small_product_cluster
662,False,1,1,,skipped_small_product_cluster
663,False,1,1,,skipped_small_product_cluster
664,False,1,1,,skipped_small_product_cluster
665,False,1,1,,skipped_small_product_cluster
666,False,1,1,,skipped_small_product_cluster
667,False,1,1,,skipped_small_product_cluster
668,False,1,1,,skipped_small_product_cluster
669,False,1,1,,skipped_small_product_cluster
670,False,1,1,,skipped_small_product_cluster
671,False,1,1,,skipped_small_product_cluster
672,False,1,1,,skipped_small_product_cluster
674,False,1,1,,skipped_small_product_cluster
675,False,2,1,,skipped_small_product_cluster
676,False,1,1,,skipped_small_product_cluster
677,False,2,1,,skipped_small_product_cluster
679,False,1,1,,skipped_small_product_cluster
680,False,2,1,,skipped_small_product_cluster
681,False,2,1,,skipped_small_product_cluster
682,False,1,1,,skipped_small_product_cluster
683,False,2,1,,skipped_small_product_cluster
684,False,1,1,,skipped_small_product_cluster
685,False,1,1,,skipped_small_product_cluster
686,False,1,1,,skipped_small_product_cluster
687,False,1,1,,skipped_small_product_cluster
688,False,1,1,,skipped_small_product_cluster
689,False,1,1,,skipped_small_product_cluster
690,False,1,1,,skipped_small_product_cluster
691,False,1,1,,skipped_small_product_cluster
692,False,1,1,,skipped_small_product_cluster
693,False,1,1,,skipped_small_product_cluster
694,False,1,1,,skipped_small_product_cluster
695,False,1,1,,skipped_small_product_cluster
696,False,1,1,,skipped_small_product_cluster
697,False,1,1,,skipped_small_product_cluster
698,False,1,1,,skipped_small_product_cluster
699,False,1,1,,skipped_small_product_cluster
700,False,1,1,,skipped_small_product_cluster
701,False,1,1,,skipped_small_product_cluster
702,False,1,1,,skipped_small_product_cluster
