ProductId,VariantId,VariantLocal,VariantCount,VariantTextTop,PriceMedian,PriceMin,PriceMax,Autotuned,VariantThreshold,CoreFrac,PriceWeight
501,553,0,9,,158.19,121.45,226.45,True,0.3,0.6,0.55
48,50,0,7,driving force volant levier de vitesse shifter compatible,210.7,210.7,252.7,True,0.36,0.78,0.25
501,554,1,6,,87.325,74.2,105.7,True,0.3,0.6,0.55
49,55,2,6,volante pedales volant boite de vitesse support con,247.445,189.7,336.7,True,0.31,0.78,0.45
88,102,0,4,ps4 fc juego,47.95,42.7,58.45,True,0.33,0.7,0.35
193,217,0,4,remake deluxe ps4 vii,100.45,79.45,105.7,True,0.36,0.78,0.25
375,422,0,3,,42.7,42.7,42.7,False,,,
121,143,2,3,nintendo switch le,45.85,45.85,61.6,True,0.35,0.78,0.35
348,390,0,3,,47.94,42.7,73.15,False,,,
87,101,0,3,,47.95,47.95,53.2,False,,,
281,321,0,3,,47.95,42.7,105.7,False,,,
94,112,0,3,,53.19,42.7,53.2,False,,,
132,154,0,3,,53.2,47.95,105.7,False,,,
232,263,0,3,,53.2,53.2,209.65,False,,,
255,288,0,3,,53.2,53.2,58.45,False,,,
268,306,0,3,,53.2,44.8,74.2,False,,,
290,332,0,3,,53.2,47.95,63.7,False,,,
333,375,0,3,,53.2,42.7,53.2,False,,,
475,525,0,3,,53.2,42.7,58.45,False,,,
73,87,0,3,,79.69,53.2,126.7,False,,,
202,229,0,3,,84.7,74.2,116.2,True,0.29,0.6,0.65
150,172,0,3,,105.7,64.75,105.7,False,,,
635,693,0,3,,105.7,79.45,404.95,False,,,
641,699,0,3,completa,106.65,105.7,106.65,True,0.36,0.7,0.25
139,161,0,3,,116.2,42.7,116.2,False,,,
460,510,0,3,,126.7,126.7,126.7,False,,,
499,550,0,3,,126.7,95.2,137.2,True,0.29,0.6,0.65
542,600,0,3,,137.2,131.95,158.2,False,,,
527,585,0,3,,158.2,158.2,168.7,False,,,
518,571,0,3,,200.2,173.95,210.7,True,0.32,0.6,0.44999999999999996
5,5,0,2,,1.0098,1.0098,1.0098,False,,,
15,15,0,2,,42.7,42.7,42.7,False,,,
27,27,0,2,per pc pedali,42.7,42.7,42.7,True,0.29,0.7,0.65
91,109,0,2,,42.7,42.7,42.7,False,,,
168,192,0,2,,42.7,42.7,42.7,False,,,
178,202,0,2,,42.7,42.7,42.7,False,,,
185,209,0,2,,42.7,42.7,42.7,False,,,
220,248,0,2,,42.7,42.7,42.7,False,,,
373,420,0,2,,42.7,42.7,42.7,False,,,
387,434,0,2,,42.7,42.7,42.7,False,,,
483,533,0,2,,42.7,42.7,42.7,False,,,
485,536,0,2,,42.7,42.7,42.7,False,,,
263,296,0,2,,44.8,44.8,44.8,True,0.35,0.65,0.35
283,323,0,2,,45.275000000000006,42.7,47.85,False,,,
86,100,0,2,,45.325,42.7,47.95,False,,,
61,75,0,2,,47.95,47.95,47.95,False,,,
88,103,1,2,fc neuf playstation ea sports nuevo precintado,47.95,47.95,47.95,True,0.33,0.7,0.35
104,124,0,2,,47.95,47.95,47.95,False,,,
121,141,0,2,ps4 sony neuf,47.95,47.95,47.95,True,0.35,0.78,0.35
138,160,0,2,,47.95,47.95,47.95,False,,,
179,203,0,2,,47.95,47.95,47.95,False,,,
196,223,0,2,,47.95,42.7,53.2,False,,,
252,285,0,2,,47.95,42.7,53.2,False,,,
267,302,0,2,,47.95,47.95,47.95,True,0.35,0.7,0.35
272,311,1,2,,47.95,47.95,47.95,True,0.3,0.7,0.55
286,326,0,2,vol master collection fr ps5,47.95,47.95,47.95,True,0.3,0.78,0.55
364,411,0,2,,47.95,42.7,53.2,False,,,
401,448,0,2,guardian precintado,47.95,42.7,53.2,True,0.3,0.78,0.55
216,244,0,2,,49.0,49.0,49.0,False,,,
29,31,0,2,,50.05,47.95,52.15,False,,,
288,330,0,2,,50.575,47.95,53.2,False,,,
195,222,0,2,,51.625,51.1,52.15,False,,,
21,21,0,2,,52.99,52.99,52.99,False,,,
160,182,0,2,neuf,53.2,53.2,53.2,True,0.36,0.7,0.25
200,227,0,2,,53.2,42.7,63.7,False,,,
558,616,0,2,,53.2,53.2,53.2,False,,,
102,120,0,2,origins steelbook jeu non inclus collector gold,53.725,51.1,56.35,True,0.33,0.78,0.35
292,334,0,2,,55.82,47.95,63.69,False,,,
417,467,0,2,,55.825,47.95,63.7,False,,,
651,711,0,2,,55.825,42.7,68.95,False,,,
88,104,2,2,,58.45,58.45,58.45,True,0.33,0.7,0.35
137,159,0,2,,58.45,58.45,58.45,False,,,
374,421,0,2,,58.45,58.45,58.45,False,,,
208,236,0,2,,63.7,53.2,74.2,False,,,
241,274,0,2,,63.7,42.7,84.7,False,,,
561,619,0,2,,63.7,63.7,63.7,False,,,
298,340,0,2,,67.375,66.85,67.9,False,,,
296,338,0,2,,68.95,42.7,95.2,False,,,
233,264,0,2,atelier lydie suelle sophie,71.575,68.95,74.2,True,0.32,0.78,0.44999999999999996
64,78,0,2,,74.2,74.2,74.2,False,,,
99,117,0,2,,74.2,74.2,74.2,False,,,
153,175,0,2,,74.2,74.2,74.2,False,,,
681,752,0,2,,76.30000000000001,73.15,79.45,False,,,
201,228,0,2,,76.825,58.45,95.2,False,,,
570,628,0,2,,76.825,74.2,79.45,False,,,
308,350,0,2,,79.45,79.45,79.45,False,,,
648,708,0,2,,79.45,79.45,79.45,False,,,
213,241,0,2,,81.5,73.15,89.85,False,,,
204,232,0,2,,82.075,74.2,89.95,False,,,
165,189,0,2,,83.65,83.65,83.65,False,,,
25,25,0,2,,84.7,84.7,84.7,False,,,
326,368,0,2,,84.7,84.7,84.7,False,,,
450,500,0,2,,84.7,84.7,84.7,False,,,
680,751,0,2,,84.7,74.2,95.2,False,,,
410,460,0,2,,87.065,84.7,89.43,False,,,
237,270,0,2,,87.325,84.7,89.95,False,,,
272,310,0,2,playstation testati funzionanti,89.9,79.45,100.35,True,0.3,0.7,0.55
469,519,0,2,,93.1,93.1,93.1,False,,,
176,200,0,2,,95.2,95.2,95.2,False,,,
310,352,0,2,,95.2,95.2,95.2,False,,,
509,562,0,2,,95.2,95.2,95.2,False,,,
683,754,0,2,,97.3,97.3,97.3,False,,,
369,416,0,2,,104.65,104.65,104.65,False,,,
67,81,0,2,,105.7,105.7,105.7,False,,,
121,142,1,2,chronicles,105.7,105.7,105.7,True,0.35,0.78,0.35
393,440,0,2,,105.7,105.7,105.7,False,,,
411,461,0,2,,105.7,105.7,105.7,False,,,
590,648,0,2,,105.7,105.7,105.7,False,,,
519,573,0,2,,108.325,100.45,116.2,True,0.32,0.7,0.44999999999999996
214,242,0,2,,110.94999999999999,63.7,158.2,False,,,
617,675,0,2,,116.19,116.19,116.19,False,,,
362,409,0,2,,126.7,126.7,126.7,False,,,
462,512,0,2,,126.7,126.7,126.7,False,,,
536,594,0,2,,126.7,126.7,126.7,False,,,
529,587,0,2,,131.95,105.7,158.2,False,,,
643,703,0,2,,131.95,116.2,147.7,False,,,
66,80,0,2,,137.2,100.45,173.95,False,,,
477,527,0,2,,137.2,105.7,168.7,False,,,
675,743,0,2,,137.2,137.2,137.2,False,,,
480,530,0,2,,152.95,147.7,158.2,False,,,
624,682,0,2,,158.1,158.1,158.1,False,,,
484,534,0,2,avec une manette des jeux,158.2,158.2,158.2,True,0.36,0.78,0.25
484,535,1,2,car ne en sers plus reinitialiser lors de,158.2,158.2,158.2,True,0.36,0.78,0.25
498,549,0,2,,158.2,158.2,158.2,False,,,
646,706,0,2,,158.2,158.2,158.2,False,,,
49,54,1,2,ps4 steering wheel volante,163.45,158.2,168.7,True,0.31,0.78,0.45
659,721,0,2,,163.45,158.2,168.7,False,,,
386,433,0,2,,171.325,131.95,210.7,False,,,
49,53,0,2,playstation volant volante pedales pc,180.25,170.8,189.7,True,0.31,0.78,0.45
145,167,0,2,,197.04999999999998,52.15,341.95,False,,,
499,551,1,2,,200.2,189.7,210.7,True,0.29,0.6,0.65
351,396,0,2,origins collection capcom edition,210.65,210.65,210.65,True,0.3,0.78,0.55
49,58,5,2,volant de vitesse levier boite,226.45,179.2,273.7,True,0.31,0.78,0.45
656,716,0,2,,252.7,189.7,315.7,True,0.32,0.65,0.44999999999999996
50,59,0,2,pedali ps4 ps5 trueforce racing wheel volante pc,257.95,231.7,284.2,True,0.33,0.78,0.35
494,545,0,2,,299.95,299.95,299.95,False,,,
633,691,0,2,,315.17499999999995,158.2,472.15,False,,,
677,745,0,2,,526.85,441.7,612.0,False,,,
0,0,0,1,,42.7,42.7,42.7,False,,,
1,1,0,1,,42.7,42.7,42.7,False,,,
6,6,0,1,,42.7,42.7,42.7,False,,,
36,38,0,1,,42.7,42.7,42.7,False,,,
42,44,0,1,,42.7,42.7,42.7,False,,,
63,77,0,1,,42.7,42.7,42.7,False,,,
75,89,0,1,,42.7,42.7,42.7,False,,,
103,123,0,1,,42.7,42.7,42.7,False,,,
119,139,0,1,,42.7,42.7,42.7,False,,,
129,151,0,1,,42.7,42.7,42.7,False,,,
133,155,0,1,,42.7,42.7,42.7,False,,,
146,168,0,1,,42.7,42.7,42.7,False,,,
154,176,0,1,,42.7,42.7,42.7,False,,,
162,186,0,1,,42.7,42.7,42.7,False,,,
173,197,0,1,,42.7,42.7,42.7,False,,,
191,215,0,1,,42.7,42.7,42.7,False,,,
193,220,3,1,ix ps1 version americana ntsc precintado,42.7,42.7,42.7,True,0.36,0.78,0.25
202,230,1,1,,42.7,42.7,42.7,True,0.29,0.6,0.65
206,234,0,1,,42.7,42.7,42.7,False,,,
209,237,0,1,,42.7,42.7,42.7,False,,,
212,240,0,1,,42.7,42.7,42.7,False,,,
235,268,0,1,,42.7,42.7,42.7,False,,,
236,269,0,1,,42.7,42.7,42.7,False,,,
239,272,0,1,,42.7,42.7,42.7,False,,,
240,273,0,1,,42.7,42.7,42.7,False,,,
244,277,0,1,,42.7,42.7,42.7,False,,,
248,281,0,1,,42.7,42.7,42.7,False,,,
254,287,0,1,,42.7,42.7,42.7,False,,,
263,298,2,1,ps4,42.7,42.7,42.7,True,0.35,0.65,0.35
264,299,0,1,,42.7,42.7,42.7,False,,,
265,300,0,1,,42.7,42.7,42.7,False,,,
266,301,0,1,,42.7,42.7,42.7,False,,,
274,314,0,1,,42.7,42.7,42.7,False,,,
280,320,0,1,,42.7,42.7,42.7,False,,,
307,349,0,1,,42.7,42.7,42.7,False,,,
315,357,0,1,,42.7,42.7,42.7,False,,,
318,360,0,1,,42.7,42.7,42.7,False,,,
320,362,0,1,,42.7,42.7,42.7,False,,,
321,363,0,1,,42.7,42.7,42.7,False,,,
328,370,0,1,,42.7,42.7,42.7,False,,,
335,377,0,1,,42.7,42.7,42.7,False,,,
338,380,0,1,,42.7,42.7,42.7,False,,,
340,382,0,1,,42.7,42.7,42.7,False,,,
349,391,0,1,,42.7,42.7,42.7,True,0.33,0.7,0.35
349,394,3,1,nuovo italiano,42.7,42.7,42.7,True,0.33,0.7,0.35
351,397,1,1,gold edition nuevo precintado,42.7,42.7,42.7,True,0.3,0.78,0.55
353,400,0,1,,42.7,42.7,42.7,False,,,
354,401,0,1,,42.7,42.7,42.7,False,,,
358,405,0,1,,42.7,42.7,42.7,False,,,
370,417,0,1,,42.7,42.7,42.7,False,,,
372,419,0,1,,42.7,42.7,42.7,False,,,
383,430,0,1,,42.7,42.7,42.7,False,,,
385,432,0,1,,42.7,42.7,42.7,False,,,
390,437,0,1,,42.7,42.7,42.7,False,,,
396,443,0,1,,42.7,42.7,42.7,False,,,
406,456,0,1,,42.7,42.7,42.7,False,,,
420,470,0,1,,42.7,42.7,42.7,False,,,
426,476,0,1,,42.7,42.7,42.7,False,,,
427,477,0,1,,42.7,42.7,42.7,False,,,
436,486,0,1,,42.7,42.7,42.7,False,,,
441,491,0,1,,42.7,42.7,42.7,False,,,
442,492,0,1,,42.7,42.7,42.7,False,,,
454,504,0,1,,42.7,42.7,42.7,False,,,
457,507,0,1,,42.7,42.7,42.7,False,,,
481,531,0,1,,42.7,42.7,42.7,False,,,
489,540,0,1,,42.7,42.7,42.7,False,,,
490,541,0,1,,42.7,42.7,42.7,False,,,
522,580,0,1,,42.7,42.7,42.7,False,,,
525,583,0,1,,42.7,42.7,42.7,False,,,
532,590,0,1,,42.7,42.7,42.7,False,,,
553,611,0,1,,42.7,42.7,42.7,False,,,
565,623,0,1,,42.7,42.7,42.7,False,,,
577,635,0,1,,42.7,42.7,42.7,False,,,
580,638,0,1,,42.7,42.7,42.7,False,,,
614,672,0,1,,42.7,42.7,42.7,False,,,
667,732,0,1,,42.7,42.7,42.7,False,,,
135,157,0,1,,44.8,44.8,44.8,False,,,
344,386,0,1,,44.8,44.8,44.8,False,,,
560,618,0,1,,44.8,44.8,44.8,False,,,
621,679,0,1,,44.8,44.8,44.8,False,,,
262,295,0,1,,45.85,45.85,45.85,False,,,
699,770,0,1,,45.85,45.85,45.85,False,,,
397,444,0,1,,46.9,46.9,46.9,False,,,
160,184,2,1,ita sigillato,47.85,47.85,47.85,True,0.36,0.7,0.25
82,96,0,1,,47.94,47.94,47.94,False,,,
144,166,0,1,,47.94,47.94,47.94,False,,,
267,303,1,1,neuf et ps5,47.94,47.94,47.94,True,0.35,0.7,0.35
361,408,0,1,,47.94,47.94,47.94,False,,,
4,4,0,1,,47.95,47.95,47.95,False,,,
13,13,0,1,,47.95,47.95,47.95,False,,,
22,22,0,1,,47.95,47.95,47.95,False,,,
38,40,0,1,,47.95,47.95,47.95,False,,,
62,76,0,1,,47.95,47.95,47.95,False,,,
65,79,0,1,,47.95,47.95,47.95,False,,,
108,128,0,1,,47.95,47.95,47.95,False,,,
116,136,0,1,,47.95,47.95,47.95,False,,,
117,137,0,1,,47.95,47.95,47.95,False,,,
149,171,0,1,,47.95,47.95,47.95,False,,,
156,178,0,1,,47.95,47.95,47.95,False,,,
199,226,0,1,,47.95,47.95,47.95,False,,,
207,235,0,1,,47.95,47.95,47.95,False,,,
225,253,0,1,,47.95,47.95,47.95,False,,,
226,254,0,1,,47.95,47.95,47.95,False,,,
228,256,0,1,,47.95,47.95,47.95,False,,,
234,267,0,1,,47.95,47.95,47.95,False,,,
282,322,0,1,,47.95,47.95,47.95,False,,,
317,359,0,1,,47.95,47.95,47.95,False,,,
382,429,0,1,,47.95,47.95,47.95,False,,,
404,454,0,1,,47.95,47.95,47.95,False,,,
409,459,0,1,,47.95,47.95,47.95,False,,,
448,498,0,1,,47.95,47.95,47.95,False,,,
482,532,0,1,,47.95,47.95,47.95,False,,,
487,538,0,1,,47.95,47.95,47.95,False,,,
497,548,0,1,,47.95,47.95,47.95,False,,,
541,599,0,1,,47.95,47.95,47.95,False,,,
581,639,0,1,,47.95,47.95,47.95,False,,,
587,645,0,1,,47.95,47.95,47.95,False,,,
602,660,0,1,,47.95,47.95,47.95,False,,,
678,746,0,1,,47.95,47.95,47.95,True,0.33,0.7,0.35
682,753,0,1,,47.95,47.95,47.95,False,,,
688,759,0,1,,47.95,47.95,47.95,False,,,
694,765,0,1,,47.95,47.95,47.95,False,,,
238,271,0,1,,49.0,49.0,49.0,False,,,
381,428,0,1,,49.0,49.0,49.0,False,,,
289,331,0,1,,49.53,49.53,49.53,False,,,
269,307,0,1,,50.05,50.05,50.05,False,,,
57,71,0,1,,51.1,51.1,51.1,False,,,
97,115,0,1,,51.1,51.1,51.1,False,,,
110,130,0,1,,51.1,51.1,51.1,False,,,
471,521,0,1,,51.1,51.1,51.1,False,,,
592,650,0,1,,51.1,51.1,51.1,False,,,
597,655,0,1,,51.1,51.1,51.1,False,,,
218,246,0,1,,52.15,52.15,52.15,False,,,
416,466,0,1,,52.15,52.15,52.15,False,,,
433,483,0,1,,52.15,52.15,52.15,False,,,
470,520,0,1,,52.15,52.15,52.15,False,,,
661,726,3,1,console memory card joystick,52.15,52.15,52.15,True,0.3,0.7,0.55
90,108,0,1,,53.19,53.19,53.19,False,,,
124,146,0,1,,53.19,53.19,53.19,False,,,
188,212,0,1,,53.19,53.19,53.19,False,,,
210,238,0,1,,53.19,53.19,53.19,False,,,
256,289,0,1,,53.19,53.19,53.19,False,,,
276,316,0,1,,53.19,53.19,53.19,False,,,
431,481,0,1,,53.19,53.19,53.19,False,,,
8,8,0,1,,53.2,53.2,53.2,False,,,
30,32,0,1,,53.2,53.2,53.2,False,,,
58,72,0,1,,53.2,53.2,53.2,False,,,
59,73,0,1,,53.2,53.2,53.2,False,,,
74,88,0,1,,53.2,53.2,53.2,False,,,
79,93,0,1,,53.2,53.2,53.2,False,,,
81,95,0,1,,53.2,53.2,53.2,False,,,
84,98,0,1,,53.2,53.2,53.2,False,,,
88,105,3,1,playstation,53.2,53.2,53.2,True,0.33,0.7,0.35
89,107,0,1,,53.2,53.2,53.2,False,,,
95,113,0,1,,53.2,53.2,53.2,False,,,
112,132,0,1,,53.2,53.2,53.2,False,,,
115,135,0,1,,53.2,53.2,53.2,False,,,
136,158,0,1,,53.2,53.2,53.2,False,,,
141,163,0,1,,53.2,53.2,53.2,False,,,
158,180,0,1,,53.2,53.2,53.2,False,,,
166,190,0,1,,53.2,53.2,53.2,False,,,
180,204,0,1,,53.2,53.2,53.2,False,,,
198,225,0,1,,53.2,53.2,53.2,False,,,
205,233,0,1,,53.2,53.2,53.2,False,,,
222,250,0,1,,53.2,53.2,53.2,False,,,
223,251,0,1,,53.2,53.2,53.2,False,,,
224,252,0,1,,53.2,53.2,53.2,False,,,
229,257,0,1,,53.2,53.2,53.2,False,,,
247,280,0,1,,53.2,53.2,53.2,False,,,
249,282,0,1,,53.2,53.2,53.2,False,,,
275,315,0,1,,53.2,53.2,53.2,False,,,
277,317,0,1,,53.2,53.2,53.2,False,,,
278,318,0,1,,53.2,53.2,53.2,False,,,
297,339,0,1,,53.2,53.2,53.2,False,,,
300,342,0,1,,53.2,53.2,53.2,False,,,
331,373,0,1,,53.2,53.2,53.2,False,,,
334,376,0,1,,53.2,53.2,53.2,False,,,
339,381,0,1,,53.2,53.2,53.2,False,,,
343,385,0,1,,53.2,53.2,53.2,False,,,
345,387,0,1,,53.2,53.2,53.2,False,,,
346,388,0,1,,53.2,53.2,53.2,False,,,
349,392,1,1,biohazard neu ovp versiegelt pegi version,53.2,53.2,53.2,True,0.33,0.7,0.35
349,393,2,1,blister sous boitier fors neuf,53.2,53.2,53.2,True,0.33,0.7,0.35
359,406,0,1,,53.2,53.2,53.2,False,,,
367,414,0,1,,53.2,53.2,53.2,False,,,
376,423,0,1,,53.2,53.2,53.2,False,,,
388,435,0,1,,53.2,53.2,53.2,False,,,
389,436,0,1,,53.2,53.2,53.2,False,,,
392,439,0,1,,53.2,53.2,53.2,False,,,
398,445,0,1,,53.2,53.2,53.2,False,,,
414,464,0,1,,53.2,53.2,53.2,False,,,
419,469,0,1,,53.2,53.2,53.2,False,,,
421,471,0,1,,53.2,53.2,53.2,False,,,
434,484,0,1,,53.2,53.2,53.2,False,,,
474,524,0,1,,53.2,53.2,53.2,False,,,
492,543,0,1,,53.2,53.2,53.2,False,,,
514,567,0,1,,53.2,53.2,53.2,False,,,
547,605,0,1,,53.2,53.2,53.2,False,,,
551,609,0,1,,53.2,53.2,53.2,False,,,
567,625,0,1,,53.2,53.2,53.2,False,,,
571,629,0,1,,53.2,53.2,53.2,False,,,
574,632,0,1,,53.2,53.2,53.2,False,,,
579,637,0,1,,53.2,53.2,53.2,False,,,
591,649,0,1,,53.2,53.2,53.2,False,,,
593,651,0,1,,53.2,53.2,53.2,False,,,
637,695,0,1,,53.2,53.2,53.2,False,,,
650,710,0,1,,53.2,53.2,53.2,False,,,
678,748,2,1,ps4 ps5,53.2,53.2,53.2,True,0.33,0.7,0.35
686,757,0,1,,53.2,53.2,53.2,False,,,
687,758,0,1,,53.2,53.2,53.2,False,,,
693,764,0,1,,53.2,53.2,53.2,False,,,
701,772,0,1,,53.2,53.2,53.2,False,,,
415,465,0,1,,55.3,55.3,55.3,False,,,
696,767,0,1,,55.3,55.3,55.3,False,,,
365,412,0,1,,56.35,56.35,56.35,False,,,
33,35,0,1,,58.45,58.45,58.45,False,,,
43,45,0,1,,58.45,58.45,58.45,False,,,
49,56,3,1,volant,58.45,58.45,58.45,True,0.31,0.78,0.45
85,99,0,1,,58.45,58.45,58.45,False,,,
100,118,0,1,,58.45,58.45,58.45,False,,,
118,138,0,1,,58.45,58.45,58.45,False,,,
184,208,0,1,,58.45,58.45,58.45,False,,,
186,210,0,1,,58.45,58.45,58.45,False,,,
230,258,0,1,,58.45,58.45,58.45,False,,,
440,490,0,1,,58.45,58.45,58.45,False,,,
476,526,0,1,,58.45,58.45,58.45,False,,,
589,647,0,1,,58.45,58.45,58.45,False,,,
668,733,0,1,,58.45,58.45,58.45,False,,,
267,305,3,1,playstation,59.49,59.49,59.49,True,0.35,0.7,0.35
183,207,0,1,,61.6,61.6,61.6,False,,,
700,771,0,1,,62.13,62.13,62.13,False,,,
109,129,0,1,,63.6,63.6,63.6,False,,,
325,367,0,1,,63.65,63.65,63.65,False,,,
377,424,0,1,,63.65,63.65,63.65,False,,,
105,125,0,1,,63.69,63.69,63.69,False,,,
169,193,0,1,,63.69,63.69,63.69,False,,,
260,293,0,1,,63.69,63.69,63.69,False,,,
407,457,0,1,,63.69,63.69,63.69,False,,,
17,17,0,1,,63.7,63.7,63.7,False,,,
24,24,0,1,,63.7,63.7,63.7,False,,,
40,42,0,1,,63.7,63.7,63.7,False,,,
52,66,0,1,,63.7,63.7,63.7,False,,,
70,84,0,1,,63.7,63.7,63.7,False,,,
88,106,4,1,jeux ps fc,63.7,63.7,63.7,True,0.33,0.7,0.35
122,144,0,1,,63.7,63.7,63.7,False,,,
159,181,0,1,,63.7,63.7,63.7,False,,,
174,198,0,1,,63.7,63.7,63.7,False,,,
192,216,0,1,,63.7,63.7,63.7,False,,,
217,245,0,1,,63.7,63.7,63.7,False,,,
243,276,0,1,,63.7,63.7,63.7,False,,,
253,286,0,1,,63.7,63.7,63.7,False,,,
285,325,0,1,,63.7,63.7,63.7,False,,,
295,337,0,1,,63.7,63.7,63.7,False,,,
316,358,0,1,,63.7,63.7,63.7,False,,,
327,369,0,1,,63.7,63.7,63.7,False,,,
342,384,0,1,,63.7,63.7,63.7,False,,,
363,410,0,1,,63.7,63.7,63.7,False,,,
394,441,0,1,,63.7,63.7,63.7,False,,,
401,451,3,1,of us2 limited edition,63.7,63.7,63.7,True,0.3,0.78,0.55
423,473,0,1,,63.7,63.7,63.7,False,,,
430,480,0,1,,63.7,63.7,63.7,False,,,
435,485,0,1,,63.7,63.7,63.7,False,,,
438,488,0,1,,63.7,63.7,63.7,False,,,
464,514,0,1,,63.7,63.7,63.7,False,,,
569,627,0,1,,63.7,63.7,63.7,False,,,
576,634,0,1,,63.7,63.7,63.7,False,,,
611,669,0,1,,63.7,63.7,63.7,False,,,
616,674,0,1,,63.7,63.7,63.7,False,,,
631,689,0,1,,63.7,63.7,63.7,False,,,
678,749,3,1,volant trusmaster pedale,63.7,63.7,63.7,True,0.33,0.7,0.35
618,676,0,1,,65.8,65.8,65.8,False,,,
322,364,0,1,,66.85,66.85,66.85,False,,,
10,10,0,1,,67.85,67.85,67.85,False,,,
102,122,2,1,syndacate steelbook ps4,67.89,67.89,67.89,True,0.33,0.78,0.35
355,402,0,1,,67.9,67.9,67.9,False,,,
2,2,0,1,,68.95,68.95,68.95,False,,,
3,3,0,1,,68.95,68.95,68.95,False,,,
20,20,0,1,,68.95,68.95,68.95,False,,,
27,28,1,1,ps3,68.95,68.95,68.95,True,0.29,0.7,0.65
44,46,0,1,,68.95,68.95,68.95,False,,,
80,94,0,1,,68.95,68.95,68.95,False,,,
171,195,0,1,,68.95,68.95,68.95,False,,,
203,231,0,1,,68.95,68.95,68.95,False,,,
257,290,0,1,,68.95,68.95,68.95,False,,,
306,348,0,1,,68.95,68.95,68.95,False,,,
380,427,0,1,,68.95,68.95,68.95,False,,,
573,631,0,1,,68.95,68.95,68.95,False,,,
575,633,0,1,,68.95,68.95,68.95,False,,,
578,636,0,1,,68.95,68.95,68.95,False,,,
612,670,0,1,,68.95,68.95,68.95,False,,,
613,671,0,1,,68.95,68.95,68.95,False,,,
623,681,0,1,,68.95,68.95,68.95,False,,,
360,407,0,1,,72.09,72.09,72.09,False,,,
337,379,0,1,,72.1,72.1,72.1,False,,,
134,156,0,1,,73.15,73.15,73.15,False,,,
155,177,0,1,,73.15,73.15,73.15,False,,,
107,127,0,1,,74.19,74.19,74.19,False,,,
379,426,0,1,,74.19,74.19,74.19,False,,,
34,36,0,1,,74.2,74.2,74.2,False,,,
92,110,0,1,,74.2,74.2,74.2,False,,,
96,114,0,1,,74.2,74.2,74.2,False,,,
125,147,0,1,,74.2,74.2,74.2,False,,,
127,149,0,1,,74.2,74.2,74.2,False,,,
160,183,1,1,apocalypse edition,74.2,74.2,74.2,True,0.36,0.7,0.25
167,191,0,1,,74.2,74.2,74.2,False,,,
245,278,0,1,,74.2,74.2,74.2,False,,,
246,279,0,1,,74.2,74.2,74.2,False,,,
270,308,0,1,,74.2,74.2,74.2,False,,,
284,324,0,1,,74.2,74.2,74.2,False,,,
294,336,0,1,,74.2,74.2,74.2,False,,,
299,341,0,1,,74.2,74.2,74.2,False,,,
319,361,0,1,,74.2,74.2,74.2,False,,,
323,365,0,1,,74.2,74.2,74.2,False,,,
366,413,0,1,,74.2,74.2,74.2,False,,,
371,418,0,1,,74.2,74.2,74.2,False,,,
403,453,0,1,,74.2,74.2,74.2,False,,,
422,472,0,1,,74.2,74.2,74.2,False,,,
425,475,0,1,,74.2,74.2,74.2,False,,,
451,501,0,1,,74.2,74.2,74.2,False,,,
465,515,0,1,,74.2,74.2,74.2,False,,,
466,516,0,1,,74.2,74.2,74.2,False,,,
563,621,0,1,,74.2,74.2,74.2,False,,,
615,673,0,1,,74.2,74.2,74.2,False,,,
673,738,0,1,lenkrad,74.2,74.2,74.2,True,0.3,0.78,0.55
679,750,0,1,,74.2,74.2,74.2,False,,,
684,755,0,1,,74.2,74.2,74.2,False,,,
698,769,0,1,,74.2,74.2,74.2,False,,,
18,18,0,1,,79.45,79.45,79.45,False,,,
28,30,0,1,,79.45,79.45,79.45,False,,,
72,86,0,1,,79.45,79.45,79.45,False,,,
143,165,0,1,,79.45,79.45,79.45,False,,,
157,179,0,1,,79.45,79.45,79.45,False,,,
164,188,0,1,,79.45,79.45,79.45,False,,,
187,211,0,1,,79.45,79.45,79.45,False,,,
302,344,0,1,,79.45,79.45,79.45,False,,,
352,399,0,1,,79.45,79.45,79.45,False,,,
357,404,0,1,,79.45,79.45,79.45,False,,,
432,482,0,1,,79.45,79.45,79.45,False,,,
566,624,0,1,,79.45,79.45,79.45,False,,,
583,641,0,1,,79.45,79.45,79.45,False,,,
649,709,0,1,,84.18,84.18,84.18,False,,,
395,442,0,1,,84.65,84.65,84.65,False,,,
408,458,0,1,,84.65,84.65,84.65,False,,,
71,85,0,1,,84.69,84.69,84.69,False,,,
27,29,2,1,,84.7,84.7,84.7,True,0.29,0.7,0.65
35,37,0,1,,84.7,84.7,84.7,False,,,
131,153,0,1,,84.7,84.7,84.7,False,,,
142,164,0,1,,84.7,84.7,84.7,False,,,
215,243,0,1,,84.7,84.7,84.7,False,,,
227,255,0,1,,84.7,84.7,84.7,False,,,
251,284,0,1,,84.7,84.7,84.7,False,,,
273,313,0,1,,84.7,84.7,84.7,False,,,
286,327,1,1,the legacy collection for ps3 brand new and,84.7,84.7,84.7,True,0.3,0.78,0.55
341,383,0,1,,84.7,84.7,84.7,False,,,
418,468,0,1,,84.7,84.7,84.7,False,,,
444,494,0,1,,84.7,84.7,84.7,False,,,
507,560,0,1,,84.7,84.7,84.7,False,,,
523,581,0,1,,84.7,84.7,84.7,False,,,
539,597,0,1,,84.7,84.7,84.7,False,,,
540,598,0,1,,84.7,84.7,84.7,False,,,
545,603,0,1,,84.7,84.7,84.7,False,,,
550,608,0,1,,84.7,84.7,84.7,False,,,
600,658,0,1,,84.7,84.7,84.7,False,,,
670,735,0,1,,84.7,84.7,84.7,False,,,
685,756,0,1,,84.7,84.7,84.7,False,,,
557,615,0,1,,89.85,89.85,89.85,False,,,
69,83,0,1,,89.95,89.95,89.95,False,,,
78,92,0,1,,89.95,89.95,89.95,False,,,
147,169,0,1,,89.95,89.95,89.95,False,,,
233,266,2,1,atelier ryza,89.95,89.95,89.95,True,0.32,0.78,0.44999999999999996
330,372,0,1,,89.95,89.95,89.95,False,,,
378,425,0,1,,89.95,89.95,89.95,False,,,
401,449,1,1,of us special edition sony,89.95,89.95,89.95,True,0.3,0.78,0.55
479,529,0,1,,89.95,89.95,89.95,False,,,
531,589,0,1,,89.95,89.95,89.95,False,,,
533,591,0,1,,89.95,89.95,89.95,False,,,
594,652,0,1,,89.95,89.95,89.95,False,,,
632,690,0,1,,89.95,89.95,89.95,False,,,
658,720,0,1,,90.95,90.95,90.95,False,,,
123,145,0,1,,92.39,92.39,92.39,False,,,
350,395,0,1,,94.15,94.15,94.15,False,,,
606,664,0,1,,95.1,95.1,95.1,False,,,
7,7,0,1,,95.2,95.2,95.2,False,,,
60,74,0,1,,95.2,95.2,95.2,False,,,
233,265,1,1,dusk diver,95.2,95.2,95.2,True,0.32,0.78,0.44999999999999996
329,371,0,1,,95.2,95.2,95.2,False,,,
399,446,0,1,,95.2,95.2,95.2,False,,,
486,537,0,1,,95.2,95.2,95.2,False,,,
504,557,0,1,,95.2,95.2,95.2,False,,,
512,565,0,1,,95.2,95.2,95.2,False,,,
559,617,0,1,,95.2,95.2,95.2,False,,,
598,656,0,1,,95.2,95.2,95.2,False,,,
609,667,0,1,,95.2,95.2,95.2,False,,,
620,678,0,1,,95.2,95.2,95.2,False,,,
669,734,0,1,,95.2,95.2,95.2,False,,,
671,736,0,1,,95.2,95.2,95.2,False,,,
678,747,1,1,ferrari,95.2,95.2,95.2,True,0.33,0.7,0.35
689,760,0,1,,95.2,95.2,95.2,False,,,
692,763,0,1,,95.2,95.2,95.2,False,,,
495,546,0,1,,100.35,100.35,100.35,False,,,
83,97,0,1,,100.45,100.45,100.45,False,,,
114,134,0,1,,100.45,100.45,100.45,False,,,
172,196,0,1,,100.45,100.45,100.45,False,,,
468,518,0,1,,100.45,100.45,100.45,False,,,
622,680,0,1,,100.45,100.45,100.45,False,,,
630,688,0,1,,100.45,100.45,100.45,False,,,
662,727,0,1,,100.45,100.45,100.45,False,,,
32,34,0,1,,103.6,103.6,103.6,False,,,
384,431,0,1,,104.65,104.65,104.65,False,,,
130,152,0,1,,105.6,105.6,105.6,False,,,
272,312,2,1,imperdibili new sealed,105.6,105.6,105.6,True,0.3,0.7,0.55
356,403,0,1,,105.6,105.6,105.6,False,,,
111,131,0,1,,105.69,105.69,105.69,False,,,
258,291,0,1,,105.69,105.69,105.69,False,,,
447,497,0,1,,105.69,105.69,105.69,False,,,
515,568,0,1,,105.69,105.69,105.69,False,,,
638,696,0,1,,105.69,105.69,105.69,False,,,
31,33,0,1,,105.7,105.7,105.7,False,,,
37,39,0,1,,105.7,105.7,105.7,False,,,
45,47,0,1,,105.7,105.7,105.7,False,,,
56,70,0,1,,105.7,105.7,105.7,False,,,
68,82,0,1,,105.7,105.7,105.7,False,,,
98,116,0,1,,105.7,105.7,105.7,False,,,
152,174,0,1,,105.7,105.7,105.7,False,,,
175,199,0,1,,105.7,105.7,105.7,False,,,
193,218,1,1,hd limited precintado,105.7,105.7,105.7,True,0.36,0.78,0.25
271,309,0,1,,105.7,105.7,105.7,False,,,
291,333,0,1,,105.7,105.7,105.7,False,,,
301,343,0,1,,105.7,105.7,105.7,False,,,
305,347,0,1,,105.7,105.7,105.7,False,,,
314,356,0,1,,105.7,105.7,105.7,False,,,
324,366,0,1,,105.7,105.7,105.7,False,,,
412,462,0,1,,105.7,105.7,105.7,False,,,
452,502,0,1,,105.7,105.7,105.7,False,,,
455,505,0,1,,105.7,105.7,105.7,False,,,
488,539,0,1,,105.7,105.7,105.7,False,,,
503,556,0,1,,105.7,105.7,105.7,False,,,
510,563,0,1,,105.7,105.7,105.7,False,,,
513,566,0,1,,105.7,105.7,105.7,False,,,
521,579,0,1,,105.7,105.7,105.7,False,,,
524,582,0,1,,105.7,105.7,105.7,False,,,
544,602,0,1,,105.7,105.7,105.7,False,,,
549,607,0,1,,105.7,105.7,105.7,False,,,
555,613,0,1,,105.7,105.7,105.7,False,,,
556,614,0,1,,105.7,105.7,105.7,False,,,
564,622,0,1,,105.7,105.7,105.7,False,,,
572,630,0,1,,105.7,105.7,105.7,False,,,
584,642,0,1,,105.7,105.7,105.7,False,,,
585,643,0,1,,105.7,105.7,105.7,False,,,
603,661,0,1,,105.7,105.7,105.7,False,,,
634,692,0,1,,105.7,105.7,105.7,False,,,
660,722,0,1,,105.7,105.7,105.7,False,,,
661,724,1,1,slim usata volte joystick originali,105.7,105.7,105.7,True,0.3,0.7,0.55
661,725,2,1,slim tb controller,105.7,105.7,105.7,True,0.3,0.7,0.55
690,761,0,1,,105.7,105.7,105.7,False,,,
368,415,0,1,,110.94,110.94,110.94,False,,,
505,558,0,1,,110.95,110.95,110.95,False,,,
519,577,4,1,controller,110.95,110.95,110.95,True,0.32,0.7,0.44999999999999996
652,712,0,1,,114.63,114.63,114.63,False,,,
26,26,0,1,,116.2,116.2,116.2,False,,,
39,41,0,1,,116.2,116.2,116.2,False,,,
151,173,0,1,,116.2,116.2,116.2,False,,,
177,201,0,1,,116.2,116.2,116.2,False,,,
588,646,0,1,,116.2,116.2,116.2,False,,,
666,731,0,1,,116.2,116.2,116.2,False,,,
673,741,3,1,volant pro,116.2,116.2,116.2,True,0.3,0.78,0.55
562,620,0,1,,121.45,121.45,121.45,False,,,
653,713,0,1,,121.45,121.45,121.45,False,,,
627,685,0,1,,125.65,125.65,125.65,False,,,
12,12,0,1,,126.69,126.69,126.69,False,,,
19,19,0,1,,126.7,126.7,126.7,False,,,
49,57,4,1,,126.7,126.7,126.7,True,0.31,0.78,0.45
197,224,0,1,,126.7,126.7,126.7,False,,,
211,239,0,1,,126.7,126.7,126.7,False,,,
279,319,0,1,,126.7,126.7,126.7,False,,,
312,354,0,1,,126.7,126.7,126.7,False,,,
413,463,0,1,,126.7,126.7,126.7,False,,,
424,474,0,1,,126.7,126.7,126.7,False,,,
453,503,0,1,,126.7,126.7,126.7,False,,,
502,555,0,1,,126.7,126.7,126.7,False,,,
519,575,2,1,1000gb gioco,126.7,126.7,126.7,True,0.32,0.7,0.44999999999999996
520,578,0,1,,126.7,126.7,126.7,False,,,
586,644,0,1,,126.7,126.7,126.7,False,,,
654,714,0,1,,126.7,126.7,126.7,False,,,
665,730,0,1,,126.7,126.7,126.7,False,,,
702,773,0,1,,126.7,126.7,126.7,False,,,
102,121,1,1,unity notre dame ps4 complete,131.95,131.95,131.95,True,0.33,0.78,0.35
303,345,0,1,,131.95,131.95,131.95,False,,,
401,450,2,1,guardian coleccionista,131.95,131.95,131.95,True,0.3,0.78,0.55
429,479,0,1,,131.95,131.95,131.95,False,,,
642,702,0,1,,131.95,131.95,131.95,False,,,
673,740,2,1,voltante con pedaliera,131.95,131.95,131.95,True,0.3,0.78,0.55
400,447,0,1,,137.1,137.1,137.1,False,,,
610,668,0,1,,137.1,137.1,137.1,False,,,
695,766,0,1,,137.1,137.1,137.1,False,,,
163,187,0,1,,137.19,137.19,137.19,False,,,
23,23,0,1,,137.2,137.2,137.2,False,,,
128,150,0,1,,137.2,137.2,137.2,False,,,
140,162,0,1,,137.2,137.2,137.2,False,,,
242,275,0,1,,137.2,137.2,137.2,False,,,
293,335,0,1,,137.2,137.2,137.2,False,,,
443,493,0,1,,137.2,137.2,137.2,False,,,
445,495,0,1,,137.2,137.2,137.2,False,,,
493,544,0,1,,137.2,137.2,137.2,False,,,
511,564,0,1,,137.2,137.2,137.2,False,,,
538,596,0,1,,137.2,137.2,137.2,False,,,
619,677,0,1,,137.2,137.2,137.2,False,,,
645,705,0,1,,137.2,137.2,137.2,False,,,
647,707,0,1,,137.2,137.2,137.2,False,,,
347,389,0,1,,139.3,139.3,139.3,False,,,
626,684,0,1,,142.45,142.45,142.45,False,,,
641,700,1,1,ps4 novo comando jogo read dead ii,142.45,142.45,142.45,True,0.36,0.7,0.25
655,715,0,1,,142.45,142.45,142.45,False,,,
672,737,0,1,,146.65,146.65,146.65,False,,,
120,140,0,1,,147.7,147.7,147.7,False,,,
170,194,0,1,,147.7,147.7,147.7,False,,,
437,487,0,1,,147.7,147.7,147.7,False,,,
461,511,0,1,,147.7,147.7,147.7,False,,,
491,542,0,1,,147.7,147.7,147.7,False,,,
568,626,0,1,,147.7,147.7,147.7,False,,,
641,701,2,1,500gb joystick,147.7,147.7,147.7,True,0.36,0.7,0.25
644,704,0,1,,147.7,147.7,147.7,False,,,
106,126,0,1,,152.95,152.95,152.95,False,,,
518,572,1,1,1tb come nuova,158.1,158.1,158.1,True,0.32,0.6,0.44999999999999996
605,663,0,1,,158.1,158.1,158.1,False,,,
625,683,0,1,,158.1,158.1,158.1,False,,,
76,90,0,1,,158.19,158.19,158.19,False,,,
219,247,0,1,,158.19,158.19,158.19,False,,,
50,63,4,1,,158.2,158.2,158.2,True,0.33,0.78,0.35
126,148,0,1,,158.2,158.2,158.2,False,,,
189,213,0,1,,158.2,158.2,158.2,False,,,
259,292,0,1,,158.2,158.2,158.2,False,,,
267,304,2,1,neufs sous blister gow,158.2,158.2,158.2,True,0.35,0.7,0.35
286,328,2,1,the definitive experience ps4 signed,158.2,158.2,158.2,True,0.3,0.78,0.55
304,346,0,1,,158.2,158.2,158.2,False,,,
458,508,0,1,,158.2,158.2,158.2,False,,,
459,509,0,1,,158.2,158.2,158.2,False,,,
467,517,0,1,,158.2,158.2,158.2,False,,,
473,523,0,1,,158.2,158.2,158.2,False,,,
478,528,0,1,,158.2,158.2,158.2,False,,,
500,552,0,1,,158.2,158.2,158.2,False,,,
519,574,1,1,500go,158.2,158.2,158.2,True,0.32,0.7,0.44999999999999996
534,592,0,1,,158.2,158.2,158.2,False,,,
537,595,0,1,,158.2,158.2,158.2,False,,,
595,653,0,1,,158.2,158.2,158.2,False,,,
656,717,1,1,terabyte,158.2,158.2,158.2,True,0.32,0.65,0.44999999999999996
663,728,0,1,,158.2,158.2,158.2,False,,,
599,657,0,1,,165.55,165.55,165.55,False,,,
48,51,1,1,,168.7,168.7,168.7,True,0.36,0.78,0.25
405,455,0,1,,168.7,168.7,168.7,False,,,
657,719,0,1,,168.7,168.7,168.7,False,,,
697,768,0,1,,168.7,168.7,168.7,False,,,
526,584,0,1,,172.9,172.9,172.9,False,,,
336,378,0,1,,179.2,179.2,179.2,False,,,
656,718,2,1,1to comme neuve,179.2,179.2,179.2,True,0.32,0.65,0.44999999999999996
439,489,0,1,,183.63,183.63,183.63,False,,,
311,353,0,1,,183.86,183.86,183.86,False,,,
77,91,0,1,,183.93,183.93,183.93,False,,,
639,697,0,1,,184.45,184.45,184.45,False,,,
628,686,0,1,,188.65,188.65,188.65,False,,,
48,52,2,1,controller,189.7,189.7,189.7,True,0.36,0.78,0.25
54,68,0,1,,189.7,189.7,189.7,False,,,
250,283,0,1,,189.7,189.7,189.7,False,,,
313,355,0,1,,189.7,189.7,189.7,False,,,
463,513,0,1,,189.7,189.7,189.7,False,,,
519,576,3,1,minecraft,189.7,189.7,189.7,True,0.32,0.7,0.44999999999999996
604,662,0,1,,189.7,189.7,189.7,False,,,
664,729,0,1,,189.7,189.7,189.7,False,,,
472,522,0,1,,194.95,194.95,194.95,False,,,
517,570,0,1,,199.15,199.15,199.15,False,,,
231,261,2,1,the last blade and neuf,200.2,200.2,200.2,True,0.33,0.78,0.35
231,262,3,1,samurai shodown collection,200.2,200.2,200.2,True,0.33,0.78,0.35
548,606,0,1,,200.2,200.2,200.2,False,,,
530,588,0,1,,200.73,200.73,200.73,False,,,
263,297,1,1,iii premium spiral edition ps5 neuf,210.6,210.6,210.6,True,0.35,0.65,0.35
582,640,0,1,,210.69,210.69,210.69,False,,,
50,64,5,1,pedais como novo,210.7,210.7,210.7,True,0.33,0.78,0.35
101,119,0,1,,210.7,210.7,210.7,False,,,
113,133,0,1,,210.7,210.7,210.7,False,,,
148,170,0,1,,210.7,210.7,210.7,False,,,
161,185,0,1,,210.7,210.7,210.7,False,,,
190,214,0,1,,210.7,210.7,210.7,False,,,
194,221,0,1,,210.7,210.7,210.7,False,,,
309,351,0,1,,210.7,210.7,210.7,False,,,
674,742,0,1,,221.2,221.2,221.2,False,,,
11,11,0,1,,227.5,227.5,227.5,False,,,
50,60,1,1,racing wheel,231.7,231.7,231.7,True,0.33,0.78,0.35
55,69,0,1,,231.7,231.7,231.7,False,,,
673,739,1,1,rs volant racing retour de force pc ps5,231.7,231.7,231.7,True,0.3,0.78,0.55
51,65,0,1,,242.2,242.2,242.2,False,,,
221,249,0,1,,242.2,242.2,242.2,False,,,
231,259,0,1,mark of the wolves and neuf,242.2,242.2,242.2,True,0.33,0.78,0.35
231,260,1,1,metal slug anthology and neuf,242.2,242.2,242.2,True,0.33,0.78,0.35
261,294,0,1,,242.2,242.2,242.2,False,,,
449,499,0,1,,247.45,247.45,247.45,False,,,
428,478,0,1,,252.7,252.7,252.7,False,,,
402,452,0,1,,257.94,257.94,257.94,False,,,
629,687,0,1,,262.15,262.15,262.15,False,,,
50,61,2,1,volant pedalier etat neuf playstation pc,263.2,263.2,263.2,True,0.33,0.78,0.35
50,62,3,1,volante se,263.2,263.2,263.2,True,0.33,0.78,0.35
53,67,0,1,,263.2,263.2,263.2,False,,,
193,219,2,1,xiv stormblood collector ps4 sigillato,263.2,263.2,263.2,True,0.36,0.78,0.25
332,374,0,1,,263.2,263.2,263.2,False,,,
446,496,0,1,,263.2,263.2,263.2,False,,,
528,586,0,1,,263.2,263.2,263.2,False,,,
601,659,0,1,,263.2,263.2,263.2,False,,,
640,698,0,1,,263.2,263.2,263.2,False,,,
596,654,0,1,,273.6,273.6,273.6,False,,,
16,16,0,1,,273.7,273.7,273.7,False,,,
691,762,0,1,,294.7,294.7,294.7,False,,,
47,49,0,1,,315.7,315.7,315.7,False,,,
182,206,0,1,,315.7,315.7,315.7,False,,,
506,559,0,1,,315.7,315.7,315.7,False,,,
535,593,0,1,,315.7,315.7,315.7,False,,,
516,569,0,1,,336.7,336.7,336.7,False,,,
607,665,0,1,,336.7,336.7,336.7,False,,,
181,205,0,1,,368.2,368.2,368.2,False,,,
287,329,0,1,,368.2,368.2,368.2,False,,,
391,438,0,1,,368.2,368.2,368.2,False,,,
661,723,0,1,,368.2,368.2,368.2,True,0.3,0.7,0.55
456,506,0,1,,378.7,378.7,378.7,False,,,
543,601,0,1,,399.7,399.7,399.7,False,,,
552,610,0,1,,399.7,399.7,399.7,False,,,
608,666,0,1,,410.2,410.2,410.2,False,,,
546,604,0,1,,431.2,431.2,431.2,False,,,
554,612,0,1,,452.2,452.2,452.2,False,,,
351,398,2,1,village edicion coleccionista nuevo precintado,473.2,473.2,473.2,True,0.3,0.78,0.55
93,111,0,1,,510.0,510.0,510.0,False,,,
496,547,0,1,,510.0,510.0,510.0,False,,,
676,744,0,1,,510.0,510.0,510.0,False,,,
9,9,0,1,,610.98,610.98,610.98,False,,,
46,48,0,1,,693.6,693.6,693.6,False,,,
41,43,0,1,,714.0,714.0,714.0,False,,,
14,14,0,1,,765.0,765.0,765.0,False,,,
636,694,0,1,,765.0,765.0,765.0,False,,,
508,561,0,1,,969.0,969.0,969.0,False,,,
