Title,Price,Brand,Size,Link,Likes,Dataid,MarketStatus,SearchDate,Images,SearchCount,Page,Interested_count,View_count,Description,Condition,Upload_date,SellerId,SellerName,Stars,Location,ReviewsCount
Nieuwe sneakers maat 41,53.2,Nike,41.0,https://www.vinted.it/items/6527483981-nieuwe-sneakers-maat-41?referrer=catalog,0,6527483981,On Sale,16/06/2025 22:10:04,[],1,1,,,,Nuovo senza cartellino,Proprio adesso, ,sabrinadeboer,4.7,,584
Melvin et Hamilton 38,89.95,Melvin & Hamilton,38.0,https://www.vinted.it/items/6527483658-melvin-et-hamilton-38?referrer=catalog,0,6527483658,On Sale,16/06/2025 22:10:04,[],1,1,,,,Nuovo senza cartellino,Proprio adesso, ,nanou9996,4.8,,3653
Tacones,11.2,Local,35.0,https://www.vinted.it/items/6527483704-tacones?referrer=catalog,0,6527483704,On Sale,16/06/2025 22:10:04,[],1,1,,,,Nuovo senza cartellino,Proprio adesso, ,fernandezadr,5.0,,6
Escarpins cuir daim noir 39 André neufs,15.4,André,39.0,https://www.vinted.it/items/6527484051-escarpins-cuir-daim-noir-39-andre-neufs?referrer=catalog,0,6527484051,On Sale,16/06/2025 22:10:04,[],1,1,,,,Nuovo senza cartellino,Proprio adesso, ,carogini1971,4.9,,321
Enkellaars met hak,5.95,Graceland,39.0,https://www.vinted.it/items/6527483968-enkellaars-met-hak?referrer=catalog,0,6527483968,On Sale,16/06/2025 22:10:04,[],1,1,,,,Nuovo senza cartellino,Proprio adesso, ,anieke1993,-1.0,,0
Miharas,95.2,Mihara Yasuhiro,45.0,https://www.vinted.it/items/6527483630-miharas?referrer=catalog,0,6527483630,On Sale,16/06/2025 22:10:04,[],1,1,,,,Nuovo senza cartellino,Proprio adesso, ,juniorbello,2.3,,6
Claquette noire,16.45,Etam,36.5,https://www.vinted.it/items/6527517822-claquette-noire?referrer=catalog,0,6527517822,On Sale,16/06/2025 22:16:20,[],1,1,,,,Nuovo senza cartellino,Proprio adesso,,hasnaabercham,4.8,,45
Chaussure à talon ouvertes,11.2,Babaroni,37.0,https://www.vinted.it/items/6527519316-chaussure-a-talon-ouvertes?referrer=catalog,0,6527519316,On Sale,16/06/2025 22:16:20,[],1,1,,,,Nuovo senza cartellino,Proprio adesso,,nel0831,5.0,,11
Havaianas,26.95,Havaianas,37.5,https://www.vinted.it/items/6527518128-havaianas?referrer=catalog,0,6527518128,On Sale,16/06/2025 22:16:20,[],1,1,,,,Nuovo senza cartellino,Proprio adesso,,enzomo.91,4.9,,39
Adidas spezial handball,83.65,adidas,37.0,https://www.vinted.it/items/6527518425-adidas-spezial-handball?referrer=catalog,0,6527518425,On Sale,16/06/2025 22:16:20,[],1,1,,,,Nuovo senza cartellino,Proprio adesso,,imdidicloset,4.8,,799
À vendre basket Marque CETTi  blanche en cuir,53.2,Cetti,37.0,https://www.vinted.it/items/6527518821-a-vendre-basket-marque-cetti-blanche-en-cuir?referrer=catalog,0,6527518821,On Sale,16/06/2025 22:16:20,[],1,1,,,,Nuovo senza cartellino,Proprio adesso,,nancycorrales,4.8,,87
schwarze Espadrilles von H&M,7.0,H&M,40.0,https://www.vinted.it/items/6527518202-schwarze-espadrilles-von-hm?referrer=catalog,0,6527518202,On Sale,16/06/2025 22:16:20,[],1,1,,,,Nuovo senza cartellino,Proprio adesso,,dina1997muc,5.0,,3
Adidas Samba,52.15,adidas,40.0,https://www.vinted.it/items/6527544401-adidas-samba?referrer=catalog,0,6527544401,On Sale,16/06/2025 22:20:59,[],1,1,,,"Revends mes samba achète en mai 2025, sont un peu petite pour moi T40 UK:6,5 Portées 3 fois acheté chez courir",Nuovo senza cartellino,Proprio adesso,,loupia17,4.9,,83
"Nike Air Force ""107",26.95,Nike Air,43.0,https://www.vinted.it/items/6527544837-nike-air-force-107?referrer=catalog,0,6527544837,On Sale,16/06/2025 22:20:59,[],1,1,,,úplne nové 100%,Nuovo senza cartellino,Proprio adesso,,herringgriffinss8360,-1.0,,0
Sandales à talons,4.9,Bershka,36.0,https://www.vinted.it/items/6527544766-sandales-a-talons?referrer=catalog,0,6527544766,On Sale,16/06/2025 22:20:59,[],1,1,,,Sandales à talons jaune moutarde Avec frange sur le dessus et accroche à la cheville Marque bershka Taille 36 Neuve sans étiquette,Nuovo senza cartellino,Proprio adesso,,titifafany,4.6,,235
Jordan 1 Low x Dior,200.2,Jordan,38.0,https://www.vinted.it/items/6514930085-jordan-1-low-x-dior?referrer=catalog,0,6514930085,On Sale,16/06/2025 22:21:00,[],1,1,,,Nuevas!!! Talla 38 No dudes en escribirme si tienes dudas,Nuovo senza cartellino,Proprio adesso,,carolinag799,4.7,,16
Converse Chuck Taylor All Star Ox-grau,42.7,Converse,38.0,https://www.vinted.it/items/6527544286-converse-chuck-taylor-all-star-ox-grau?referrer=catalog,0,6527544286,On Sale,16/06/2025 22:21:00,[],1,1,,,"Hallo, ich verkaufe neue und ungetragene original Chucks in Größe 38 und der Farbe grau. Sehr schöne und bequeme Sneaker, sehr pflegeleicht und waschbar. Ich kann Sie aufgrund einer Fuß Verschlechterung in dieser Größe leider nicht mehr tragen. Bei Interesse bzw. weiteren Fragen gerne per PN :) Beim Kauf von 2 Paaren gebe ich gerne noch einen Nachlass.",Nuovo senza cartellino,Proprio adesso,,monsch90,-1.0,,0
Basket Gant taille 44,84.7,GANT,44.0,https://www.vinted.it/items/6527545004-basket-gant-taille-44?referrer=catalog,0,6527545004,On Sale,16/06/2025 22:21:00,[],1,1,,,Très joli basket homme très peu porté comme neuve,Nuovo senza cartellino,Proprio adesso,,lyly2804,4.9,,400
Zapatillas salomon s/lab ultra glide,200.2,Salomon,46.0,https://www.vinted.it/items/6532636945-zapatillas-salomon-slab-ultra-glide?referrer=catalog,0,6532636945,On Sale,17/06/2025 21:00:14,[],1,1,,,"Se venden zapatillas s/lab ultra glide de talla 46, solo tienen una salida de 15km. Las vendo por error de talla",Nuovo senza cartellino,8 min fa,1,ioar1,-1.0,,0
Angulus Sandalen,21.7,Angulus,36.0,https://www.vinted.it/items/6532636424-angulus-sandalen?referrer=catalog,0,6532636424,On Sale,17/06/2025 21:00:15,[],1,1,,,-Neu und ungetragen,Nuovo senza cartellino,8 min fa,2,bues1996,5.0,,666
Escarpins Dahpop Jonak neufs,147.7,Jonak,37.0,https://www.vinted.it/items/6532636437-escarpins-dahpop-jonak-neufs?referrer=catalog,0,6532636437,Sold,17/06/2025 21:00:15,[],1,1,,,Portés une fois pour une cérémonie ! Avec boîte et papiers d’origine Excellent état voir semelles sur les photos,Nuovo senza cartellino,8 min fa,3,m.dubourdieu.r,4.8,,95
Chaussures adidas supernova,58.45,adidas,43.5,https://www.vinted.it/items/6532636875-chaussures-adidas-supernova?referrer=catalog,0,6532636875,Sold,17/06/2025 21:00:15,[],1,1,,,En tres bon etat,Nuovo senza cartellino,8 min fa,4,elin1922,4.9,,35
Escarpins Daims couleur taupe Neufs,11.2,Parallèle,37.0,https://www.vinted.it/items/6532636656-escarpins-daims-couleur-taupe-neufs?referrer=catalog,0,6532636656,Sold,17/06/2025 21:00:15,[],1,1,,,"Escarpins neufs jamais portés, tout cuir Taille du talon : 7 cm",Nuovo senza cartellino,8 min fa,5,turkoise60,-1.0,,0
Viral asics gel nyc,100.45,Asics,39.0,https://www.vinted.it/items/6532637268-viral-asics-gel-nyc?referrer=catalog,0,6532637268,Sold,17/06/2025 21:00:15,[],1,1,,,"- Oyster grey - Maat 39 - 1x belopen, veder niet! - Mooie stijlvolle schoenen, lopen als kussentjes en passen bij iedere outfit!",Nuovo senza cartellino,8 min fa,6,noaaalbers,4.9,,52
Dr. Martens 5i Quad Max Black Buttero -bottes neuves cuir plateforme - T. 38,147.7,No brand,36.0,https://www.vinted.it/items/6532586225-dr-martens-5i-quad-max-black-buttero-bottes-neuves-cuir-plateforme-t-38?referrer=catalog,0,6532586225,Sold,17/06/2025 21:10:27,[],4,1,,,"Dr. Martens 5i Quad Max neuves – jamais portées. Cuir Buttero noir de haute qualité, semelle plateforme ultra épaisse pour un look puissant et tendance. 💎Modèle: Quad Max - 5 œillets 🖤Cuir Buttero (souple, brillant, durable) ✔️Unisexe (convient homme & femme) 🥾Semelles et extérieur impeccables 💥Valeur boutique : 259 € – vendues ici bien moins cher ! #DrMartens #DocMartens #DrMartens5i #DrMartensQuadMax #DrMartensBoots #SecondHandStyle #BuySellSwap #SellYourStyle #FashionAlert #Chaussures Femme #Chaussures Homme #DrMartens Femme #ModeAlternative #LookDuJour #ModeDeRue #ModeResponsable #ModeOccasion #ReventeDeMarques #VintedFrance #ModaUnisex #EstiloGrunge #ModaPunk #PlateauStiefel #DrMartens Deutschland #AlternativeMode #VintageMode #NachhaltigeMode #VintedDeutschland #ScarpeDrMartens #ModaSostenibile #Chaussures Noires #Bottes Femme #Bottes Noires #BottesPlateforme #Botas Negras #Botas Plataforma #BotasDrMartens #Moda Alternativa #ModaSostenible #VintedEspaña #VintedLatinoamérica #EstiloUrbano #ModaVintage #Reventa Moda #Stiefel Damen #Schwarze Stiefel #UnisexSchuhe #GothicStil #ModeVerkauf #StilDesTages #StivaliNeri #ScarpePlatform #StileAlternativo #Moda Usata #ScarpeUnisex #ModaDonna #ModaSeconda Mano #VintedItalia #Vendita Privata #StileDelGiorno #Botas DocMartens #ModaSustentável #EstiloAlternativo #Botas DeCouro #EstiloUnissex #BotasFemininas #DrMartensStyle #DocsOutfit #PlatformBoots #ChunkyBoots #BlackBoots #ButteroLeather #RealLeather Boots #LeatherBoots #ThickSoleBoots #5EyeBoots #CombatBoots #UnisexBoots #PunkFashion #GrungeOutfit #StreetwearStyle #AltFashion #GothicStyle #Y2KFashion #PinterestOutfit #StreetwearVibes #OOTD #OutfitInspo #DarkAesthetic #TrendingShoes #BestsellerShoes #VintedFinds #SellOnVinted #ShopMyCloset #ClosetCleanout #ClosetSale #ResellShoes #VintedFashion #Fashion Resale #SustainableFashion #SlowFashion",Nuovo senza cartellino,15 min fa,1,lyazer,4.7,,96
Dr martens blaire slide,100.45,Dr. Martens,40.0,https://www.vinted.it/items/6532215358-dr-martens-blaire-slide?referrer=catalog,0,6532215358,Sold,17/06/2025 21:10:27,[],4,1,,,"En excellent etat, porté 2 fois. Envoi rapide 🌺. Remise en mains propre possible en ile de france 👌🏻.",Nuovo senza cartellino,15 min fa,2,gad95200,5.0,,389
Escarpins,53.1,Ruby Shoo,39.0,https://www.vinted.it/items/6530682579-escarpins?referrer=catalog,0,6530682579,Sold,17/06/2025 21:10:27,[],4,1,,,Escarpins bleu marine à pois blancs avec une fleur rouge devant. Pas de boîte. Marque Ruby Shoo. Pointure indiquée EUR39. Talon 10 cm #pinup #retro #vintage #original #rockabilly #misscandyrose_chaussure #misscandyrose_p39 #misscandyrose_p40,Nuovo senza cartellino,10 min fa,3,Pin Up et Moi,5.0,,537
Chanel Sneaker Gold Weiß Gr. 40 – Mit Staubbeutel,138.2,Chanel,40.0,https://www.vinted.it/items/6531441752-chanel-sneaker-gold-weiss-gr-40-mit-staubbeutel-originalverpackung-papiere?referrer=catalog,0,6531441752,Sold,17/06/2025 21:10:27,[],4,1,,,"Biete hier meine Chanel Sneaker in Größe 40 an. Die Schuhe sind gold mit weißen und silbernen Details und natürlich dem bekannten Chanel-Logo an der Seite. Alles ist dabei: Stoffbeutel, Papiere (die originalen Kärtchen von Chanel, inkl. CARTE D'AUTHENTICITÉ) und Originalverpackung. Die Schuhe sind ungetragen und sind in einem neuwertigen Zustand. Abholung bevorzugt. Bei Fragen einfach schreiben:)",Nuovo senza cartellino,17 min fa,4,noirea.1l,-1.0,,0
Dr martens sinclair,126.7,Dr. Martens,38.0,https://www.vinted.it/items/6532368510-dr-martens-sinclair?referrer=catalog,0,6532368510,Sold,17/06/2025 21:10:28,[],4,1,,,"En tres bon etat, porté 2/3 fois. Envoi rapide 👌🏻. Remise en mains propre possible en ile de france 🌺.",Nuovo senza cartellino,14 min fa,5,gad95200,5.0,,389
Asics GEL-Kayano 14 gris/rose,105.69,Asics,39.0,https://www.vinted.it/items/6529922527-asics-gel-kayano-14-grisrose?referrer=catalog,0,6529922527,Sold,17/06/2025 21:10:29,[],4,1,,,🔴ASICS GEL-Kayano 14 gris/rose 🟠Taille 39 🟢 Neuf sans étiquette 🔵 Envoyez moi un message pour plus d'informations !,Nuovo senza cartellino,14 min fa,6,dutshop,4.9,,169
Sapatilhas New Balance 327,74.2,New Balance,37.0,https://www.vinted.it/items/6532759510-sapatilhas-new-balance-327?referrer=catalog,0,6532759510,Sold,17/06/2025 21:11:37,[],5,1,,,Sapatilhas New Balance 327 Nunca usadas Tamanho 37,Nuovo senza cartellino,Proprio adesso,1,rafaelmsoares,4.8,,18
Zara zwarte lak pumps,7.0,Zara,38.0,https://www.vinted.it/items/6532760221-zara-zwarte-lak-pumps?referrer=catalog,0,6532760221,Sold,17/06/2025 21:11:37,[],5,1,,,Zara zwarte lak pumps Z.g.a.n. Maat: 38 Hakhoogte: 6 cm,Nuovo senza cartellino,Proprio adesso,2,leonny47,4.8,,118
Bailarinas de stradivarius,10.15,Stradivarius,38.0,https://www.vinted.it/items/6532760890-bailarinas-de-stradivarius?referrer=catalog,0,6532760890,Sold,17/06/2025 21:11:37,[],5,1,,,Bailarinas sin usar,Nuovo senza cartellino,Proprio adesso,3,ade9129,5.0,,6
Lazamani sandaaltjes 39,21.7,Lazamani,39.0,https://www.vinted.it/items/6532756775-lazamani-sandaaltjes-39?referrer=catalog,0,6532756775,Sold,17/06/2025 21:11:37,[],5,1,,,Te veel schoenen,Nuovo senza cartellino,un minuto fa,4,zomerzonnetje2002,4.9,,316
UGG Boots - Boho style,26.95,UGG,38.5,https://www.vinted.it/items/6531440347-ugg-boots-boho-style?referrer=catalog,0,6531440347,Sold,17/06/2025 21:11:37,[],5,1,,,"Leicht und sommertaugluch, kaum getragen",Nuovo senza cartellino,un minuto fa,5,franktastic1,5.0,,1
Schwarze Sandalen,8.05,H&M,39.0,https://www.vinted.it/items/6532759648-schwarze-sandalen?referrer=catalog,0,6532759648,Sold,17/06/2025 21:11:37,[],5,1,,,"Nur einmal getragen, wie neu !",Nuovo senza cartellino,Proprio adesso,6,steffi0297,5.0,,16
Asics gel kayano 14 taille 39,70.0,Asics,39.0,https://www.vinted.it/items/6532764331-asics-gel-kayano-14-taille-39?referrer=catalog,0,6532764331,Sold,17/06/2025 21:12:23,[],6,1,,,"Taille 39 jamais porté À vendre rapidement J’envoie demain, plus rapidement si vous prenez via chronopost",Nuovo senza cartellino,Proprio adesso,1,hfv7tpnxqe4z,-1.0,,0
Basket,26.95,adidas,38.0,https://www.vinted.it/items/6532765070-basket?referrer=catalog,0,6532765070,Sold,17/06/2025 21:12:23,[],6,1,,,"Basket, couleur, marron clair jamais porté encore toute neuve taille 38 !! Très confortable De la marque Adidas",Nuovo senza cartellino,Proprio adesso,2,luna59160,4.7,,16
Zara Sandalen NEU grösse 39 braun,31.15,Zara,39.0,https://www.vinted.it/items/6532764297-zara-sandalen-neu-grosse-39-braun?referrer=catalog,0,6532764297,Sold,17/06/2025 21:12:23,[],6,1,,,#zara#zarafashion#zarasandalen#römersandalen#neu#sandalen39#bloggerstyle#bloggerfashion#,Nuovo senza cartellino,Proprio adesso,3,nidos,5.0,,306
Scarpe con tacco argento,16.45,Nero Giardini,38.0,https://www.vinted.it/items/6532764124-scarpe-con-tacco-argento?referrer=catalog,0,6532764124,Sold,17/06/2025 21:12:24,[],6,1,,,Indossate una sola volta Sono in perfette condizioni,Nuovo senza cartellino,Proprio adesso,4,danyespo85,4.9,,174
Basket beige,16.45,Bonprix,39.0,https://www.vinted.it/items/6532765619-basket-beige?referrer=catalog,0,6532765619,Sold,17/06/2025 21:12:24,[],6,1,,,jamais porté,Nuovo senza cartellino,Proprio adesso,5,stephanieseillier,4.9,,250
Heyraud,47.95,Heyraud,39.5,https://www.vinted.it/items/6532763514-heyraud-tres-jolies-chaussures-femme-habillees-395-neufs?referrer=catalog,0,6532763514,Sold,17/06/2025 21:12:24,[],6,1,,,"Heyraud, très jolies chaussures femme habillées, 39,5, neufs Prix d’achat 159€",Nuovo senza cartellino,Proprio adesso,6,machev09,4.9,,995
Zara sandalia destalonada piel tiras 39,31.15,Zara,39.0,https://www.vinted.it/items/6532770118-zara-sandalia-destalonada-piel-tiras-39?referrer=catalog,0,6532770118,Sold,17/06/2025 21:13:09,[],7,1,,,"Zara , precioso sandalia destalonado de color negro de piel , con precioso detalles , con lazo en la parte delantera , y con tiras para atar en pierna , una preciosidad y súper cómodos, talla 36 , 37 , 38 , 39 ,40 , zara !!! Piel !!! Talla 39",Nuovo senza cartellino,Proprio adesso,1,zarahome123,4.9,,630
Chaussures gris perle talon,13.3,No brand,38.0,https://www.vinted.it/items/6532768853-chaussures-gris-perle-talon?referrer=catalog,11,6532768853,Sold,17/06/2025 21:13:09,[],7,1,,,Taille 38 Neuve,Nuovo senza cartellino,Proprio adesso,2,beniciel,4.9,,503
Scarpe da ginnastica nere,32.2,Nike,37.0,https://www.vinted.it/items/6532769996-scarpe-da-ginnastica-nere?referrer=catalog,0,6532769996,Sold,17/06/2025 21:13:10,[],7,1,,,"Scarpe da ginnastica nere, mai indossate",Nuovo senza cartellino,Proprio adesso,3,katykatymh,1.0,,1
Zapatillas b30,79.45,Local,42.0,https://www.vinted.it/items/6532768444-zapatillas-b30?referrer=catalog,0,6532768444,Sold,17/06/2025 21:13:10,[],7,1,,,Buena calidad,Nuovo senza cartellino,un minuto fa,4,wa233,4.9,,73
Yeezy slide,63.7,Yeezy,38.0,https://www.vinted.it/items/6532769147-yeezy-slide?referrer=catalog,0,6532769147,Sold,17/06/2025 21:13:10,[],7,1,,,Indossate una volta,Nuovo senza cartellino,Proprio adesso,5,kiaretta001,4.7,,25
Vans Schuhe,37.45,Vans,41.0,https://www.vinted.it/items/6532770255-vans-schuhe?referrer=catalog,0,6532770255,Sold,17/06/2025 21:13:10,[],7,1,,,1 mal im Laden anprobiert und jetzt stehen die im Schuheregal. Zustand neu. Unisex. Schnüren sind aus Leder. Zustand siehe Fotos. Neue Zustand. Frauen Größe 41 - 41.5. US 10 Männer Größe 41. US 8.5 Ich habe paar Flecken gesehen. Mein Mann sieht aber keine Flecken. Ich habe versucht so gut wie möglich abzufotografieren. Bei Fragen gerne schreiben 🥰,Nuovo senza cartellino,Proprio adesso,6,o.okarinao.o,5.0,,615
Botines urbanos barefoot,35.35,Barefoot,40.0,https://www.vinted.it/items/6532785679-botines-urbanos-barefoot?referrer=catalog,0,6532785679,Sold,17/06/2025 21:15:31,[],1,1,,,"Precio fijo, POR FAVOR NO OFERTAS🙏 🌻 Botines urbanos super bonitos, barefoot, número 40 vienen perfectas de tallaje, la plantilla mide 26,2 cms. En color mostaza, estilo casual urbano, totalmente nuevas. Barefoot es un calzado especial por su punta más ancha para la comodidad de los dedos, la suela más fina, flexible y antideslizante. Cómoda y a la moda!! Botas zapatos zapatillas calzado descalzo",Nuovo senza cartellino,Proprio adesso,1,marpolar,4.9,,877
Sandales mules cuir tressé noir marque Andres Machado pointure 37,26.95,Andres Machado,37.0,https://www.vinted.it/items/6532785558-sandales-mules-cuir-tresse-noir-marque-andres-machado-pointure-37?referrer=catalog,0,6532785558,Sold,17/06/2025 21:15:31,[],1,1,,,Sandales mules cuir tressé noir marque Andres Machado,Nuovo senza cartellino,Proprio adesso,2,evelyne9523,5.0,,47
Sandales tropéziennes,21.7,Les Tropeziennes,37.0,https://www.vinted.it/items/6532786148-sandales-tropeziennes?referrer=catalog,0,6532786148,Sold,17/06/2025 21:15:31,[],1,1,,,Magnifiques sandales tropéziennes en cuir tressé blanc et doré. Neuves,Nuovo senza cartellino,Proprio adesso,3,evelynehivert,4.9,,73
Adidas wales bonner maat 42,79.45,adidas,42.0,https://www.vinted.it/items/6532785078-adidas-wales-bonner-maat-42?referrer=catalog,0,6532785078,Sold,17/06/2025 21:15:31,[],1,1,,,Nooit gedragen omdat ze te klein zijn ✨,Nuovo senza cartellino,Proprio adesso,4,giorgiaroman,4.8,,209
New Balance,63.7,New Balance,37.5,https://www.vinted.it/items/6532783171-new-balance?referrer=catalog,0,6532783171,Sold,17/06/2025 21:15:31,[],1,1,,,New Balance 530 Maat 37.5 Niet gedragen alleen gepast ze zijn te klein.,Nuovo senza cartellino,Proprio adesso,5,halves,4.5,,57
Sandálias  da marca Angari,11.2,ANGARI,40.0,https://www.vinted.it/items/6532785397-sandalias-da-marca-angari?referrer=catalog,0,6532785397,Sold,17/06/2025 21:15:31,[],1,1,,,"Sandálias da marca Angari para volvoreta, em azul e bege. Apertam com atilho na parte da frente. Tacão alto de 10 cm. Estão novas a estrear.",Nuovo senza cartellino,Proprio adesso,6,locas20,4.9,,57
Décolleté verde con punta oro,9.1,No brand,37.0,https://www.vinted.it/items/6532797418-decollete-verde-con-punta-oro?referrer=catalog,0,6532797418,Sold,17/06/2025 21:17:22,[],2,1,,,Mai indossato,Nuovo senza cartellino,Proprio adesso,1,nika54593,4.7,,94
Sandalias doradas,7.0,Verano,36.0,https://www.vinted.it/items/6532797450-sandalias-doradas?referrer=catalog,0,6532797450,Sold,17/06/2025 21:17:22,[],2,1,,,Ideal para verano cuando estás morenita,Nuovo senza cartellino,Proprio adesso,2,yol1234,4.9,,59
Sandales river Island,42.7,River Island,36.0,https://www.vinted.it/items/6532797004-sandales-river-island?referrer=catalog,0,6532797004,Sold,17/06/2025 21:17:22,[],2,1,,,"Sandales river Island , couleur nude Matière comme du simili vernis , matelassée dessus. Pointure 36 convient plus au 36,5 de mon avis . Le talon fait environ 8cm Juste essayé en terrasse une fois mais trop petit pour moi je suis dégoûtée 😆 j'ai également les noires dans mon dressing, elles valent 60e voir photos pour l'étiquette",Nuovo senza cartellino,Proprio adesso,3,lina-poly,4.9,,215
Nikkie sneakers,26.95,NIKKIE,39.0,https://www.vinted.it/items/6532797193-nikkie-sneakers?referrer=catalog,0,6532797193,Sold,17/06/2025 21:17:22,[],2,1,,,Nooit gedragen,Nuovo senza cartellino,Proprio adesso,4,zomerzonnetje2002,4.9,,316
Zapatillas barefoot,23.8,Barefoot Dreams,38.5,https://www.vinted.it/items/6532797285-zapatillas-barefoot?referrer=catalog,0,6532797285,Sold,17/06/2025 21:17:22,[],2,1,,,"Zapatillas barefoot talla 38'5 Tipo de calzado respetuoso con el pie, son ideales para actividades como yoga, pilates , ir al gym , salir a caminar ... Díselo precioso y colores vivos. - Suela antideslizante - Totalmente flexible - Nuevo Largo del pie : 24'4 Largo plantilla: 24'9",Nuovo senza cartellino,Proprio adesso,5,carol_atm87,5.0,,71
Converse,26.95,Converse,40.0,https://www.vinted.it/items/6532797691-converse?referrer=catalog,0,6532797691,Sold,17/06/2025 21:17:23,[],2,1,,,"Converse Chuck Taylor basse Elles ont été portées 2 fois. Vous verrez, elles sont neuves Elles sont trop petites pour ma femme en faite.",Nuovo senza cartellino,Proprio adesso,6,roselliot,5.0,,62
Zara,31.15,Zara,38.0,https://www.vinted.it/items/6532802156-zara-tacon-destalonado-tiras-brillo?referrer=catalog,0,6532802156,Sold,17/06/2025 21:18:08,[],3,1,,,"Zara , espectacular tacón destalonado en color verde con precioso detalles en la parte delantera con tiras de brillo , súper cómodos i divinos para cualquier ocasión , talla 38 , zara !!! Brillo !!!",Nuovo senza cartellino,Proprio adesso,1,zarahome123,4.9,,630
Schue,11.2,Graceland,36.0,https://www.vinted.it/items/6532801752-schue?referrer=catalog,0,6532801752,Sold,17/06/2025 21:18:09,[],3,1,,,Nur einmal getragen,Nuovo senza cartellino,Proprio adesso,2,dadodd,-1.0,,0
Baskets no name,105.7,no name,37.0,https://www.vinted.it/items/6532802783-baskets-no-name?referrer=catalog,0,6532802783,Sold,17/06/2025 21:18:09,[],3,1,,,Baskets no name blanche taille 37 Neuve jamais porté car trop grande pour moi Vendu avec la boîte Acheter 120€,Nuovo senza cartellino,Proprio adesso,3,manon27209,4.7,,401
Geox Schuhe  Neu,26.95,Geox,37.0,https://www.vinted.it/items/6532802848-geox-schuhe-neu?referrer=catalog,0,6532802848,Sold,17/06/2025 21:18:09,[],3,1,,,Nicht getragen Neu Top,Nuovo senza cartellino,Proprio adesso,4,popplydia,5.0,,13
Chaussure compensées T40,9.1,Sprox,40.0,https://www.vinted.it/items/6532801758-chaussure-compensees-t40?referrer=catalog,0,6532801758,Sold,17/06/2025 21:18:09,[],3,1,,,#laeti1004_chaussures 📦 Envoi tout les jours 📉 Remise sur les lots activés ⁉️ Pour toute demande d’information n’hésitez pas,Nuovo senza cartellino,Proprio adesso,5,laeti1004,4.8,,349
Zapatillas Alpargatas,47.95,Skechers,37.0,https://www.vinted.it/items/6532802317-zapatillas-alpargatas?referrer=catalog,0,6532802317,Sold,17/06/2025 21:18:09,[],3,1,,,"Zapatillas Alpargatas Skechers, talla 37, sin uso",Nuovo senza cartellino,Proprio adesso,6,zarella424,5.0,,11
Ballerina’s/ballerines Disney Ariel The Little Mermaid/La Petite Sirene Melissa 34,16.45,MELISSA,34.0,https://www.vinted.it/items/6532806707-ballerinasballerines-disney-ariel-the-little-mermaidla-petite-sirene-melissa-34?referrer=catalog,0,6532806707,Sold,17/06/2025 21:18:57,[],4,1,,,"Ballerina’s Disney Ariel De Kleine Zeemeermin van het merk Melissa nieuw in perfecte staat, maat 34. Vergeet ook zeker niet naar mijn andere aanbiedingen te kijken! Voor meerdere aankopen is gecombineerde verzending goedkoper en geef ik korting (stuur me hiervoor een privébericht)! :)",Nuovo senza cartellino,Proprio adesso,1,toothless4ever,5.0,,425
Sandali donna,10.15,Tamaris,39.0,https://www.vinted.it/items/6532806882-sandali-donna?referrer=catalog,0,6532806882,Sold,17/06/2025 21:18:57,[],4,1,,,"Nuove, mai messe",Nuovo senza cartellino,Proprio adesso,2,luciastorionee,5.0,,6
Mules ouverte,16.45,Stradivarius,41.0,https://www.vinted.it/items/6532807593-mules-ouverte?referrer=catalog,0,6532807593,Sold,17/06/2025 21:18:58,[],4,1,,,Jamais porté Neuve,Nuovo senza cartellino,Proprio adesso,3,galexia13,4.8,,424
Ballerine,15.4,No brand,39.0,https://www.vinted.it/items/6532806633-ballerine?referrer=catalog,0,6532806633,Sold,17/06/2025 21:18:58,[],4,1,,,"Ballerine rosse, vestono 38",Nuovo senza cartellino,Proprio adesso,4,fiaba75,5.0,,55
Sandales plate fille,7.0,No brand,39.0,https://www.vinted.it/items/6532787928-sandales-plate-fille?referrer=catalog,0,6532787928,Sold,17/06/2025 21:18:58,[],4,1,,,Sandales d'été fille,Nuovo senza cartellino,Proprio adesso,5,mathildebonita,5.0,,1
Alpercatas paez verdes com riscas coloridas,12.25,Paez,39.0,https://www.vinted.it/items/6532807274-alpercatas-paez-verdes-com-riscas-coloridas?referrer=catalog,0,6532807274,Sold,17/06/2025 21:18:58,[],4,1,,,"Alpercatas paez novas, tamanho 39. Verdes com riscas coloridas.",Nuovo senza cartellino,Proprio adesso,6,anasofiavieira23,5.0,,5
Planito leather,68.95,Lodi,40.0,https://www.vinted.it/items/6532811852-planito-leather?referrer=catalog,0,6532811852,Sold,17/06/2025 21:19:45,[],5,1,,,"Hermosa sandalia en ante piel color rosa palo,forro interior y plantillas de piel nuevas a estrenar",Nuovo senza cartellino,Proprio adesso,1,gla0349,5.0,,179
Tong noir,11.2,Shein,37.5,https://www.vinted.it/items/6532811665-tong-noir?referrer=catalog,0,6532811665,Sold,17/06/2025 21:19:46,[],5,1,,,"Tong noir avec contour brillant, taille 37,5, neuf jamais porter,",Nuovo senza cartellino,Proprio adesso,2,aurelia62120,4.6,,69
Zapatillas barefoot,23.8,Barefoot Dreams,38.0,https://www.vinted.it/items/6532810897-zapatillas-barefoot?referrer=catalog,0,6532810897,Sold,17/06/2025 21:19:46,[],5,1,,,"Zapatillas barefoot talla 38 Diseño minimalista de color beige , perfectas para actividades como yoga,pilates , salir a caminar, ir al gym ... calzado respetuoso con el pie - Suela antideslizante - Totalmente flexible - Nuevo Largo del pie : 24'3",Nuovo senza cartellino,Proprio adesso,3,carol_atm87,5.0,,71
Esprit sneakers nieuw,21.7,Esprit,38.0,https://www.vinted.it/items/6532811636-esprit-sneakers-nieuw?referrer=catalog,0,6532811636,Sold,17/06/2025 21:19:46,[],5,1,,,"Zwarte Esprit sneakers, 1x gedragen! Nieuwprijs 44,99",Nuovo senza cartellino,Proprio adesso,4,rieknola,5.0,,9
Zara zapato,16.45,Zara,41.0,https://www.vinted.it/items/6532811972-zara-zapato?referrer=catalog,0,6532811972,Sold,17/06/2025 21:19:46,[],5,1,,,Negro cómodos planos,Nuovo senza cartellino,Proprio adesso,5,barato11,4.9,,170
Sandali Zara,11.2,Zara,40.0,https://www.vinted.it/items/6532811550-sandali-zara?referrer=catalog,0,6532811550,Sold,17/06/2025 21:19:46,[],5,1,,,Sandali Zara con tacco 5 cm,Nuovo senza cartellino,Proprio adesso,6,la_raffoo,4.9,,33
Stiefeletten,53.2,Evaluna,38.0,https://www.vinted.it/items/6532817366-stiefeletten?referrer=catalog,0,6532817366,Sold,17/06/2025 21:20:23,[],6,1,0.0,0.0,,,,1,,-1.0,,0
Sandales claquette,11.2,Inconnu,37.0,https://www.vinted.it/items/6532817607-sandales-claquette?referrer=catalog,0,6532817607,Sold,17/06/2025 21:20:34,[],6,1,,,"Très jolies claquettes mules. Neuve , jamais portée. Semelle cuir .",Nuovo senza cartellino,Proprio adesso,2,katy9070,5.0,,859
Bottines femme neuves taille 41,9.63,Amazon Essentials,41.0,https://www.vinted.it/items/6532817319-bottines-femme-neuves-taille-41?referrer=catalog,0,6532817319,Sold,17/06/2025 21:20:34,[],6,1,,,Jamais portées Sans étiquette et sans boîte Amazon essentials Envoi par mondial relais uniquement,Nuovo senza cartellino,Proprio adesso,3,pricathmath,4.9,,1061
Michael Kors,47.95,Michael Kors,37.0,https://www.vinted.it/items/6532817578-michael-kors?referrer=catalog,0,6532817578,Sold,17/06/2025 21:20:34,[],6,1,,,Prachtige schoenen Michael Kors in maat 7 is 37. 1 x gedragen op de bruiloft. Bij serieuze interesse is de prijs onderhandelbaar! Eventueel bundelen ivm bundelkorting en verzendkosten. Zie ook onze andere advertenties.,Nuovo senza cartellino,Proprio adesso,4,jetty8,5.0,,323
Sandalen,11.2,H&M,39.0,https://www.vinted.it/items/6532817560-sandalen?referrer=catalog,0,6532817560,Sold,17/06/2025 21:20:34,[],6,1,,,Neu und ungetragen,Nuovo senza cartellino,Proprio adesso,5,lischen_29,5.0,,145
Sandaletten,28.0,Glamorous,36.0,https://www.vinted.it/items/6532816818-sandaletten?referrer=catalog,0,6532816818,Sold,17/06/2025 21:20:34,[],6,1,,,"10 cm, bequem, nie getragen",Nuovo senza cartellino,Proprio adesso,6,sabinchen1985,4.9,,58
saltos,9.1,No brand,39.0,https://www.vinted.it/items/6532822333-saltos?referrer=catalog,0,6532822333,Sold,17/06/2025 21:21:20,[],7,1,,,usado 1 vez e está como novo tamanho: 39,Nuovo senza cartellino,Proprio adesso,1,maty.10,4.0,,4
Hi tec sneakers,126.7,Hi-Tec,39.0,https://www.vinted.it/items/6532822021-hi-tec-sneakers?referrer=catalog,0,6532822021,Sold,17/06/2025 21:21:21,[],7,1,,,1 keer gedragen,Nuovo senza cartellino,Proprio adesso,2,otr1990,4.8,,74
Sandali con tacco in vera pelle,16.35,Comart,36.0,https://www.vinted.it/items/6532814583-sandali-con-tacco-in-vera-pelle?referrer=catalog,0,6532814583,Sold,17/06/2025 21:21:21,[],7,1,,,"Sandali mai usati, nuovi in vera pelle, colore grigio perla, con brillantini sulla fascetta davanti molto graziosi. Con tacco ricoperto. Sandalo molto femminile e curato nei particolari, molto comodo e perfetto per la stagione estiva. Taglia: 36 Colore: grigio perla Spedisco subito! #sandali #donna #scarpedonna #sandalidadonna #sandalicontacco #taglia36 #stile #sandaliestivi",Nuovo senza cartellino,Proprio adesso,3,bonji24,4.9,,119
Zwarte sandalen Tamaris,16.45,Tamaris,38.0,https://www.vinted.it/items/6532822775-zwarte-sandalen-tamaris?referrer=catalog,0,6532822775,Sold,17/06/2025 21:21:21,[],7,1,,,Nieuw. Hak 5 cm,Nuovo senza cartellino,Proprio adesso,4,guccigorky14,5.0,,192
Voetbal schoenen adidas kaiser 5,37.45,adidas,43.5,https://www.vinted.it/items/6532822904-voetbal-schoenen-adidas-kaiser-5?referrer=catalog,0,6532822904,Sold,17/06/2025 21:21:21,[],7,1,,,Adidas schoenen amper gedragen gemaakt van leer perfecte staat.,Nuovo senza cartellino,Proprio adesso,5,simonvanparijs,4.2,,9
Zapatillas barefoot,19.6,Barefoot Dreams,39.0,https://www.vinted.it/items/6532822194-zapatillas-barefoot?referrer=catalog,0,6532822194,Sold,17/06/2025 21:21:21,[],7,1,,,"Zapatillas barefoot talla 39 Ideales para actividades como yoga,pilates , ir al gym , salir a caminar ... De color blanco y rosa claro. Calzado respetuoso con el pie - Suela antideslizante - Totalmente flexible - Nuevo",Nuovo senza cartellino,Proprio adesso,6,carol_atm87,5.0,,71
Zapatillas Nike Air Jordan Series,58.45,Jordan,39.0,https://www.vinted.it/items/6532838636-zapatillas-nike-air-jordan-series?referrer=catalog,0,6532838636,Sold,17/06/2025 21:24:09,[],1,1,,,Originales 💯 Nuevas sin estrenar 🆕 Talla 39 👣 Envío rápido 🔥 Caja sin tapa 📦,Nuovo senza cartellino,Proprio adesso,,shopoutlet86,5.0,,259
Mules neuves,5.95,No brand,40.0,https://www.vinted.it/items/6532839595-mules-neuves?referrer=catalog,0,6532839595,Sold,17/06/2025 21:24:09,[],1,1,,,Jamais portés . Pointure 40/41,Nuovo senza cartellino,Proprio adesso,,chafika162002,4.7,,537
Twin set,73.15,Twin Set,39.0,https://www.vinted.it/items/6532839663-twin-set?referrer=catalog,0,6532839663,Sold,17/06/2025 21:24:09,[],1,1,,,Rosso cardinale.,Nuovo senza cartellino,Proprio adesso,,lindatreviso,5.0,,82
Claquette,12.25,pantoufle,38.5,https://www.vinted.it/items/6532840572-claquette?referrer=catalog,0,6532840572,Sold,17/06/2025 21:24:09,[],1,1,,,sandales souples à motif de grenouille de dessin animé,Nuovo senza cartellino,Proprio adesso,,yusuf6852,-1.0,,0
Menorquinas,21.7,Menorquina,40.0,https://www.vinted.it/items/6532838870-menorquinas?referrer=catalog,0,6532838870,Sold,17/06/2025 21:24:09,[],1,1,,,"De piel. Sin estrenar. Color rojo muy bonito. Se venden con la caja original, artesanales.",Nuovo senza cartellino,Proprio adesso,,blancauve,4.8,,113
Zara summer platform flip flops/sandals,21.7,Zara,41.0,https://www.vinted.it/items/6532839704-zara-summer-platform-flip-flopssandals?referrer=catalog,0,6532839704,Sold,17/06/2025 21:24:10,[],1,1,,,"Never worn them, bought them online, kept them and after a while I didn’t like them anymore.",Nuovo senza cartellino,Proprio adesso,,gretamgeorgieva9,4.8,,53
Albano sandali con tacco,32.2,Albano,36.0,https://www.vinted.it/items/6532886283-albano-sandali-con-tacco?referrer=catalog,0,6532886283,Sold,17/06/2025 21:31:17,[],1,1,,,Vendo questi sandali Albano bellissimi per inutilizzo. Ottima vestibilità e indossate poche volte. Affrettatevi per questa estate,Nuovo senza cartellino,Proprio adesso,,sabinao95,4.2,,29
Högl Pumps Beige Gold 39,53.2,HÖGL,39.0,https://www.vinted.it/items/6532885732-hogl-pumps-beige-gold-39?referrer=catalog,0,6532885732,Sold,17/06/2025 21:31:17,[],1,1,,,Nur einmal für einen Job getragen,Nuovo senza cartellino,Proprio adesso,,elpolloloco,4.8,,290
Scarpe donna con tacco alto misura 36,8.05,No brand,36.0,https://www.vinted.it/items/6532885884-scarpe-donna-con-tacco-alto-misura-36?referrer=catalog,0,6532885884,Sold,17/06/2025 21:31:17,[],1,1,,,Scarpe donna con tacco alto misura 36,Nuovo senza cartellino,Proprio adesso,,andromedaparfum,4.7,,42
Sandales neuves,3.85,No brand,41.0,https://www.vinted.it/items/6532886348-sandales-neuves?referrer=catalog,0,6532886348,Sold,17/06/2025 21:31:17,[],1,1,,,Neuves jamais portés,Nuovo senza cartellino,Proprio adesso,,chafika162002,4.7,,537
Décolleté in camoscio nero e vero cuoio- donna,42.7,Vero Cuoio,38.0,https://www.vinted.it/items/6532885460-decollete-in-camoscio-nero-e-vero-cuoio-donna?referrer=catalog,0,6532885460,Sold,17/06/2025 21:31:18,[],1,1,,,"Décolleté perfetto per ogni occasione e per look serali più eleganti,in camoscio Nero suola in cuoio vero made in Italy, Belle ed eleganti. Per altre info o altre foto contattatemi in privato spedizioni super veloci. 🌺🩷 -messe un paglio di volte - pulite - eleganti -ottime prezzo -taglia 38 #comdnuove#belle#tacchi#botas#élégantes#pulite",Nuovo senza cartellino,Proprio adesso,,chiaracifrodelli,5.0,,3
Sandalen Keilabsatz,16.45,ONLY,40.0,https://www.vinted.it/items/6532885890-sandalen-keilabsatz?referrer=catalog,0,6532885890,Sold,17/06/2025 21:31:18,[],1,1,,,ungetragen,Nuovo senza cartellino,Proprio adesso,,leni.ms7,5.0,,51
sandalo soprano 39,19.11,Soprano,39.0,https://www.vinted.it/items/6532923029-sandalo-soprano-39?referrer=catalog,0,6532923029,Sold,17/06/2025 21:37:11,[],1,1,,,"mai indossato, come nuovo",Nuovo senza cartellino,Proprio adesso,1,carb0nar4,5.0,,1
Talons compensées Stradivarius 38,23.8,Stradivarius,38.0,https://www.vinted.it/items/6532921748-talons-compensees-stradivarius-38?referrer=catalog,0,6532921748,Sold,17/06/2025 21:37:11,[],1,1,,,Compensées mises 1 seule fois Neuve Taille 38,Nuovo senza cartellino,Proprio adesso,2,joana.f16,4.9,,67
Scarpe con tacco - nero giardini,32.2,Nero Giardini,36.0,https://www.vinted.it/items/6532921555-scarpe-con-tacco-nero-giardini?referrer=catalog,0,6532921555,Sold,17/06/2025 21:37:11,[],1,1,,,Indossato poche volte,Nuovo senza cartellino,Proprio adesso,3,angelinapas,5.0,,4
Paire de tongues neuves,2.8,Olaian,39.0,https://www.vinted.it/items/6532922682-paire-de-tongues-neuves?referrer=catalog,0,6532922682,Sold,17/06/2025 21:37:11,[],1,1,,,"- Neuves, jamais portées",Nuovo senza cartellino,Proprio adesso,4,barabeli39,5.0,,390
Scarpe con Stella Oro,10.15,Tendenze,38.0,https://www.vinted.it/items/6532921581-scarpe-con-stella-oro?referrer=catalog,0,6532921581,Sold,17/06/2025 21:37:11,[],1,1,,,"Scarpe Nuovissime, SONO ROVINATE APPOSTA, EFFETTO GOLDEN GOOSE",Nuovo senza cartellino,Proprio adesso,5,emma.terzoli,5.0,,21
Chaussure de trail Mizuno Wave Mujin 10,126.7,MIZUNO,38.0,https://www.vinted.it/items/6532923305-chaussure-de-trail-mizuno-wave-mujin-10?referrer=catalog,0,6532923305,Sold,17/06/2025 21:37:13,[],1,1,,,- utiliser environ 40km (problème de taille) - surface : sentier - drop : 8mm - stabilité : neutre - dynamisme : excellent - amortie : excellent - poids : 310g - prix d'origine : 160€ #mizuno #mizunowave #trailrunning,Nuovo senza cartellino,Proprio adesso,6,apollinerobert,5.0,,48
Plateau Sandalen,15.4,Sonstiges,37.0,https://www.vinted.it/items/6532934787-plateau-sandalen?referrer=catalog,0,6532934787,Sold,17/06/2025 21:39:04,[],2,1,,,Verkaufe neue Plateau Sandalen in Elfenbein Farbe. Gr 37 #plateauschuhe #plateausandaletten #plateausandalen37 #plateausandalen,Nuovo senza cartellino,Proprio adesso,7,belindalinda,5.0,,136
Botas nuevas,37.45,Local,41.0,https://www.vinted.it/items/6532935030-botas-nuevas?referrer=catalog,0,6532935030,Sold,17/06/2025 21:39:04,[],2,1,,,Sin usar,Nuovo senza cartellino,Proprio adesso,8,luciabernete,4.7,,241
Sandales noires,9.1,Shein,38.0,https://www.vinted.it/items/6532934557-sandales-noires?referrer=catalog,0,6532934557,Sold,17/06/2025 21:39:04,[],2,1,,,"Portées une fois, en parfait état",Nuovo senza cartellino,Proprio adesso,9,agathelaforge,4.8,,53
Ballerine Ferragamo,284.2,Ferragamo,37.5,https://www.vinted.it/items/6532934686-ballerine-ferragamo?referrer=catalog,0,6532934686,Sold,17/06/2025 21:39:05,[],2,1,,,Nuove €750 Solo dustbag,Nuovo senza cartellino,Proprio adesso,10,resellergs,4.9,,38
Sandali in alcantara,5.95,No brand,37.0,https://www.vinted.it/items/6532934569-sandali-in-alcantara?referrer=catalog,0,6532934569,Sold,17/06/2025 21:39:05,[],2,1,,,"Sandali in alcantara , mai indossati.",Nuovo senza cartellino,Proprio adesso,11,manina89,4.6,,29
Zapatillas de recre adidas,39.03,adidas,39.0,https://www.vinted.it/items/6532934538-zapatillas-de-recre-adidas?referrer=catalog,0,6532934538,Sold,17/06/2025 21:39:06,[],2,1,,,Zapatillas como nuevotalla39,Nuovo senza cartellino,Proprio adesso,12,fosterki,-1.0,,0
Ai           +r f          +orce 1,32.2,No brand,38.0,https://www.vinted.it/items/6532939338-ai-r-f-orce-1?referrer=catalog,0,6532939338,Sold,17/06/2025 21:39:52,[],3,1,,,Ai +r f +orce 1,Nuovo senza cartellino,Proprio adesso,13,gouldjuniorlh3225,-1.0,,0
Ballerine Ferragamo,263.2,Ferragamo,40.0,https://www.vinted.it/items/6532938885-ballerine-ferragamo?referrer=catalog,0,6532938885,Sold,17/06/2025 21:39:52,[],3,1,,,Nuove €660 Solo dustbag,Nuovo senza cartellino,Proprio adesso,10,resellergs,4.9,,38
Nu-pieds,7.0,Gémo,42.0,https://www.vinted.it/items/6532939122-nu-pieds?referrer=catalog,0,6532939122,Sold,17/06/2025 21:39:52,[],3,1,,,"Nu-pieds noir neufs, marque Gémo taille 42",Nuovo senza cartellino,Proprio adesso,14,lolomorgane,4.8,,132
Nike Jordan,63.7,Nike,38.0,https://www.vinted.it/items/6532938164-nike-jordan?referrer=catalog,0,6532938164,Sold,17/06/2025 21:39:53,[],3,1,,,Gr.38 Neuwertig,Nuovo senza cartellino,Proprio adesso,15,jamal38029,5.0,,86
Ballerines pour femme,158.2,Lanvin,38.0,https://www.vinted.it/items/6532938545-ballerines-pour-femme?referrer=catalog,0,6532938545,Sold,17/06/2025 21:39:53,[],3,1,,,Ballerines neuf jamais porté matière daim,Nuovo senza cartellino,Proprio adesso,16,yasmina76nk,4.5,,10
Sandali rainbow,37.45,Desigual,39.0,https://www.vinted.it/items/6532939048-sandali-rainbow?referrer=catalog,0,6532939048,Sold,17/06/2025 21:39:53,[],3,1,,,Sandali con cinturini in velcro regolabili e la suola alta. Indossati solo una volta.,Nuovo senza cartellino,Proprio adesso,17,yulia0207,5.0,,2
Givana Hippe enkel laarsjes,14.3,Givana,38.0,https://www.vinted.it/items/6532985468-givana-hippe-enkel-laarsjes?referrer=catalog,0,6532985468,Sold,17/06/2025 21:47:34,[],1,1,-1.0,-1.0,Z.g.a.n enkel laarsjes van Givana. Met doorschijnend hak hoogte 7 1/2 cm,Nuovo senza cartellino,Proprio adesso,18,chardonnay196955,4.7,Not found,74
Mules plateados nuevos Zara 38,16.45,Zara,38.0,https://www.vinted.it/items/6532985285-mules-plateados-nuevos-zara-38?referrer=catalog,0,6532985285,Sold,17/06/2025 21:47:34,[],1,1,-1.0,-1.0,"Mules sin estrenar, con tacón bajo cuadrado. Precio de compra 25,95€",Nuovo senza cartellino,Proprio adesso,19,patsanx,5.0,Not found,24
Baskets adidas samba vegan  argenté et blanche taille 39 1/3,61.59,adidas,39.0,https://www.vinted.it/items/6532985826-baskets-adidas-samba-vegan-argente-et-blanche-taille-39-13?referrer=catalog,0,6532985826,Sold,17/06/2025 21:47:34,[],1,1,-1.0,-1.0,"Baskets adidas samba vegan argenté et blanche Fabriquer sans matière animal ( vegan ) Taille 39 1/3 Neuves jamais portées Prix : 57,99e",Nuovo senza cartellino,Proprio adesso,20,romane_nc00,5.0,Not found,65
Adidas Stan smith 37 neuves,53.2,adidas,37.0,https://www.vinted.it/items/6532985769-adidas-stan-smith-37-neuves?referrer=catalog,0,6532985769,Sold,17/06/2025 21:47:34,[],1,1,-1.0,-1.0,Baskets Adidas Stan Smith 37 Neuves,Nuovo senza cartellino,Proprio adesso,21,manon270218,4.9,Not found,2011
Salto alto cerimónia,11.2,Belle Women,39.0,https://www.vinted.it/items/6532985520-salto-alto-cerimonia?referrer=catalog,0,6532985520,Sold,17/06/2025 21:47:34,[],1,1,-1.0,-1.0,"Nunca usados, faltam alguns brilhantes, mas é imperceptível totalmente. Ótimo estado!! Palmilha em gel para maior conforto",Nuovo senza cartellino,Proprio adesso,22,eduarda.26,4.9,Not found,72
Calzuro light scarpe,26.95,Calzuro,37.0,https://www.vinted.it/items/6532986330-calzuro-light-scarpe?referrer=catalog,0,6532986330,Sold,17/06/2025 21:47:35,[],1,1,-1.0,-1.0,Scarpe zoccoli calzuro light arancione,Nuovo senza cartellino,Proprio adesso,23,scarlettmoreno,5.0,Not found,20
Botas de tacón,16.45,GTX Project,38,https://www.vinted.it/items/6533011473-botas-de-tacon?referrer=catalog,0,6533011473,On Sale,17/06/2025 21:51:52,[],1,1,-1.0,-1.0,Sin usar,Nuovo senza cartellino,Proprio adesso,24,msr_00,5,Spagna,15
Sandálias brancas,7.0,Shein,39,https://www.vinted.it/items/6533011917-sandalias-brancas?referrer=catalog,0,6533011917,On Sale,17/06/2025 21:51:52,[],1,1,-1.0,-1.0,"Sandálias brancas super elegantes!!! Estão novinhas, nunca foram usadas",Nuovo senza cartellino,Proprio adesso,25,marialeite000,-1,"Lourosa, Portogallo",0
Samba léopard,84.7,adidas,37,https://www.vinted.it/items/6533011449-samba-leopard?referrer=catalog,0,6533011449,On Sale,17/06/2025 21:51:52,[],1,1,-1.0,-1.0,Je les vends car je les ai acheté mais jamais porté,Nuovo senza cartellino,Proprio adesso,26,annighean,4.7,Francia,319
Sandale femme semelle intérieure cuir,19.6,No brand,38,https://www.vinted.it/items/6533011263-sandale-femme-semelle-interieure-cuir?referrer=catalog,0,6533011263,On Sale,17/06/2025 21:51:52,[],1,1,-1.0,-1.0,Jamais porté,Nuovo senza cartellino,Proprio adesso,27,matelo76600,4.9,"Montivilliers, Francia",1250
Chaussures légères neuves rose poudré,3.85,Fashion,37,https://www.vinted.it/items/6533011847-chaussures-legeres-neuves-rose-poudre?referrer=catalog,0,6533011847,On Sale,17/06/2025 21:51:52,[],1,1,-1.0,-1.0,Chaussures légères neuves rose poudré Jamais portées Marque Fashion Taille 37,Nuovo senza cartellino,Proprio adesso,28,avjlt56,4.9,"Vannes, Francia",486
Wildling Tanuki,100.45,Wildling,42,https://www.vinted.it/items/6533011144-wildling-tanuki?referrer=catalog,0,6533011144,On Sale,17/06/2025 21:52:03,[],1,1,-1.0,-1.0,"Nur wenige Male getragen, daher sehr guter Zustand. Die Originalsohle fehlt leider. Dafür sind zusätzlich zu den originalen Schnürsenkel noch die Elastiksenkel dabei. Bei Fragen gerne melden.",Nuovo senza cartellino,Proprio adesso,29,lydia19993,5,"Braunschweig, Germania",19
