Title,Price,Brand,Size,Link,Likes,Dataid,MarketStatus,SearchDate,Upload_date,Images,SearchCount,Page
Profumo Red Tobacco nuovo originale,116.2,Mancera,0,https://www.vinted.it/items/6927917844-profumo-red-tobacco-nuovo-originale?referrer=catalog,0,6927917844,On Sale,,,https://images1.vinted.net/t/03_01f66_NEtpzPNcHKkHb1nP1QZMJvoq/310x430/1755987904.jpeg?s=de18d4183295c170b5524eaf73b091b4a443fa0a,1,1
Mancera Black Noire eau de parfum,84.7,Mancera,0,https://www.vinted.it/items/6926629793-mancera-black-noire-eau-de-parfum?referrer=catalog,0,6926629793,On Sale,,,https://images1.vinted.net/t/03_022dd_28aVuUp7DpiqjTpaKkEsrVE2/310x430/1755970464.jpeg?s=2ed404062bf205de457a42819e68e953ca80de30,1,1
Mancera Paris Instant Crush 120 ml,126.7,Mancera,0,https://www.vinted.it/items/6925452615-mancera-paris-instant-crush-120-ml?referrer=catalog,0,6925452615,On Sale,,,https://images1.vinted.net/t/01_0133a_rfBiBXyHGdccb7r9sfrPPBos/310x430/1755961899.jpeg?s=3f867e2220d893217b13ef2d178dadceac982100,1,1
Mancera Wild Python 120ml – Sigillato,105.7,Mancera,0,https://www.vinted.it/items/6924950824-mancera-wild-python-120ml-sigillato?referrer=catalog,0,6924950824,On Sale,,,https://images1.vinted.net/t/01_002f6_StB7URXkjB1ttLForymyVjHn/310x430/1755958600.jpeg?s=b632007b32fb1ad5b39977a9adbf53c87561310a,1,1
Mancera Red Tobacco Eau de Parfum 120ml,95.2,Mancera,0,https://www.vinted.it/items/6924743584-mancera-red-tobacco-eau-de-parfum-120ml?referrer=catalog,0,6924743584,On Sale,,,https://images1.vinted.net/t/04_00cd6_Vz6jD2htRoQtT7RvdQK7k6Lf/310x430/1755957263.jpeg?s=68c523b0b16e0564105d96d73892ecc0020d56a7,1,1
Mancera instant Crush -120ml,74.2,Mancera,0,https://www.vinted.it/items/6920803314-mancera-instant-crush-120ml?referrer=catalog,5,6920803314,On Sale,,,https://images1.vinted.net/t/04_00b9f_CoHg61WNRXNZd4dmfYw9TTxx/310x430/1755893202.jpeg?s=dbe4e69e8927b3c827783a2386b194b0bf2d80b1,1,1
Profumo Red Tobacco,84.7,Mancera,0,https://www.vinted.it/items/6917465181-profumo-red-tobacco?referrer=catalog,0,6917465181,On Sale,,,https://images1.vinted.net/t/01_007df_tZDgFBavPL3cHwch2KmFBFr8/310x430/1755865614.jpeg?s=b22e2a9730476605e5d2e1e322b8e31993a8587d,1,1
Profumo Wild Phyton,84.7,Mancera,0,https://www.vinted.it/items/6917447492-profumo-wild-phyton?referrer=catalog,1,6917447492,On Sale,,,https://images1.vinted.net/t/03_0055d_XTCDpd1r2wmGwf6x1srFimet/310x430/1755865480.jpeg?s=fb3a0e16220e6bc1ac5c223ca8f4990da7ea2f6e,1,1
Profumo Mancera Intense Red Tobacco 120ml EDP,116.19,Mancera,0,https://www.vinted.it/items/6916368708-profumo-mancera-intense-red-tobacco-120ml-edp?referrer=catalog,2,6916368708,On Sale,,,https://images1.vinted.net/t/04_02256_bFxvL4BS7CZbsLHGgwE6JyU1/310x430/1755857198.jpeg?s=4169ce8c9c630221fb756e3accc2af28a33b0421,1,1
Mancera cedrat Boise 120ml,58.45,Mancera,0,https://www.vinted.it/items/6914426285-mancera-cedrat-boise-120ml?referrer=catalog,7,6914426285,On Sale,,,https://images1.vinted.net/t/04_00611_2mjSPPjimmPps8XXgSFGqYaw/310x430/1755805043.jpeg?s=4eefabfb4b4acb5d6d89abdeda4a8b62710493c9,1,1
Mancera Red tabacco 120ml edp,53.2,Mancera,0,https://www.vinted.it/items/6912450051-mancera-red-tabacco-120ml-edp?referrer=catalog,2,6912450051,On Sale,,,https://images1.vinted.net/t/04_0035f_JcKoGfiw89RNQCSeQ8YeF98h/310x430/1755789173.jpeg?s=b18b33301c0d0a2d81a875e54fd05adbb1c142b4,1,1
Mancera cedrat Boise eau de parfume,63.7,Mancera,0,https://www.vinted.it/items/6908063916-mancera-cedrat-boise-eau-de-parfume?referrer=catalog,3,6908063916,On Sale,,,https://images1.vinted.net/t/01_006b2_Dz1kR8e7FrE3ukptaG7hUEUX/310x430/1755721393.jpeg?s=3f40efbfa002cd09b9fcae2aef010e7d71daa545,1,1
Profumo unisex 125 ml,105.7,Mancera,0,https://www.vinted.it/items/6906836799-profumo-unisex-125-ml?referrer=catalog,0,6906836799,On Sale,,,https://images1.vinted.net/t/04_001c4_LUKfcmjiq1BopedC2EPeMXT6/310x430/1755710268.jpeg?s=6a7f800e86f5ca03cf9f2596df2ebf2999d1800b,1,1
Roses greedy Mancera,95.2,Mancera,0,https://www.vinted.it/items/6905489343-roses-greedy-mancera?referrer=catalog,0,6905489343,On Sale,,,https://images1.vinted.net/t/03_0063a_DrYFiFUUz1wonn4SmP2LvM6J/310x430/1755700992.jpeg?s=5f38ae42ae90725637b9e9abecadac1191de152e,1,1
Mancera red tobacco intense 120ml,142.45,Mancera,0,https://www.vinted.it/items/6903114788-mancera-red-tobacco-intense-120ml?referrer=catalog,1,6903114788,On Sale,,,https://images1.vinted.net/t/02_01bbc_w82TmKp36CEUX6fgfUdAoQxo/310x430/1755684194.jpeg?s=f3aed55768f91b8224a5b5bec2cd42c497dd4166,1,1
Profumo Mancera Paris Red Tobacco 120 ml,89.95,Mancera,0,https://www.vinted.it/items/6901557169-profumo-mancera-paris-red-tobacco-120-ml?referrer=catalog,0,6901557169,On Sale,,,https://images1.vinted.net/t/01_00bff_G7UGtBZMWwkWcWMpkS55dzNB/310x430/1755639377.jpeg?s=a3923e6c245c2fe0a5e99d804b429399393afd64,1,1
Profumo unisex Mancera Cedrat Boise,110.95,Mancera,0,https://www.vinted.it/items/6890457952-profumo-unisex-mancera-cedrat-boise?referrer=catalog,0,6890457952,On Sale,,,https://images1.vinted.net/t/03_01f92_RGZJdaKQPnBjtQwxnw7EUKHZ/310x430/1755514872.jpeg?s=00bcc6360939104f16aa322034bf719086c5c7ec,1,1
Mancera instant crush neuf 120ml eau de parfum,79.45,Mancera,0,https://www.vinted.it/items/6887389936-mancera-instant-crush-neuf-120ml-eau-de-parfum?referrer=catalog,15,6887389936,On Sale,,,https://images1.vinted.net/t/01_0253a_bEuaJV4tuxRJ1E7be8qZabjY/310x430/1755453114.jpeg?s=6076560464696cff29472f02ac3d2f8209e01df3,1,1
Instant Crush Mancera,74.2,Mancera,0,https://www.vinted.it/items/6884996470-instant-crush-mancera?referrer=catalog,6,6884996470,On Sale,,,https://images1.vinted.net/t/01_017bf_KGPa4Jq1ooN1ZU8yDc676ZqQ/310x430/1755437678.jpeg?s=7ca8a728f009662ab16fc0e247393b012b2dca24,1,1
Instant crush 120ml -Mancera,95.2,Mancera,0,https://www.vinted.it/items/6884618999-instant-crush-120ml-mancera?referrer=catalog,3,6884618999,On Sale,,,https://images1.vinted.net/t/04_0256d_K9QYJNf8eiM8LGsdDHpxych4/310x430/1755435294.jpeg?s=3684e8f3ef5b1cdf69fb45878fc744c5074124ca,1,1
Mancera Red Tobacco – 120 ml – Neu & Versiegelt,104.65,Mancera,0,https://www.vinted.it/items/6883616236-mancera-red-tobacco-120-ml-neu-versiegelt?referrer=catalog,0,6883616236,On Sale,,,https://images1.vinted.net/t/02_01185_2683HpLrfqBASSrm9Uv4db6G/310x430/1755428577.jpeg?s=0195a5ed48b5df09e283cdd136c94b361418ee9a,1,1
Mancera instant Crush,84.7,Mancera,0,https://www.vinted.it/items/6877278110-mancera-instant-crush?referrer=catalog,2,6877278110,On Sale,,,https://images1.vinted.net/t/04_00426_iuHA7N4oLvbAZLXJViVki84Z/310x430/1755346345.jpeg?s=363630de635d936723d00b08aab3524fe22b2e84,1,1
Mancera Cedrat Boise Intense 120ml Originale!,126.7,Mancera,0,https://www.vinted.it/items/6876710546-mancera-cedrat-boise-intense-120ml-originale?referrer=catalog,12,6876710546,On Sale,,,https://images1.vinted.net/t/02_004fe_6U2cGvdqvW4ejie9pnVYb7eR/310x430/1755332023.jpeg?s=83c246d421019a413e400c564b4299ec4f1abdeb,1,1
Mancera Paris - Juicy Flowers EDP 60 ml,84.7,Mancera,0,https://www.vinted.it/items/6875351885-mancera-paris-juicy-flowers-edp-60-ml?referrer=catalog,3,6875351885,On Sale,,,https://images1.vinted.net/t/04_0243c_Aqsy5PV3aVtt2LnvFGVmSq97/310x430/1755282245.jpeg?s=3270f06d70c3bc9e9d31f3ec5fa312d49f7dd2b1,1,1
Mancera Cedrat Boise,95.2,Mancera,0,https://www.vinted.it/items/6871828119-mancera-cedrat-boise?referrer=catalog,3,6871828119,On Sale,,,https://images1.vinted.net/t/02_0029a_bw7LwoLm58Fin8utTTzgr4MS/310x430/1755247820.jpeg?s=86365ffdaec65f36ca032894a102fa04e90d85a3,1,1
Mancera Red Tobacco _ profumo unisex da 120ML,119.35,Mancera,0,https://www.vinted.it/items/6864489081-mancera-red-tobacco-profumo-unisex-da-120ml?referrer=catalog,3,6864489081,On Sale,,,https://images1.vinted.net/t/01_022d5_3YNXad1thTCs3J4xBwBZViN8/310x430/1755104393.jpeg?s=7e581f56f128f7c1f18d077974cff9af85a7261c,1,1
Parfum neuf pink roses mancera Paris 60 ML,62.65,Mancera,0,https://www.vinted.it/items/6863650908-parfum-neuf-pink-roses-mancera-paris-60-ml?referrer=catalog,0,6863650908,On Sale,,,https://images1.vinted.net/t/04_01c2f_rPiLy5VkRp3jL7aBs3ueM5Nt/310x430/1755096986.jpeg?s=255e052b1a325289fd5b9f21ff940d9f48dc60e1,1,1
Profumo Mancera Aqua Wood,89.95,Mancera,0,https://www.vinted.it/items/6858370861-profumo-mancera-aqua-wood?referrer=catalog,2,6858370861,On Sale,,,https://images1.vinted.net/t/03_0122c_XFanJBu7Chnyw89sedo8hHrd/310x430/1755013113.jpeg?s=3d6e09641ee273bfdd6c2efd34909157f92b7596,1,1
Mancera Red Tobacco Intense 100 ml,126.7,Mancera,0,https://www.vinted.it/items/6855715795-mancera-red-tobacco-intense-100-ml?referrer=catalog,1,6855715795,On Sale,,,https://images1.vinted.net/t/03_023bd_Z4Mi13gRtYkavNHd9WzxpPYh/310x430/1754989737.jpeg?s=798f1993baf52dea4065aac1c5c9be066c417bd5,1,1
Mancera Red Tobbaco - Old Batch,84.7,Mancera,0,https://www.vinted.it/items/6849101009-mancera-red-tobbaco-old-batch?referrer=catalog,0,6849101009,On Sale,,,https://images1.vinted.net/t/04_00169_ZWdwFW3n7CfhKmkX8hMXMGbW/310x430/1754882862.jpeg?s=ac8bff9ae259371a2a67400dd55727a89bffd845,1,1
Mancera Instant crush 120ml,84.7,Mancera,0,https://www.vinted.it/items/6846207811-mancera-instant-crush-120ml?referrer=catalog,9,6846207811,On Sale,,,https://images1.vinted.net/t/03_00062_8vEr4h9Qkvjx6LSyT35pBhQK/310x430/1754837303.jpeg?s=8acedc9283f7579e647fdce2fa5d0ef3d7abea95,1,1
Mancera cedrat boise 120 ml,58.45,Mancera,0,https://www.vinted.it/items/6845806909-mancera-cedrat-boise-120-ml?referrer=catalog,18,6845806909,On Sale,,,https://images1.vinted.net/t/01_01028_yJkDUNk5gRCwYbtCmRxmfJfL/310x430/1754834452.jpeg?s=375e0f465190803aa8a6613b0af07e39c759a365,1,1
Profumo Red Tobacco Mancera,74.2,Mancera,0,https://www.vinted.it/items/6844555941-profumo-red-tobacco-mancera?referrer=catalog,4,6844555941,On Sale,,,https://images1.vinted.net/t/04_022c7_KzHDkLB1tqBnLoN6Hdacmh8Q/310x430/1754825130.jpeg?s=ed2f0f91a82e4f3b545104bdeed59cab94bf4350,1,1
Profumo Instant Crush Mancera,109.9,Mancera,0,https://www.vinted.it/items/6839384173-profumo-instant-crush-mancera?referrer=catalog,7,6839384173,On Sale,,,https://images1.vinted.net/t/01_0188a_1n1tvwdJYMTXQBHbpeAHRdZC/310x430/1754741730.jpeg?s=f8ab2df13b1ce0ef07472085196723f45e08cdd6,1,1
Mancera - Red Tobacco,63.7,Mancera,0,https://www.vinted.it/items/6836351025-mancera-red-tobacco?referrer=catalog,10,6836351025,On Sale,,,https://images1.vinted.net/t/04_007a9_ABXkj1PfyX13nS2c8EyrZk7K/310x430/1754676801.jpeg?s=36357c3dc55040b7c6a3a33977d0a43988441ba9,1,1
Blue aoud mancera,68.95,Mancera,0,https://www.vinted.it/items/6835175475-blue-aoud-mancera?referrer=catalog,2,6835175475,On Sale,,,https://images1.vinted.net/t/02_00c45_e1FNrruELZrJysweTJo5Pf28/310x430/1754665457.jpeg?s=328335c19c77b5634bbe91df12f2e8ea8e65f950,1,1
Perfume Mancera Cedrat Boisé – 120ml,131.95,Mancera,0,https://www.vinted.it/items/6832525624-perfume-mancera-cedrat-boise-120ml?referrer=catalog,2,6832525624,On Sale,,,https://images1.vinted.net/t/04_00aa1_EGY49YzBg29qeV4epqhnLkF2/310x430/1754640394.jpeg?s=0aeaa3d67773d5b40178ccdb9077e5ec806685c4,1,1
Instant crush mancera,100.45,Mancera,0,https://www.vinted.it/items/6831927481-instant-crush-mancera?referrer=catalog,11,6831927481,On Sale,,,https://images1.vinted.net/t/02_00f80_DFDVSoW8AyibfKm5nJrFTKQj/310x430/1754606273.jpeg?s=e0136e577795a0bc3ac18fe08f4128116b8c75c2,1,1
Mancera Red Tobacco,168.7,Mancera,0,https://www.vinted.it/items/6830266426-mancera-red-tobacco?referrer=catalog,0,6830266426,On Sale,,,https://images1.vinted.net/t/04_026fd_pc4PtEWBb74JAYuwXKH8fb4Y/310x430/1754585207.jpeg?s=a2255e38eed70afd2a7b1e133bddeca60e3e4a32,1,1
Profumo Mancera Wild Leather,100.45,Mancera,0,https://www.vinted.it/items/6829703012-profumo-mancera-wild-leather?referrer=catalog,0,6829703012,On Sale,,,https://images1.vinted.net/t/02_02106_x7wLEUzoM7z2jQccnb61jskw/310x430/1754580577.jpeg?s=b9019e101c59ec99701f4188baa47f8a9d378f85,1,1
Mancera red tobacco,126.7,Mancera,0,https://www.vinted.it/items/6819176572-mancera-red-tobacco?referrer=catalog,3,6819176572,On Sale,,,https://images1.vinted.net/t/04_01b30_EcHhtQvBm2dZarU1EXAa4VmZ/310x430/1754421057.jpeg?s=231c8d6fcf8539a6a030203afb7f8c35383d071c,1,1
Mancera Cedrat Boise,105.7,Mancera,0,https://www.vinted.it/items/6800741209-mancera-cedrat-boise-profumo?referrer=catalog,6,6800741209,On Sale,,,https://images1.vinted.net/t/02_000e4_s1iSXoRAvqXEw3zDrsLc3oxh/310x430/1754212577.jpeg?s=40ccddec929b01206c667df7b0bec3ed25001d90,1,1
Red tobacco,58.45,Mancera,0,https://www.vinted.it/items/6788539729-red-tobacco?referrer=catalog,5,6788539729,On Sale,,,https://images1.vinted.net/t/02_00bd9_oiBhoTwUr37WC4ZMNJAse2fN/310x430/1754032152.jpeg?s=9522e082acc35afa5c9c8c5d4c7077e16349bef6,1,1
Starry Nights spray 100 ml spray,74.2,Mancera,0,https://www.vinted.it/items/6781271717-starry-nights-spray-100-ml-spray?referrer=catalog,1,6781271717,On Sale,,,https://images1.vinted.net/t/01_02357_JQ2yLCMN3EqugowhX9ybDfza/310x430/1753901042.jpeg?s=44da23b4d209ac83ba27c6d20eb9f51e5f963005,1,1
Mancera Cedrat Boise,105.7,Mancera,0,https://www.vinted.it/items/6774411375-mancera-cedrat-boise?referrer=catalog,2,6774411375,On Sale,,,https://images1.vinted.net/t/01_00f84_EqExopjTnPhmvWEpRcdmyMPK/310x430/1753808404.jpeg?s=deadc0c08efb1dd6b4897d4d9aea08a8d6a9f191,1,1
Mancera Black Prestigium eau de Parfum 120ml,131.95,Mancera,0,https://www.vinted.it/items/6774337472-mancera-black-prestigium-eau-de-parfum-120ml?referrer=catalog,2,6774337472,On Sale,,,https://images1.vinted.net/t/03_01fa7_B2Na6kwnm7B7knmbU2myhA48/310x430/1753807817.jpeg?s=ff25f29be1c5c03d323b2b8e7aca96f5a15cdb94,1,1
mancera Paris Roses vanille,105.7,Mancera,0,https://www.vinted.it/items/6769161122-mancera-paris-roses-vanille?referrer=catalog,3,6769161122,On Sale,,,https://images1.vinted.net/t/01_01f02_bHMMJAfWDUnJupFByfx292VH/310x430/1753729989.jpeg?s=a5358a1abf2f0f27ca02e454d39ece3b434b5fd8,1,1
Instant Crush Mancera 120 ml,100.45,Mancera,0,https://www.vinted.it/items/6769117754-instant-crush-mancera-120-ml?referrer=catalog,2,6769117754,On Sale,,,https://images1.vinted.net/t/04_0078a_Fg1z16Bki5LFXVDmv655hhpa/310x430/1753729598.jpeg?s=6cd46d3aa256bcfbbcfe2ffffd9276a39fd38b49,1,1
Mancera Black Prestigium Eau De Parfum 120,142.45,Mancera,0,https://www.vinted.it/items/6762340969-mancera-black-prestigium-eau-de-parfum-120?referrer=catalog,0,6762340969,On Sale,,,https://images1.vinted.net/t/02_01f5d_K7r37n4C7VYM7rZRGEWv1bRN/310x430/1753639529.jpeg?s=3bb0c038091104f579814ce4fe49f17696c7c2e1,1,1
60ml Aoud Exclusif Mancera eau de parfum,89.95,Mancera,0,https://www.vinted.it/items/6760807641-60ml-aoud-exclusif-mancera-eau-de-parfum?referrer=catalog,6,6760807641,On Sale,,,https://images1.vinted.net/t/01_01b4c_NgV52rr65s8gxEttkiii2oHQ/310x430/1753629629.jpeg?s=b2069cc53bfed53cab0ca57efcf4ebc761de72b9,1,1
Mancera Red Tobacco 120 ml,100.45,Mancera,0,https://www.vinted.it/items/6757768422-mancera-red-tobacco-120-ml?referrer=catalog,1,6757768422,On Sale,,,https://images1.vinted.net/t/03_00e65_2sownrJwYwS13cEz5Rg39aX5/310x430/1753609999.jpeg?s=8ff5445f1e44ca996b912eed260653d9ae0acb58,1,1
Mancera Red tobacco 120ml neu,105.7,Mancera,0,https://www.vinted.it/items/6738650386-mancera-red-tobacco-120ml-neu?referrer=catalog,3,6738650386,On Sale,,,https://images1.vinted.net/t/03_00599_jQDowCkoouctsSao5Ujb2b5n/310x430/1753294704.jpeg?s=15e569f51899ee72acaf9d427e86fea2c2dfdb56,1,1
Mancera Paris Instant Crush 120ml EDP,104.65,Mancera,0,https://www.vinted.it/items/6728146196-mancera-paris-instant-crush-120ml-edp?referrer=catalog,0,6728146196,On Sale,,,https://images1.vinted.net/t/02_025bb_8qhWhF9jUhrWrP7C7diA3aqs/310x430/1753172096.jpeg?s=db867a11ae357b7908b596f2aea8b3b51a79bae9,1,1
Profumo di nicchia red tabacco mancera,116.2,Mancera,0,https://www.vinted.it/items/6726764536-profumo-di-nicchia-red-tabacco-mancera?referrer=catalog,0,6726764536,On Sale,,,https://images1.vinted.net/t/02_013ad_8FSS25ti3PKnWa8NHLE5XZ7E/310x430/1753126200.jpeg?s=ce042ba26401df9a9dfb29c3c27594e029c4daf7,1,1
Mancera Cedrat Boise Eau de Parfum 120ml,93.1,Mancera,0,https://www.vinted.it/items/6725520460-mancera-cedrat-boise-eau-de-parfum-120ml?referrer=catalog,5,6725520460,On Sale,,,https://images1.vinted.net/t/02_026c6_je2U9b7KZh5tesHdcTQrdyFD/310x430/1753115976.jpeg?s=b5dd5c89f31f44d9f8816f05b4e96dfb29d18035,1,1
Red Tobacco Mancera,79.45,Mancera,0,https://www.vinted.it/items/6712358418-red-tobacco-mancera?referrer=catalog,1,6712358418,On Sale,,,https://images1.vinted.net/t/03_003b5_ayGS18ibpLHhXpiwvDU1BnYY/310x430/1752943220.jpeg?s=5de08ad263b6a1d03bba3ff9e1cec60cc28eadd0,1,1
Profumo da donna,68.95,Mancera,0,https://www.vinted.it/items/6704310787-profumo-da-donna?referrer=catalog,10,6704310787,On Sale,,,https://images1.vinted.net/t/01_009cf_ttLujYUUocsdDHoGfJacpQ9w/310x430/1752833172.jpeg?s=fc1d844421e0fa05d0e046e4a9dd8f9fb7244774,1,1
Mancera Instant Crush 60ml,84.69,Mancera,0,https://www.vinted.it/items/6688588509-mancera-instant-crush-60ml?referrer=catalog,1,6688588509,On Sale,,,https://images1.vinted.net/t/04_00ff8_voMVhbjwagrkrSRJLQSZfEJJ/310x430/1752590451.jpeg?s=bda8e8f7e8e75ded60b9f7f1fc859817b5e49297,1,1
Perfume mancera Fig Me Up Eau de Parfum,93.1,Mancera,0,https://www.vinted.it/items/6667244964-perfume-mancera-fig-me-up-eau-de-parfum?referrer=catalog,7,6667244964,On Sale,,,https://images1.vinted.net/t/01_00b23_KV26PgE1ze52Q9ih2FqFZkyQ/310x430/1752269321.jpeg?s=73cd368d6916bb9620cf1cd601f809208bb32955,1,1
Mancera Paris Lovely garden,84.7,Mancera,0,https://www.vinted.it/items/6660192899-mancera-paris-lovely-garden?referrer=catalog,2,6660192899,On Sale,,,https://images1.vinted.net/t/04_0105c_jMcA9pKZATzCunpmziBmHjr9/310x430/1752161331.jpeg?s=909a3f4a1d55bcfd1f6e89432bc71d90ab599e8b,1,1
Parfum Mancera Instant Crush,81.55,Mancera,0,https://www.vinted.it/items/6644618567-parfum-mancera-instant-crush?referrer=catalog,34,6644618567,On Sale,,,https://images1.vinted.net/t/04_0244e_6A116NPGzCnNUjuLxC91UoZF/310x430/1751926242.jpeg?s=97e5d1ae2e38b2e56dac09d73795ba70ed41688b,1,1
Mancera instant crush 120ml,100.45,Mancera,0,https://www.vinted.it/items/6635936252-mancera-instant-crush-120ml?referrer=catalog,4,6635936252,On Sale,,,https://images1.vinted.net/t/02_002bc_XT1i6GW5KxL2fmx58w6qhwp4/310x430/1751819759.jpeg?s=ab68e4123b07dc364c7ae563171acf6209ea9e6f,1,1
Dupe vari tom ford,73.15,Mancera,0,https://www.vinted.it/items/6610219903-dupe-vari-tom-ford-montale-mancera-eldo?referrer=catalog,4,6610219903,On Sale,,,https://images1.vinted.net/t/01_016d0_3FKyeJ3ziARTPT3UnLW3YRP5/310x430/1751450555.jpeg?s=8f8d4062b95bd22268c160bf24ee800fdf5d4201,1,1
Mancera instant crush 120mL,95.2,Mancera,0,https://www.vinted.it/items/6603662512-mancera-instant-crush-120ml?referrer=catalog,8,6603662512,On Sale,,,https://images1.vinted.net/t/03_001f7_6PWeykT8ioMSCk7ToRxvLzUx/310x430/1751314829.jpeg?s=ba5c536ec8e3eb4a7c8ce5a962823b0d7b6d47ef,1,1
Profumo mancera,63.7,Mancera,0,https://www.vinted.it/items/6601236540-profumo-mancera?referrer=catalog,0,6601236540,On Sale,,,https://images1.vinted.net/t/04_017fa_hLEv7veibBi6LgCZomjEFbrL/310x430/1751290622.jpeg?s=1698e14698e68d30a63ee897da964090f2cf2136,1,1
Parfum mancera musc of Flowers 120ml,63.7,Mancera,0,https://www.vinted.it/items/6579193526-parfum-mancera-musc-of-flowers-120ml?referrer=catalog,2,6579193526,On Sale,,,https://images1.vinted.net/t/01_00f83_qgsQAcdKc3p7XYmUYKGe3GgG/310x430/1750933553.jpeg?s=bc6f83d0eb0898f4c70a6518a95c3979220b59e8,1,1
Profumo mancera paris,84.7,Mancera,0,https://www.vinted.it/items/6578095123-profumo-mancera-paris?referrer=catalog,0,6578095123,On Sale,,,https://images1.vinted.net/t/02_020b1_a6NkkUdLHwbGmjudhRJDJYHW/310x430/1750917457.jpeg?s=0c9f21978d48cf282f6fd3502b37aaa424df0f9a,1,1
Perfume Mancera Fig Me Up,94.15,Mancera,0,https://www.vinted.it/items/6575059674-perfume-mancera-fig-me-up?referrer=catalog,4,6575059674,On Sale,,,https://images1.vinted.net/t/01_00943_t3TBrjdLyQFyWfpkimo1Gxwn/310x430/1750860202.jpeg?s=fb38195146fbb56ab4539d699a21e971ca63d1d8,1,1
Perfume Mancera Intense Instant Crush,100.45,Mancera,0,https://www.vinted.it/items/6574951769-perfume-mancera-intense-instant-crush?referrer=catalog,6,6574951769,On Sale,,,https://images1.vinted.net/t/03_01d81_L8QagfYhvkPNgBxSEkUyxZcM/310x430/1750859235.jpeg?s=d98d3e9315c67ff5bb4c71414e475be664d36c2f,1,1
Mancera instant crush,105.7,Mancera,0,https://www.vinted.it/items/6555631270-mancera-instant-crush?referrer=catalog,2,6555631270,On Sale,,,https://images1.vinted.net/t/01_01dd9_1T3tztAbudQmcn7dGfw9yp8i/310x430/1750589958.jpeg?s=92263d92e0e9317f18fb68a3a0fccd0dbb3ced0b,1,1
Perfume Mancera Black prestigium 120ml Eau de parfum,105.7,Mancera,0,https://www.vinted.it/items/6545818394-perfume-mancera-black-prestigium-120ml-eau-de-parfum?referrer=catalog,2,6545818394,On Sale,,,https://images1.vinted.net/t/03_0037d_R7ifhJUZbc1Jwo7MijvY7SZf/310x430/1750417370.jpeg?s=fe70d57111e3ea497a3635e2c5ae370cee9902e5,1,1
Intast crush,105.7,Mancera,0,https://www.vinted.it/items/6543592358-intast-crush?referrer=catalog,0,6543592358,On Sale,,,https://images1.vinted.net/t/04_00ac6_MPFQHNG4pQntp7KXsXMKhNtM/310x430/1750360311.jpeg?s=4023069cc682c3c977a6c11dd6189b3278066251,1,1
Eau de parfum 120ml Mancera Instant Crush,103.6,Mancera,0,https://www.vinted.it/items/6533666142-eau-de-parfum-120ml-mancera-instant-crush?referrer=catalog,3,6533666142,On Sale,,,https://images1.vinted.net/t/03_019d3_mgkPTfdJ9kLzmWj9qk1zC76i/310x430/1750208608.jpeg?s=38830b36aaea7236284c98a9a35e22bc9b970158,1,1
Profumo unisex Cedrat Boise Mancera,108.85,Mancera,0,https://www.vinted.it/items/6529690542-profumo-unisex-cedrat-boise-mancera-da-120ml?referrer=catalog,12,6529690542,On Sale,,,https://images1.vinted.net/t/01_0115f_pZaauH6rjbcdLen8x9h1XTmL/310x430/1750158893.jpeg?s=2bafea2c8972eb981733dc98848003fb58e0fd21,1,1
Mancera Aoud Blue notes,53.2,Mancera,0,https://www.vinted.it/items/6494510749-mancera-aoud-blue-notes?referrer=catalog,18,6494510749,On Sale,,,https://images1.vinted.net/t/02_002c8_NYNxbH5GkNgy5tVGvfsqvx3D/310x430/1749601346.jpeg?s=f653aaa308d036f356aa2a0dd061582614ee5ac7,1,1
Mancera Instant Crush EDP 120ml,116.2,Mancera,0,https://www.vinted.it/items/6472352786-mancera-instant-crush-edp-120ml?referrer=catalog,0,6472352786,On Sale,,,https://images1.vinted.net/t/01_01bad_M3z9irTtZMLMLRmv6aScpBag/310x430/r1/1749315353.jpeg?s=59cca5830ccf7c3d4f32bd420f8dcf54ffea069c,1,1
Mancera instant crush 120ml,121.45,Mancera,0,https://www.vinted.it/items/6465002398-mancera-instant-crush-120ml?referrer=catalog,6,6465002398,On Sale,,,https://images1.vinted.net/t/01_022b8_BYnsF5HYkaUb85j9JyHb48S5/310x430/1749217169.jpeg?s=322d7dc7139f0839147ac5f0ef6f510659be41f1,1,1
Mancera Red Tobacco,63.7,Mancera,0,https://www.vinted.it/items/6462483203-mancera-red-tobacco?referrer=catalog,1,6462483203,On Sale,,,https://images1.vinted.net/t/01_0228b_b6miBYNYkSV11KtDufT6FjgY/310x430/1749163095.jpeg?s=9e0da14559ad8cc81ed5d16c938be57e8283a129,1,1
Mancera  indian dream.idea regalo 🎁,100.45,Mancera,0,https://www.vinted.it/items/6448919893-mancera-indian-dreamidea-regalo?referrer=catalog,6,6448919893,On Sale,,,https://images1.vinted.net/t/03_0137a_Xcq6tBsESECXGVd2vkWsikxw/310x430/1748967178.jpeg?s=a91a8fd9448a25ad8901c9899f5aaeb5a8d17e38,1,1
Mancera Red Tobacco,83.65,Mancera,0,https://www.vinted.it/items/6443277380-mancera-red-tobacco?referrer=catalog,4,6443277380,On Sale,,,https://images1.vinted.net/t/02_02531_BJeGB5tPb8kY8A7JgQgQFHSA/310x430/1748883288.jpeg?s=a1f11b50048e44211d87e7e321228270dd03c145,1,1
Mancera Paris,61.5,Mancera,0,https://www.vinted.it/items/6407850768-mancera-paris?referrer=catalog,3,6407850768,On Sale,,,https://images1.vinted.net/t/02_00b18_nfNXtF7dT8h3nnd2RWZzxeWy/310x430/1748374523.jpeg?s=6164e03e02bcee2153646ec4a24af81acd5997dc,1,1
Mancera cedrat boise 60 ml,59.5,Mancera,0,https://www.vinted.it/items/6402398399-mancera-cedrat-boise-60-ml?referrer=catalog,16,6402398399,On Sale,,,https://images1.vinted.net/t/01_01d01_4atmvpQkYXPK4XTuybPUWQXm/310x430/1748293936.jpeg?s=69e13fecfa3007060f0e1506a20801a8f3befc09,1,1
Choco violette - Mancera 60 ml,121.45,Mancera,0,https://www.vinted.it/items/6385656962-choco-violette-mancera-60-ml?referrer=catalog,3,6385656962,On Sale,,,https://images1.vinted.net/t/01_00a5f_M5eVinVadMYbVcdkdacrX38A/310x430/1748095829.jpeg?s=aab7d94f4bc34ad8eacd51e04b11d95d0ed626f6,1,1
Perfume Coco Vanille de Mancera,95.2,Mancera,0,https://www.vinted.it/items/6376464119-perfume-coco-vanille-de-mancera?referrer=catalog,10,6376464119,On Sale,,,https://images1.vinted.net/t/01_01df9_c1zBbKdx97aSQn7kuzMvSdCX/310x430/1747940564.jpeg?s=ee481550e382ad15ed94fc8248dbfd2d4ce01284,1,1
Mancera Paris Profumo,74.2,Mancera,0,https://www.vinted.it/items/6368955738-mancera-paris-profumo?referrer=catalog,5,6368955738,On Sale,,,https://images1.vinted.net/t/04_00d32_hWQzmxHKLthCPaD6gJ4431JK/310x430/1747837999.jpeg?s=1a6d4e9e9dfc70fc0cf0860d8d8877e5f49552b6,1,1
Profumo mancera Paris,116.2,Mancera,0,https://www.vinted.it/items/6368528857-profumo-mancera-paris?referrer=catalog,1,6368528857,On Sale,,,https://images1.vinted.net/t/03_01ba6_Jtzg5isAM8RFEgoHRX2qgP1A/310x430/1747834338.jpeg?s=98bcfbf8f9cd5ee2505af6eb25b9131106de5065,1,1
Profumo mancera red tobacco,63.7,Mancera,0,https://www.vinted.it/items/6363771896-profumo-mancera-red-tobacco?referrer=catalog,3,6363771896,On Sale,,,https://images1.vinted.net/t/04_02351_jqFjRA2tmsqPCiCAf6mLMk5G/310x430/1747755127.jpeg?s=28829748daefb2bf8fa664a567908abeddcff6da,1,1
Mancera instant CRUSH,95.2,Mancera,0,https://www.vinted.it/items/6357299550-mancera-instant-crush?referrer=catalog,3,6357299550,On Sale,,,https://images1.vinted.net/t/01_00ce2_VAS8bHTnkDnzBCN2mHDdARg3/310x430/1747662551.jpeg?s=c34bef350fadcc8dce706e92b9db88ea58d10e99,1,1
Red tabacco,63.7,Mancera,0,https://www.vinted.it/items/6337743047-red-tabacco?referrer=catalog,0,6337743047,On Sale,,,https://images1.vinted.net/t/04_01002_UjdauUDjjJ72UrmoFUxNEoXg/310x430/1747399783.jpeg?s=e33ee22eab8f7adfed1b6beb5ab49a2e391772d8,1,1
Mancera Deep Forest Eau de Parfum 120ml,79.45,Mancera,0,https://www.vinted.it/items/6299988589-mancera-deep-forest-eau-de-parfum-120ml?referrer=catalog,3,6299988589,On Sale,,,https://images1.vinted.net/t/01_019d6_hbH6aXE1J9rLiHaX2CqzWC6x/310x430/1746868091.jpeg?s=3766388fb1cbefa3662f611f289948e8bbb8634f,1,1
Instant Crush (Mancera),105.7,Mancera,0,https://www.vinted.it/items/6289662291-instant-crush-mancera?referrer=catalog,4,6289662291,On Sale,,,https://images1.vinted.net/t/02_02266_43DxAZsQhXCP5EG4CwULksns/310x430/1746705472.jpeg?s=f37742e881207a487c21cfe01664e6d87b216e87,1,1
Vanilla Xplicit -Novità 2025 Eau de Parfum di nicchia,100.45,Mancera,0,https://www.vinted.it/items/6241486915-vanilla-xplicit-novita-2025-eau-de-parfum-di-nicchia?referrer=catalog,44,6241486915,On Sale,,,https://images1.vinted.net/t/04_01078_4FciktBWdetorZAsVo8p88u5/310x430/1746041357.jpeg?s=3c2d0f59d0ce330db49552cd9f37024460b90deb,1,1
Mancera Paris Red Tobacco,105.7,Mancera,0,https://www.vinted.it/items/6240980405-mancera-paris-red-tobacco?referrer=catalog,1,6240980405,On Sale,,,https://images1.vinted.net/t/02_00562_996Nf5cZSGmXjR9zsRCfNhRi/310x430/1746035323.jpeg?s=2042f8fb625f440c2b6e23d84b5d892b7c00a82d,1,1
Red tabacco,74.2,Mancera,0,https://www.vinted.it/items/6230682308-red-tabacco?referrer=catalog,1,6230682308,On Sale,,,https://images1.vinted.net/t/04_01219_FGMZBaheZGDiavx9v6LxzNjZ/310x430/1745858899.jpeg?s=bab9c6fb09560310b548433c3ad1fb5a1598aa86,1,1
Mancera Paris,194.95,Mancera,0,https://www.vinted.it/items/6176615934-mancera-paris?referrer=catalog,2,6176615934,On Sale,,,https://images1.vinted.net/t/04_02386_pgTiEtA5P7CeUgtJu9xEtzcw/310x430/1745074804.jpeg?s=e911fee35c128dc23788e35d5b0cd2a0f43f454b,1,1
Red Tobacco,131.95,Mancera,0,https://www.vinted.it/items/6172538229-red-tobacco?referrer=catalog,3,6172538229,On Sale,,,https://images1.vinted.net/t/02_00eb2_8UVnz5XKSKZUc9m3mQ9kn193/310x430/1744999849.jpeg?s=ef01dee5d97320d2926ea970035f0c2256713945,1,1
Instant crush Mancera,89.95,Mancera,0,https://www.vinted.it/items/6125821355-instant-crush-mancera?referrer=catalog,21,6125821355,On Sale,,,https://images1.vinted.net/t/04_01803_3U2NfKFZVaaruX54BWcSsLLD/310x430/1744336972.jpeg?s=227ccc30db31768c6961fb2609b748cb1b326b3b,1,1
Instant crush,95.2,Mancera,0,https://www.vinted.it/items/6042855034-instant-crush?referrer=catalog,5,6042855034,On Sale,,,https://images1.vinted.net/t/04_00445_5pcgYbh6TS3yLe8ygzGwnNZg/310x430/1743087093.jpeg?s=b06b3385f6b48861a369cd1072bdcd98f6ef3525,1,1
Parfum Mancera Paris Instant Crush,95.2,Mancera,0,https://www.vinted.it/items/5868438423-parfum-mancera-paris-instant-crush?referrer=catalog,5,5868438423,On Sale,,,https://images1.vinted.net/t/04_01576_hKD54297RaWx1BMZEs78FkJm/310x430/1740348825.jpeg?s=56b8c6cc95180918663840de38ca806ee7f70502,1,1
Mancera Instant Crush 120ML,79.45,Mancera,0,https://www.vinted.it/items/5793652281-mancera-instant-crush-120ml?referrer=catalog,12,5793652281,On Sale,,,https://images1.vinted.net/t/04_0182f_bak2v5nDnfe7atoEw3ZwedCC/310x430/1739176739.jpeg?s=36711abb431dacc79b4ee1f4d60609b16b1f5f34,1,1
Parfum Instant Crush - Mancera en 120ML,89.95,Mancera,0,https://www.vinted.it/items/5789590905-parfum-instant-crush-mancera-en-120ml?referrer=catalog,7,5789590905,On Sale,,,https://images1.vinted.net/t/02_023e9_4dYHkEUuA75TBNVFZd1sqofr/310x430/1739111984.jpeg?s=f404a77a7bcea0f7c7d50e8ba4b231d012729672,1,1
Mancera instant crush,95.2,Mancera,0,https://www.vinted.it/items/5545928413-mancera-instant-crush?referrer=catalog,6,5545928413,On Sale,,,https://images1.vinted.net/t/04_008a6_WMmAGLGKWv8TYjCaaeBELknF/310x430/1734644715.jpeg?s=30b8e23ddc39a38bec86962b2b017647faadc404,1,1
Instant crush,84.7,Mancera,0,https://www.vinted.it/items/5174022871-instant-crush?referrer=catalog,5,5174022871,On Sale,,,https://images1.vinted.net/t/03_022b9_ZBSfZEhW7Gfj7zQiJNuyjU2Z/310x430/1728283892.jpeg?s=1c1b9ce94d1c298afc723b67cef194f96f3ac6fe,1,1
Mancera Instant Crush ACTIE,100.44,Mancera,0,https://www.vinted.it/items/5026563436-mancera-instant-crush-actie?referrer=catalog,5,5026563436,On Sale,,,https://images1.vinted.net/t/02_01f7e_DWSrEAFqGDdUBhTwQEKSFqMt/310x430/1726074879.jpeg?s=48d63d9f2ef65c110138dba2062c68104a0cbd23,1,1
Parfum mancera Instant crush,105.7,Mancera,0,https://www.vinted.it/items/4992919107-parfum-mancera-instant-crush?referrer=catalog,9,4992919107,On Sale,,,https://images1.vinted.net/t/03_0257f_dkqXKa9TzGYe4yhFYD6oDzY3/310x430/1725562005.jpeg?s=84661fa1956469ce39fd64d1a96b71f8c242f0f9,1,1
Mancera Instant Crush 120ml OVP Original,108.85,Mancera,0,https://www.vinted.it/items/4287595732-mancera-instant-crush-120ml-ovp-original?referrer=catalog,45,4287595732,On Sale,,,https://images1.vinted.net/t/03_00b2b_YKmRdk2RZFNnpd9UdvES3cc8/310x430/1711710906.jpeg?s=84f20438b38de46d9b8ba9a748714f9830a07663,1,1
Mancera instant crush 120ml,105.7,Mancera,0,https://www.vinted.it/items/2825063396-mancera-instant-crush-120ml?referrer=catalog,56,2825063396,On Sale,,,https://images1.vinted.net/t/01_00d13_C7jH6xmE74UvHjcANA1paJVU/310x430/1679675159.jpeg?s=7f84160a01c57f3287e675978abcc94e6c14171d,1,1
Mancera Instant Crush 120ml Parfüm,100.45,Mancera,0,https://www.vinted.it/items/2265548546-mancera-instant-crush-120ml-parfum?referrer=catalog,80,2265548546,On Sale,,,https://images1.vinted.net/t/03_00b27_4YnEypHangDdy2npnvmupunA/310x430/1664707343.jpeg?s=cf7e912e53c7ff2d5397c22a09563453f7c0c979,1,1
