ProductId,VariantId,VariantLocal,VariantCount,VariantTextTop,PriceMedian,PriceMin,PriceMax,VariantThreshold,CoreFrac,PriceWeight
501,555,0,15,,131.95,74.2,226.45,0.33,0.7,0.5
49,56,1,6,volante pedales volant boite de vitesse support con,247.445,189.7,336.7,0.33,0.7,0.5
193,220,0,4,remake deluxe vii,100.45,79.45,105.7,0.33,0.7,0.5
48,51,1,4,volant levier de vitesse shifter compatible et,210.7,210.7,210.7,0.33,0.7,0.5
375,425,0,3,,42.7,42.7,42.7,0.33,0.7,0.5
121,146,2,3,nintendo switch le,45.85,45.85,61.6,0.33,0.7,0.5
348,393,0,3,,47.94,42.7,73.15,0.33,0.7,0.5
87,102,0,3,,47.95,47.95,53.2,0.33,0.7,0.5
281,324,0,3,,47.95,42.7,105.7,0.33,0.7,0.5
94,114,0,3,,53.19,42.7,53.2,0.33,0.7,0.5
132,157,0,3,,53.2,47.95,105.7,0.33,0.7,0.5
232,266,0,3,,53.2,53.2,209.65,0.33,0.7,0.5
255,291,0,3,,53.2,53.2,58.45,0.33,0.7,0.5
268,309,0,3,,53.2,44.8,74.2,0.33,0.7,0.5
290,335,0,3,,53.2,47.95,63.7,0.33,0.7,0.5
333,378,0,3,,53.2,42.7,53.2,0.33,0.7,0.5
475,527,0,3,,53.2,42.7,58.45,0.33,0.7,0.5
73,88,0,3,,79.69,53.2,126.7,0.33,0.7,0.5
202,232,0,3,,84.7,74.2,116.2,0.33,0.7,0.5
150,175,0,3,,105.7,64.75,105.7,0.33,0.7,0.5
635,694,0,3,,105.7,79.45,404.95,0.33,0.7,0.5
641,700,0,3,completa,106.65,105.7,106.65,0.33,0.7,0.5
139,164,0,3,,116.2,42.7,116.2,0.33,0.7,0.5
460,512,0,3,,126.7,126.7,126.7,0.33,0.7,0.5
499,552,0,3,,126.7,95.2,137.2,0.33,0.7,0.5
542,601,0,3,,137.2,131.95,158.2,0.33,0.7,0.5
527,586,0,3,,158.2,158.2,168.7,0.33,0.7,0.5
518,572,0,3,,200.2,173.95,210.7,0.33,0.7,0.5
50,61,0,3,pedali ps4 ps5 pc trueforce racing wheel volant,263.2,231.7,284.2,0.33,0.7,0.5
5,5,0,2,,1.0098,1.0098,1.0098,0.33,0.7,0.5
15,15,0,2,,42.7,42.7,42.7,0.33,0.7,0.5
27,27,0,2,per pc pedali,42.7,42.7,42.7,0.33,0.7,0.5
88,107,4,2,ps4 fc,42.7,42.7,42.7,0.33,0.7,0.5
91,111,0,2,,42.7,42.7,42.7,0.33,0.7,0.5
168,195,0,2,,42.7,42.7,42.7,0.33,0.7,0.5
178,205,0,2,,42.7,42.7,42.7,0.33,0.7,0.5
185,212,0,2,,42.7,42.7,42.7,0.33,0.7,0.5
220,251,0,2,,42.7,42.7,42.7,0.33,0.7,0.5
373,423,0,2,,42.7,42.7,42.7,0.33,0.7,0.5
387,437,0,2,,42.7,42.7,42.7,0.33,0.7,0.5
483,535,0,2,,42.7,42.7,42.7,0.33,0.7,0.5
485,538,0,2,,42.7,42.7,42.7,0.33,0.7,0.5
263,299,0,2,,44.8,44.8,44.8,0.33,0.7,0.5
283,326,0,2,,45.275000000000006,42.7,47.85,0.33,0.7,0.5
86,101,0,2,,45.325,42.7,47.95,0.33,0.7,0.5
61,76,0,2,,47.95,47.95,47.95,0.33,0.7,0.5
88,103,0,2,fc neuf playstation ea sports nuevo precintado,47.95,47.95,47.95,0.33,0.7,0.5
104,127,0,2,,47.95,47.95,47.95,0.33,0.7,0.5
121,144,0,2,ps4 sony neuf,47.95,47.95,47.95,0.33,0.7,0.5
138,163,0,2,,47.95,47.95,47.95,0.33,0.7,0.5
179,206,0,2,,47.95,47.95,47.95,0.33,0.7,0.5
196,226,0,2,,47.95,42.7,53.2,0.33,0.7,0.5
252,288,0,2,,47.95,42.7,53.2,0.33,0.7,0.5
267,305,0,2,,47.95,47.95,47.95,0.33,0.7,0.5
272,314,1,2,,47.95,47.95,47.95,0.33,0.7,0.5
286,329,0,2,vol master fr ps5,47.95,47.95,47.95,0.33,0.7,0.5
364,414,0,2,,47.95,42.7,53.2,0.33,0.7,0.5
401,452,1,2,guardian precintado,47.95,42.7,53.2,0.33,0.7,0.5
216,247,0,2,,49.0,49.0,49.0,0.33,0.7,0.5
29,31,0,2,,50.05,47.95,52.15,0.33,0.7,0.5
288,333,0,2,,50.575,47.95,53.2,0.33,0.7,0.5
195,225,0,2,,51.625,51.1,52.15,0.33,0.7,0.5
21,21,0,2,,52.99,52.99,52.99,0.33,0.7,0.5
160,185,0,2,neuf,53.2,53.2,53.2,0.33,0.7,0.5
200,230,0,2,,53.2,42.7,63.7,0.33,0.7,0.5
558,617,0,2,,53.2,53.2,53.2,0.33,0.7,0.5
292,337,0,2,,55.82,47.95,63.69,0.33,0.7,0.5
88,104,1,2,ps4 juego,55.825,53.2,58.45,0.33,0.7,0.5
417,469,0,2,,55.825,47.95,63.7,0.33,0.7,0.5
651,712,0,2,,55.825,42.7,68.95,0.33,0.7,0.5
88,106,3,2,,58.45,58.45,58.45,0.33,0.7,0.5
137,162,0,2,,58.45,58.45,58.45,0.33,0.7,0.5
374,424,0,2,,58.45,58.45,58.45,0.33,0.7,0.5
208,239,0,2,,63.7,53.2,74.2,0.33,0.7,0.5
241,277,0,2,,63.7,42.7,84.7,0.33,0.7,0.5
561,620,0,2,,63.7,63.7,63.7,0.33,0.7,0.5
298,343,0,2,,67.375,66.85,67.9,0.33,0.7,0.5
296,341,0,2,,68.95,42.7,95.2,0.33,0.7,0.5
233,267,0,2,lydie suelle sophie,71.575,68.95,74.2,0.33,0.7,0.5
64,79,0,2,,74.2,74.2,74.2,0.33,0.7,0.5
99,119,0,2,,74.2,74.2,74.2,0.33,0.7,0.5
153,178,0,2,,74.2,74.2,74.2,0.33,0.7,0.5
681,752,0,2,,76.30000000000001,73.15,79.45,0.33,0.7,0.5
201,231,0,2,,76.825,58.45,95.2,0.33,0.7,0.5
401,451,0,2,of edition us2 limited us special sony,76.825,63.7,89.95,0.33,0.7,0.5
570,629,0,2,,76.825,74.2,79.45,0.33,0.7,0.5
308,353,0,2,,79.45,79.45,79.45,0.33,0.7,0.5
648,709,0,2,,79.45,79.45,79.45,0.33,0.7,0.5
213,244,0,2,,81.5,73.15,89.85,0.33,0.7,0.5
204,235,0,2,,82.075,74.2,89.95,0.33,0.7,0.5
165,192,0,2,,83.65,83.65,83.65,0.33,0.7,0.5
25,25,0,2,,84.7,84.7,84.7,0.33,0.7,0.5
326,371,0,2,,84.7,84.7,84.7,0.33,0.7,0.5
450,502,0,2,,84.7,84.7,84.7,0.33,0.7,0.5
680,751,0,2,,84.7,74.2,95.2,0.33,0.7,0.5
410,462,0,2,,87.065,84.7,89.43,0.33,0.7,0.5
237,273,0,2,,87.325,84.7,89.95,0.33,0.7,0.5
272,313,0,2,playstation testati funzionanti,89.9,79.45,100.35,0.33,0.7,0.5
469,521,0,2,,93.1,93.1,93.1,0.33,0.7,0.5
176,203,0,2,,95.2,95.2,95.2,0.33,0.7,0.5
310,355,0,2,,95.2,95.2,95.2,0.33,0.7,0.5
509,563,0,2,,95.2,95.2,95.2,0.33,0.7,0.5
673,739,0,2,volant pro lenkrad,95.2,74.2,116.2,0.33,0.7,0.5
683,754,0,2,,97.3,97.3,97.3,0.33,0.7,0.5
369,419,0,2,,104.65,104.65,104.65,0.33,0.7,0.5
67,82,0,2,,105.7,105.7,105.7,0.33,0.7,0.5
121,145,1,2,chronicles,105.7,105.7,105.7,0.33,0.7,0.5
393,443,0,2,,105.7,105.7,105.7,0.33,0.7,0.5
411,463,0,2,,105.7,105.7,105.7,0.33,0.7,0.5
590,649,0,2,,105.7,105.7,105.7,0.33,0.7,0.5
519,574,0,2,,108.325,100.45,116.2,0.33,0.7,0.5
214,245,0,2,,110.94999999999999,63.7,158.2,0.33,0.7,0.5
617,676,0,2,,116.19,116.19,116.19,0.33,0.7,0.5
362,412,0,2,,126.7,126.7,126.7,0.33,0.7,0.5
462,514,0,2,,126.7,126.7,126.7,0.33,0.7,0.5
536,595,0,2,,126.7,126.7,126.7,0.33,0.7,0.5
529,588,0,2,,131.95,105.7,158.2,0.33,0.7,0.5
643,704,0,2,,131.95,116.2,147.7,0.33,0.7,0.5
66,81,0,2,,137.2,100.45,173.95,0.33,0.7,0.5
477,529,0,2,,137.2,105.7,168.7,0.33,0.7,0.5
675,743,0,2,,137.2,137.2,137.2,0.33,0.7,0.5
480,532,0,2,,152.95,147.7,158.2,0.33,0.7,0.5
624,683,0,2,,158.1,158.1,158.1,0.33,0.7,0.5
484,536,0,2,avec une manette des jeux,158.2,158.2,158.2,0.33,0.7,0.5
484,537,1,2,car ne en sers plus reinitialiser lors de,158.2,158.2,158.2,0.33,0.7,0.5
498,551,0,2,,158.2,158.2,158.2,0.33,0.7,0.5
646,707,0,2,,158.2,158.2,158.2,0.33,0.7,0.5
49,58,3,2,ps4 steering wheel volante,163.45,158.2,168.7,0.33,0.7,0.5
659,722,0,2,,163.45,158.2,168.7,0.33,0.7,0.5
386,436,0,2,,171.325,131.95,210.7,0.33,0.7,0.5
49,55,0,2,playstation volant volante pedales pc,180.25,170.8,189.7,0.33,0.7,0.5
145,170,0,2,,197.04999999999998,52.15,341.95,0.33,0.7,0.5
499,553,1,2,,200.2,189.7,210.7,0.33,0.7,0.5
351,399,0,2,origins collection capcom,210.65,210.65,210.65,0.33,0.7,0.5
48,50,0,2,volante para ps3,210.7,210.7,210.7,0.33,0.7,0.5
49,59,4,2,volant de vitesse levier boite,226.45,179.2,273.7,0.33,0.7,0.5
656,717,0,2,,252.7,189.7,315.7,0.33,0.7,0.5
494,547,0,2,,299.95,299.95,299.95,0.33,0.7,0.5
633,692,0,2,,315.17499999999995,158.2,472.15,0.33,0.7,0.5
677,745,0,2,,526.85,441.7,612.0,0.33,0.7,0.5
0,0,0,1,,42.7,42.7,42.7,0.33,0.7,0.5
1,1,0,1,,42.7,42.7,42.7,0.33,0.7,0.5
6,6,0,1,,42.7,42.7,42.7,0.33,0.7,0.5
36,38,0,1,,42.7,42.7,42.7,0.33,0.7,0.5
42,44,0,1,,42.7,42.7,42.7,0.33,0.7,0.5
63,78,0,1,,42.7,42.7,42.7,0.33,0.7,0.5
75,90,0,1,,42.7,42.7,42.7,0.33,0.7,0.5
103,126,0,1,,42.7,42.7,42.7,0.33,0.7,0.5
119,142,0,1,,42.7,42.7,42.7,0.33,0.7,0.5
129,154,0,1,,42.7,42.7,42.7,0.33,0.7,0.5
133,158,0,1,,42.7,42.7,42.7,0.33,0.7,0.5
146,171,0,1,,42.7,42.7,42.7,0.33,0.7,0.5
154,179,0,1,,42.7,42.7,42.7,0.33,0.7,0.5
162,189,0,1,,42.7,42.7,42.7,0.33,0.7,0.5
173,200,0,1,,42.7,42.7,42.7,0.33,0.7,0.5
191,218,0,1,,42.7,42.7,42.7,0.33,0.7,0.5
193,223,3,1,ix ps1 version americana ntsc precintado,42.7,42.7,42.7,0.33,0.7,0.5
202,233,1,1,,42.7,42.7,42.7,0.33,0.7,0.5
206,237,0,1,,42.7,42.7,42.7,0.33,0.7,0.5
209,240,0,1,,42.7,42.7,42.7,0.33,0.7,0.5
212,243,0,1,,42.7,42.7,42.7,0.33,0.7,0.5
235,271,0,1,,42.7,42.7,42.7,0.33,0.7,0.5
236,272,0,1,,42.7,42.7,42.7,0.33,0.7,0.5
239,275,0,1,,42.7,42.7,42.7,0.33,0.7,0.5
240,276,0,1,,42.7,42.7,42.7,0.33,0.7,0.5
244,280,0,1,,42.7,42.7,42.7,0.33,0.7,0.5
248,284,0,1,,42.7,42.7,42.7,0.33,0.7,0.5
254,290,0,1,,42.7,42.7,42.7,0.33,0.7,0.5
263,301,2,1,ps4,42.7,42.7,42.7,0.33,0.7,0.5
264,302,0,1,,42.7,42.7,42.7,0.33,0.7,0.5
265,303,0,1,,42.7,42.7,42.7,0.33,0.7,0.5
266,304,0,1,,42.7,42.7,42.7,0.33,0.7,0.5
274,317,0,1,,42.7,42.7,42.7,0.33,0.7,0.5
280,323,0,1,,42.7,42.7,42.7,0.33,0.7,0.5
307,352,0,1,,42.7,42.7,42.7,0.33,0.7,0.5
315,360,0,1,,42.7,42.7,42.7,0.33,0.7,0.5
318,363,0,1,,42.7,42.7,42.7,0.33,0.7,0.5
320,365,0,1,,42.7,42.7,42.7,0.33,0.7,0.5
321,366,0,1,,42.7,42.7,42.7,0.33,0.7,0.5
328,373,0,1,,42.7,42.7,42.7,0.33,0.7,0.5
335,380,0,1,,42.7,42.7,42.7,0.33,0.7,0.5
338,383,0,1,,42.7,42.7,42.7,0.33,0.7,0.5
340,385,0,1,,42.7,42.7,42.7,0.33,0.7,0.5
349,394,0,1,,42.7,42.7,42.7,0.33,0.7,0.5
349,397,3,1,nuovo italiano,42.7,42.7,42.7,0.33,0.7,0.5
351,400,1,1,gold nuevo precintado,42.7,42.7,42.7,0.33,0.7,0.5
353,403,0,1,,42.7,42.7,42.7,0.33,0.7,0.5
354,404,0,1,,42.7,42.7,42.7,0.33,0.7,0.5
358,408,0,1,,42.7,42.7,42.7,0.33,0.7,0.5
370,420,0,1,,42.7,42.7,42.7,0.33,0.7,0.5
372,422,0,1,,42.7,42.7,42.7,0.33,0.7,0.5
383,433,0,1,,42.7,42.7,42.7,0.33,0.7,0.5
385,435,0,1,,42.7,42.7,42.7,0.33,0.7,0.5
390,440,0,1,,42.7,42.7,42.7,0.33,0.7,0.5
396,446,0,1,,42.7,42.7,42.7,0.33,0.7,0.5
406,458,0,1,,42.7,42.7,42.7,0.33,0.7,0.5
420,472,0,1,,42.7,42.7,42.7,0.33,0.7,0.5
426,478,0,1,,42.7,42.7,42.7,0.33,0.7,0.5
427,479,0,1,,42.7,42.7,42.7,0.33,0.7,0.5
436,488,0,1,,42.7,42.7,42.7,0.33,0.7,0.5
441,493,0,1,,42.7,42.7,42.7,0.33,0.7,0.5
442,494,0,1,,42.7,42.7,42.7,0.33,0.7,0.5
454,506,0,1,,42.7,42.7,42.7,0.33,0.7,0.5
457,509,0,1,,42.7,42.7,42.7,0.33,0.7,0.5
481,533,0,1,,42.7,42.7,42.7,0.33,0.7,0.5
489,542,0,1,,42.7,42.7,42.7,0.33,0.7,0.5
490,543,0,1,,42.7,42.7,42.7,0.33,0.7,0.5
522,581,0,1,,42.7,42.7,42.7,0.33,0.7,0.5
525,584,0,1,,42.7,42.7,42.7,0.33,0.7,0.5
532,591,0,1,,42.7,42.7,42.7,0.33,0.7,0.5
553,612,0,1,,42.7,42.7,42.7,0.33,0.7,0.5
565,624,0,1,,42.7,42.7,42.7,0.33,0.7,0.5
577,636,0,1,,42.7,42.7,42.7,0.33,0.7,0.5
580,639,0,1,,42.7,42.7,42.7,0.33,0.7,0.5
614,673,0,1,,42.7,42.7,42.7,0.33,0.7,0.5
667,733,0,1,,42.7,42.7,42.7,0.33,0.7,0.5
135,160,0,1,,44.8,44.8,44.8,0.33,0.7,0.5
344,389,0,1,,44.8,44.8,44.8,0.33,0.7,0.5
560,619,0,1,,44.8,44.8,44.8,0.33,0.7,0.5
621,680,0,1,,44.8,44.8,44.8,0.33,0.7,0.5
262,298,0,1,,45.85,45.85,45.85,0.33,0.7,0.5
699,770,0,1,,45.85,45.85,45.85,0.33,0.7,0.5
397,447,0,1,,46.9,46.9,46.9,0.33,0.7,0.5
160,187,2,1,ita sigillato,47.85,47.85,47.85,0.33,0.7,0.5
82,97,0,1,,47.94,47.94,47.94,0.33,0.7,0.5
144,169,0,1,,47.94,47.94,47.94,0.33,0.7,0.5
267,306,1,1,neuf et ps5,47.94,47.94,47.94,0.33,0.7,0.5
361,411,0,1,,47.94,47.94,47.94,0.33,0.7,0.5
4,4,0,1,,47.95,47.95,47.95,0.33,0.7,0.5
13,13,0,1,,47.95,47.95,47.95,0.33,0.7,0.5
22,22,0,1,,47.95,47.95,47.95,0.33,0.7,0.5
38,40,0,1,,47.95,47.95,47.95,0.33,0.7,0.5
62,77,0,1,,47.95,47.95,47.95,0.33,0.7,0.5
65,80,0,1,,47.95,47.95,47.95,0.33,0.7,0.5
108,131,0,1,,47.95,47.95,47.95,0.33,0.7,0.5
116,139,0,1,,47.95,47.95,47.95,0.33,0.7,0.5
117,140,0,1,,47.95,47.95,47.95,0.33,0.7,0.5
149,174,0,1,,47.95,47.95,47.95,0.33,0.7,0.5
156,181,0,1,,47.95,47.95,47.95,0.33,0.7,0.5
199,229,0,1,,47.95,47.95,47.95,0.33,0.7,0.5
207,238,0,1,,47.95,47.95,47.95,0.33,0.7,0.5
225,256,0,1,,47.95,47.95,47.95,0.33,0.7,0.5
226,257,0,1,,47.95,47.95,47.95,0.33,0.7,0.5
228,259,0,1,,47.95,47.95,47.95,0.33,0.7,0.5
234,270,0,1,,47.95,47.95,47.95,0.33,0.7,0.5
282,325,0,1,,47.95,47.95,47.95,0.33,0.7,0.5
317,362,0,1,,47.95,47.95,47.95,0.33,0.7,0.5
382,432,0,1,,47.95,47.95,47.95,0.33,0.7,0.5
404,456,0,1,,47.95,47.95,47.95,0.33,0.7,0.5
409,461,0,1,,47.95,47.95,47.95,0.33,0.7,0.5
448,500,0,1,,47.95,47.95,47.95,0.33,0.7,0.5
482,534,0,1,,47.95,47.95,47.95,0.33,0.7,0.5
487,540,0,1,,47.95,47.95,47.95,0.33,0.7,0.5
497,550,0,1,,47.95,47.95,47.95,0.33,0.7,0.5
541,600,0,1,,47.95,47.95,47.95,0.33,0.7,0.5
581,640,0,1,,47.95,47.95,47.95,0.33,0.7,0.5
587,646,0,1,,47.95,47.95,47.95,0.33,0.7,0.5
602,661,0,1,,47.95,47.95,47.95,0.33,0.7,0.5
678,746,0,1,,47.95,47.95,47.95,0.33,0.7,0.5
682,753,0,1,,47.95,47.95,47.95,0.33,0.7,0.5
688,759,0,1,,47.95,47.95,47.95,0.33,0.7,0.5
694,765,0,1,,47.95,47.95,47.95,0.33,0.7,0.5
238,274,0,1,,49.0,49.0,49.0,0.33,0.7,0.5
381,431,0,1,,49.0,49.0,49.0,0.33,0.7,0.5
289,334,0,1,,49.53,49.53,49.53,0.33,0.7,0.5
269,310,0,1,,50.05,50.05,50.05,0.33,0.7,0.5
57,72,0,1,,51.1,51.1,51.1,0.33,0.7,0.5
97,117,0,1,,51.1,51.1,51.1,0.33,0.7,0.5
102,123,1,1,origins gold jeu non inclus,51.1,51.1,51.1,0.33,0.7,0.5
110,133,0,1,,51.1,51.1,51.1,0.33,0.7,0.5
471,523,0,1,,51.1,51.1,51.1,0.33,0.7,0.5
592,651,0,1,,51.1,51.1,51.1,0.33,0.7,0.5
597,656,0,1,,51.1,51.1,51.1,0.33,0.7,0.5
218,249,0,1,,52.15,52.15,52.15,0.33,0.7,0.5
416,468,0,1,,52.15,52.15,52.15,0.33,0.7,0.5
433,485,0,1,,52.15,52.15,52.15,0.33,0.7,0.5
470,522,0,1,,52.15,52.15,52.15,0.33,0.7,0.5
661,727,3,1,console memory card joystick,52.15,52.15,52.15,0.33,0.7,0.5
90,110,0,1,,53.19,53.19,53.19,0.33,0.7,0.5
124,149,0,1,,53.19,53.19,53.19,0.33,0.7,0.5
188,215,0,1,,53.19,53.19,53.19,0.33,0.7,0.5
210,241,0,1,,53.19,53.19,53.19,0.33,0.7,0.5
256,292,0,1,,53.19,53.19,53.19,0.33,0.7,0.5
276,319,0,1,,53.19,53.19,53.19,0.33,0.7,0.5
431,483,0,1,,53.19,53.19,53.19,0.33,0.7,0.5
8,8,0,1,,53.2,53.2,53.2,0.33,0.7,0.5
30,32,0,1,,53.2,53.2,53.2,0.33,0.7,0.5
58,73,0,1,,53.2,53.2,53.2,0.33,0.7,0.5
59,74,0,1,,53.2,53.2,53.2,0.33,0.7,0.5
74,89,0,1,,53.2,53.2,53.2,0.33,0.7,0.5
79,94,0,1,,53.2,53.2,53.2,0.33,0.7,0.5
81,96,0,1,,53.2,53.2,53.2,0.33,0.7,0.5
84,99,0,1,,53.2,53.2,53.2,0.33,0.7,0.5
88,108,5,1,playstation,53.2,53.2,53.2,0.33,0.7,0.5
89,109,0,1,,53.2,53.2,53.2,0.33,0.7,0.5
95,115,0,1,,53.2,53.2,53.2,0.33,0.7,0.5
112,135,0,1,,53.2,53.2,53.2,0.33,0.7,0.5
115,138,0,1,,53.2,53.2,53.2,0.33,0.7,0.5
136,161,0,1,,53.2,53.2,53.2,0.33,0.7,0.5
141,166,0,1,,53.2,53.2,53.2,0.33,0.7,0.5
158,183,0,1,,53.2,53.2,53.2,0.33,0.7,0.5
166,193,0,1,,53.2,53.2,53.2,0.33,0.7,0.5
180,207,0,1,,53.2,53.2,53.2,0.33,0.7,0.5
198,228,0,1,,53.2,53.2,53.2,0.33,0.7,0.5
205,236,0,1,,53.2,53.2,53.2,0.33,0.7,0.5
222,253,0,1,,53.2,53.2,53.2,0.33,0.7,0.5
223,254,0,1,,53.2,53.2,53.2,0.33,0.7,0.5
224,255,0,1,,53.2,53.2,53.2,0.33,0.7,0.5
229,260,0,1,,53.2,53.2,53.2,0.33,0.7,0.5
247,283,0,1,,53.2,53.2,53.2,0.33,0.7,0.5
249,285,0,1,,53.2,53.2,53.2,0.33,0.7,0.5
275,318,0,1,,53.2,53.2,53.2,0.33,0.7,0.5
277,320,0,1,,53.2,53.2,53.2,0.33,0.7,0.5
278,321,0,1,,53.2,53.2,53.2,0.33,0.7,0.5
297,342,0,1,,53.2,53.2,53.2,0.33,0.7,0.5
300,345,0,1,,53.2,53.2,53.2,0.33,0.7,0.5
331,376,0,1,,53.2,53.2,53.2,0.33,0.7,0.5
334,379,0,1,,53.2,53.2,53.2,0.33,0.7,0.5
339,384,0,1,,53.2,53.2,53.2,0.33,0.7,0.5
343,388,0,1,,53.2,53.2,53.2,0.33,0.7,0.5
345,390,0,1,,53.2,53.2,53.2,0.33,0.7,0.5
346,391,0,1,,53.2,53.2,53.2,0.33,0.7,0.5
349,395,1,1,biohazard neu ovp versiegelt pegi version,53.2,53.2,53.2,0.33,0.7,0.5
349,396,2,1,blister sous boitier fors neuf,53.2,53.2,53.2,0.33,0.7,0.5
359,409,0,1,,53.2,53.2,53.2,0.33,0.7,0.5
367,417,0,1,,53.2,53.2,53.2,0.33,0.7,0.5
376,426,0,1,,53.2,53.2,53.2,0.33,0.7,0.5
388,438,0,1,,53.2,53.2,53.2,0.33,0.7,0.5
389,439,0,1,,53.2,53.2,53.2,0.33,0.7,0.5
392,442,0,1,,53.2,53.2,53.2,0.33,0.7,0.5
398,448,0,1,,53.2,53.2,53.2,0.33,0.7,0.5
414,466,0,1,,53.2,53.2,53.2,0.33,0.7,0.5
419,471,0,1,,53.2,53.2,53.2,0.33,0.7,0.5
421,473,0,1,,53.2,53.2,53.2,0.33,0.7,0.5
434,486,0,1,,53.2,53.2,53.2,0.33,0.7,0.5
474,526,0,1,,53.2,53.2,53.2,0.33,0.7,0.5
492,545,0,1,,53.2,53.2,53.2,0.33,0.7,0.5
514,568,0,1,,53.2,53.2,53.2,0.33,0.7,0.5
547,606,0,1,,53.2,53.2,53.2,0.33,0.7,0.5
551,610,0,1,,53.2,53.2,53.2,0.33,0.7,0.5
567,626,0,1,,53.2,53.2,53.2,0.33,0.7,0.5
571,630,0,1,,53.2,53.2,53.2,0.33,0.7,0.5
574,633,0,1,,53.2,53.2,53.2,0.33,0.7,0.5
579,638,0,1,,53.2,53.2,53.2,0.33,0.7,0.5
591,650,0,1,,53.2,53.2,53.2,0.33,0.7,0.5
593,652,0,1,,53.2,53.2,53.2,0.33,0.7,0.5
637,696,0,1,,53.2,53.2,53.2,0.33,0.7,0.5
650,711,0,1,,53.2,53.2,53.2,0.33,0.7,0.5
678,749,3,1,ps4 ps5,53.2,53.2,53.2,0.33,0.7,0.5
686,757,0,1,,53.2,53.2,53.2,0.33,0.7,0.5
687,758,0,1,,53.2,53.2,53.2,0.33,0.7,0.5
693,764,0,1,,53.2,53.2,53.2,0.33,0.7,0.5
701,772,0,1,,53.2,53.2,53.2,0.33,0.7,0.5
415,467,0,1,,55.3,55.3,55.3,0.33,0.7,0.5
696,767,0,1,,55.3,55.3,55.3,0.33,0.7,0.5
102,125,3,1,origins collector jeu non inclus,56.35,56.35,56.35,0.33,0.7,0.5
365,415,0,1,,56.35,56.35,56.35,0.33,0.7,0.5
33,35,0,1,,58.45,58.45,58.45,0.33,0.7,0.5
43,45,0,1,,58.45,58.45,58.45,0.33,0.7,0.5
49,57,2,1,volant,58.45,58.45,58.45,0.33,0.7,0.5
85,100,0,1,,58.45,58.45,58.45,0.33,0.7,0.5
100,120,0,1,,58.45,58.45,58.45,0.33,0.7,0.5
118,141,0,1,,58.45,58.45,58.45,0.33,0.7,0.5
184,211,0,1,,58.45,58.45,58.45,0.33,0.7,0.5
186,213,0,1,,58.45,58.45,58.45,0.33,0.7,0.5
230,261,0,1,,58.45,58.45,58.45,0.33,0.7,0.5
440,492,0,1,,58.45,58.45,58.45,0.33,0.7,0.5
476,528,0,1,,58.45,58.45,58.45,0.33,0.7,0.5
589,648,0,1,,58.45,58.45,58.45,0.33,0.7,0.5
668,734,0,1,,58.45,58.45,58.45,0.33,0.7,0.5
267,307,2,1,playstation,59.49,59.49,59.49,0.33,0.7,0.5
183,210,0,1,,61.6,61.6,61.6,0.33,0.7,0.5
700,771,0,1,,62.13,62.13,62.13,0.33,0.7,0.5
109,132,0,1,,63.6,63.6,63.6,0.33,0.7,0.5
325,370,0,1,,63.65,63.65,63.65,0.33,0.7,0.5
377,427,0,1,,63.65,63.65,63.65,0.33,0.7,0.5
105,128,0,1,,63.69,63.69,63.69,0.33,0.7,0.5
169,196,0,1,,63.69,63.69,63.69,0.33,0.7,0.5
260,296,0,1,,63.69,63.69,63.69,0.33,0.7,0.5
407,459,0,1,,63.69,63.69,63.69,0.33,0.7,0.5
17,17,0,1,,63.7,63.7,63.7,0.33,0.7,0.5
24,24,0,1,,63.7,63.7,63.7,0.33,0.7,0.5
40,42,0,1,,63.7,63.7,63.7,0.33,0.7,0.5
52,67,0,1,,63.7,63.7,63.7,0.33,0.7,0.5
70,85,0,1,,63.7,63.7,63.7,0.33,0.7,0.5
88,105,2,1,jeux ps fc,63.7,63.7,63.7,0.33,0.7,0.5
122,147,0,1,,63.7,63.7,63.7,0.33,0.7,0.5
159,184,0,1,,63.7,63.7,63.7,0.33,0.7,0.5
174,201,0,1,,63.7,63.7,63.7,0.33,0.7,0.5
192,219,0,1,,63.7,63.7,63.7,0.33,0.7,0.5
217,248,0,1,,63.7,63.7,63.7,0.33,0.7,0.5
243,279,0,1,,63.7,63.7,63.7,0.33,0.7,0.5
253,289,0,1,,63.7,63.7,63.7,0.33,0.7,0.5
285,328,0,1,,63.7,63.7,63.7,0.33,0.7,0.5
295,340,0,1,,63.7,63.7,63.7,0.33,0.7,0.5
316,361,0,1,,63.7,63.7,63.7,0.33,0.7,0.5
327,372,0,1,,63.7,63.7,63.7,0.33,0.7,0.5
342,387,0,1,,63.7,63.7,63.7,0.33,0.7,0.5
363,413,0,1,,63.7,63.7,63.7,0.33,0.7,0.5
394,444,0,1,,63.7,63.7,63.7,0.33,0.7,0.5
423,475,0,1,,63.7,63.7,63.7,0.33,0.7,0.5
430,482,0,1,,63.7,63.7,63.7,0.33,0.7,0.5
435,487,0,1,,63.7,63.7,63.7,0.33,0.7,0.5
438,490,0,1,,63.7,63.7,63.7,0.33,0.7,0.5
464,516,0,1,,63.7,63.7,63.7,0.33,0.7,0.5
569,628,0,1,,63.7,63.7,63.7,0.33,0.7,0.5
576,635,0,1,,63.7,63.7,63.7,0.33,0.7,0.5
611,670,0,1,,63.7,63.7,63.7,0.33,0.7,0.5
616,675,0,1,,63.7,63.7,63.7,0.33,0.7,0.5
631,690,0,1,,63.7,63.7,63.7,0.33,0.7,0.5
678,748,2,1,volant trusmaster pedale,63.7,63.7,63.7,0.33,0.7,0.5
618,677,0,1,,65.8,65.8,65.8,0.33,0.7,0.5
322,367,0,1,,66.85,66.85,66.85,0.33,0.7,0.5
10,10,0,1,,67.85,67.85,67.85,0.33,0.7,0.5
102,124,2,1,syndacate ps4,67.89,67.89,67.89,0.33,0.7,0.5
355,405,0,1,,67.9,67.9,67.9,0.33,0.7,0.5
2,2,0,1,,68.95,68.95,68.95,0.33,0.7,0.5
3,3,0,1,,68.95,68.95,68.95,0.33,0.7,0.5
20,20,0,1,,68.95,68.95,68.95,0.33,0.7,0.5
27,28,1,1,ps3,68.95,68.95,68.95,0.33,0.7,0.5
44,46,0,1,,68.95,68.95,68.95,0.33,0.7,0.5
80,95,0,1,,68.95,68.95,68.95,0.33,0.7,0.5
171,198,0,1,,68.95,68.95,68.95,0.33,0.7,0.5
203,234,0,1,,68.95,68.95,68.95,0.33,0.7,0.5
257,293,0,1,,68.95,68.95,68.95,0.33,0.7,0.5
306,351,0,1,,68.95,68.95,68.95,0.33,0.7,0.5
380,430,0,1,,68.95,68.95,68.95,0.33,0.7,0.5
573,632,0,1,,68.95,68.95,68.95,0.33,0.7,0.5
575,634,0,1,,68.95,68.95,68.95,0.33,0.7,0.5
578,637,0,1,,68.95,68.95,68.95,0.33,0.7,0.5
612,671,0,1,,68.95,68.95,68.95,0.33,0.7,0.5
613,672,0,1,,68.95,68.95,68.95,0.33,0.7,0.5
623,682,0,1,,68.95,68.95,68.95,0.33,0.7,0.5
360,410,0,1,,72.09,72.09,72.09,0.33,0.7,0.5
337,382,0,1,,72.1,72.1,72.1,0.33,0.7,0.5
134,159,0,1,,73.15,73.15,73.15,0.33,0.7,0.5
155,180,0,1,,73.15,73.15,73.15,0.33,0.7,0.5
107,130,0,1,,74.19,74.19,74.19,0.33,0.7,0.5
379,429,0,1,,74.19,74.19,74.19,0.33,0.7,0.5
34,36,0,1,,74.2,74.2,74.2,0.33,0.7,0.5
92,112,0,1,,74.2,74.2,74.2,0.33,0.7,0.5
96,116,0,1,,74.2,74.2,74.2,0.33,0.7,0.5
125,150,0,1,,74.2,74.2,74.2,0.33,0.7,0.5
127,152,0,1,,74.2,74.2,74.2,0.33,0.7,0.5
160,186,1,1,apocalypse edition,74.2,74.2,74.2,0.33,0.7,0.5
167,194,0,1,,74.2,74.2,74.2,0.33,0.7,0.5
245,281,0,1,,74.2,74.2,74.2,0.33,0.7,0.5
246,282,0,1,,74.2,74.2,74.2,0.33,0.7,0.5
270,311,0,1,,74.2,74.2,74.2,0.33,0.7,0.5
284,327,0,1,,74.2,74.2,74.2,0.33,0.7,0.5
294,339,0,1,,74.2,74.2,74.2,0.33,0.7,0.5
299,344,0,1,,74.2,74.2,74.2,0.33,0.7,0.5
319,364,0,1,,74.2,74.2,74.2,0.33,0.7,0.5
323,368,0,1,,74.2,74.2,74.2,0.33,0.7,0.5
366,416,0,1,,74.2,74.2,74.2,0.33,0.7,0.5
371,421,0,1,,74.2,74.2,74.2,0.33,0.7,0.5
403,455,0,1,,74.2,74.2,74.2,0.33,0.7,0.5
422,474,0,1,,74.2,74.2,74.2,0.33,0.7,0.5
425,477,0,1,,74.2,74.2,74.2,0.33,0.7,0.5
451,503,0,1,,74.2,74.2,74.2,0.33,0.7,0.5
465,517,0,1,,74.2,74.2,74.2,0.33,0.7,0.5
466,518,0,1,,74.2,74.2,74.2,0.33,0.7,0.5
563,622,0,1,,74.2,74.2,74.2,0.33,0.7,0.5
615,674,0,1,,74.2,74.2,74.2,0.33,0.7,0.5
679,750,0,1,,74.2,74.2,74.2,0.33,0.7,0.5
684,755,0,1,,74.2,74.2,74.2,0.33,0.7,0.5
698,769,0,1,,74.2,74.2,74.2,0.33,0.7,0.5
18,18,0,1,,79.45,79.45,79.45,0.33,0.7,0.5
28,30,0,1,,79.45,79.45,79.45,0.33,0.7,0.5
72,87,0,1,,79.45,79.45,79.45,0.33,0.7,0.5
143,168,0,1,,79.45,79.45,79.45,0.33,0.7,0.5
157,182,0,1,,79.45,79.45,79.45,0.33,0.7,0.5
164,191,0,1,,79.45,79.45,79.45,0.33,0.7,0.5
187,214,0,1,,79.45,79.45,79.45,0.33,0.7,0.5
302,347,0,1,,79.45,79.45,79.45,0.33,0.7,0.5
352,402,0,1,,79.45,79.45,79.45,0.33,0.7,0.5
357,407,0,1,,79.45,79.45,79.45,0.33,0.7,0.5
432,484,0,1,,79.45,79.45,79.45,0.33,0.7,0.5
566,625,0,1,,79.45,79.45,79.45,0.33,0.7,0.5
583,642,0,1,,79.45,79.45,79.45,0.33,0.7,0.5
649,710,0,1,,84.18,84.18,84.18,0.33,0.7,0.5
395,445,0,1,,84.65,84.65,84.65,0.33,0.7,0.5
408,460,0,1,,84.65,84.65,84.65,0.33,0.7,0.5
71,86,0,1,,84.69,84.69,84.69,0.33,0.7,0.5
27,29,2,1,,84.7,84.7,84.7,0.33,0.7,0.5
35,37,0,1,,84.7,84.7,84.7,0.33,0.7,0.5
131,156,0,1,,84.7,84.7,84.7,0.33,0.7,0.5
142,167,0,1,,84.7,84.7,84.7,0.33,0.7,0.5
215,246,0,1,,84.7,84.7,84.7,0.33,0.7,0.5
227,258,0,1,,84.7,84.7,84.7,0.33,0.7,0.5
251,287,0,1,,84.7,84.7,84.7,0.33,0.7,0.5
273,316,0,1,,84.7,84.7,84.7,0.33,0.7,0.5
286,330,1,1,the legacy for ps3 brand new and factory,84.7,84.7,84.7,0.33,0.7,0.5
341,386,0,1,,84.7,84.7,84.7,0.33,0.7,0.5
418,470,0,1,,84.7,84.7,84.7,0.33,0.7,0.5
444,496,0,1,,84.7,84.7,84.7,0.33,0.7,0.5
507,561,0,1,,84.7,84.7,84.7,0.33,0.7,0.5
523,582,0,1,,84.7,84.7,84.7,0.33,0.7,0.5
539,598,0,1,,84.7,84.7,84.7,0.33,0.7,0.5
540,599,0,1,,84.7,84.7,84.7,0.33,0.7,0.5
545,604,0,1,,84.7,84.7,84.7,0.33,0.7,0.5
550,609,0,1,,84.7,84.7,84.7,0.33,0.7,0.5
600,659,0,1,,84.7,84.7,84.7,0.33,0.7,0.5
670,736,0,1,,84.7,84.7,84.7,0.33,0.7,0.5
685,756,0,1,,84.7,84.7,84.7,0.33,0.7,0.5
557,616,0,1,,89.85,89.85,89.85,0.33,0.7,0.5
69,84,0,1,,89.95,89.95,89.95,0.33,0.7,0.5
78,93,0,1,,89.95,89.95,89.95,0.33,0.7,0.5
147,172,0,1,,89.95,89.95,89.95,0.33,0.7,0.5
233,269,2,1,ryza,89.95,89.95,89.95,0.33,0.7,0.5
330,375,0,1,,89.95,89.95,89.95,0.33,0.7,0.5
378,428,0,1,,89.95,89.95,89.95,0.33,0.7,0.5
479,531,0,1,,89.95,89.95,89.95,0.33,0.7,0.5
531,590,0,1,,89.95,89.95,89.95,0.33,0.7,0.5
533,592,0,1,,89.95,89.95,89.95,0.33,0.7,0.5
594,653,0,1,,89.95,89.95,89.95,0.33,0.7,0.5
632,691,0,1,,89.95,89.95,89.95,0.33,0.7,0.5
658,721,0,1,,90.95,90.95,90.95,0.33,0.7,0.5
123,148,0,1,,92.39,92.39,92.39,0.33,0.7,0.5
350,398,0,1,,94.15,94.15,94.15,0.33,0.7,0.5
606,665,0,1,,95.1,95.1,95.1,0.33,0.7,0.5
7,7,0,1,,95.2,95.2,95.2,0.33,0.7,0.5
60,75,0,1,,95.2,95.2,95.2,0.33,0.7,0.5
233,268,1,1,dusk diver,95.2,95.2,95.2,0.33,0.7,0.5
329,374,0,1,,95.2,95.2,95.2,0.33,0.7,0.5
399,449,0,1,,95.2,95.2,95.2,0.33,0.7,0.5
486,539,0,1,,95.2,95.2,95.2,0.33,0.7,0.5
504,558,0,1,,95.2,95.2,95.2,0.33,0.7,0.5
512,566,0,1,,95.2,95.2,95.2,0.33,0.7,0.5
559,618,0,1,,95.2,95.2,95.2,0.33,0.7,0.5
598,657,0,1,,95.2,95.2,95.2,0.33,0.7,0.5
609,668,0,1,,95.2,95.2,95.2,0.33,0.7,0.5
620,679,0,1,,95.2,95.2,95.2,0.33,0.7,0.5
669,735,0,1,,95.2,95.2,95.2,0.33,0.7,0.5
671,737,0,1,,95.2,95.2,95.2,0.33,0.7,0.5
678,747,1,1,ferrari,95.2,95.2,95.2,0.33,0.7,0.5
689,760,0,1,,95.2,95.2,95.2,0.33,0.7,0.5
692,763,0,1,,95.2,95.2,95.2,0.33,0.7,0.5
495,548,0,1,,100.35,100.35,100.35,0.33,0.7,0.5
83,98,0,1,,100.45,100.45,100.45,0.33,0.7,0.5
114,137,0,1,,100.45,100.45,100.45,0.33,0.7,0.5
172,199,0,1,,100.45,100.45,100.45,0.33,0.7,0.5
468,520,0,1,,100.45,100.45,100.45,0.33,0.7,0.5
622,681,0,1,,100.45,100.45,100.45,0.33,0.7,0.5
630,689,0,1,,100.45,100.45,100.45,0.33,0.7,0.5
662,728,0,1,,100.45,100.45,100.45,0.33,0.7,0.5
32,34,0,1,,103.6,103.6,103.6,0.33,0.7,0.5
384,434,0,1,,104.65,104.65,104.65,0.33,0.7,0.5
130,155,0,1,,105.6,105.6,105.6,0.33,0.7,0.5
272,315,2,1,imperdibili new sealed,105.6,105.6,105.6,0.33,0.7,0.5
356,406,0,1,,105.6,105.6,105.6,0.33,0.7,0.5
111,134,0,1,,105.69,105.69,105.69,0.33,0.7,0.5
258,294,0,1,,105.69,105.69,105.69,0.33,0.7,0.5
447,499,0,1,,105.69,105.69,105.69,0.33,0.7,0.5
515,569,0,1,,105.69,105.69,105.69,0.33,0.7,0.5
638,697,0,1,,105.69,105.69,105.69,0.33,0.7,0.5
31,33,0,1,,105.7,105.7,105.7,0.33,0.7,0.5
37,39,0,1,,105.7,105.7,105.7,0.33,0.7,0.5
45,47,0,1,,105.7,105.7,105.7,0.33,0.7,0.5
56,71,0,1,,105.7,105.7,105.7,0.33,0.7,0.5
68,83,0,1,,105.7,105.7,105.7,0.33,0.7,0.5
98,118,0,1,,105.7,105.7,105.7,0.33,0.7,0.5
152,177,0,1,,105.7,105.7,105.7,0.33,0.7,0.5
175,202,0,1,,105.7,105.7,105.7,0.33,0.7,0.5
193,222,2,1,hd limited precintado,105.7,105.7,105.7,0.33,0.7,0.5
271,312,0,1,,105.7,105.7,105.7,0.33,0.7,0.5
291,336,0,1,,105.7,105.7,105.7,0.33,0.7,0.5
301,346,0,1,,105.7,105.7,105.7,0.33,0.7,0.5
305,350,0,1,,105.7,105.7,105.7,0.33,0.7,0.5
314,359,0,1,,105.7,105.7,105.7,0.33,0.7,0.5
324,369,0,1,,105.7,105.7,105.7,0.33,0.7,0.5
412,464,0,1,,105.7,105.7,105.7,0.33,0.7,0.5
452,504,0,1,,105.7,105.7,105.7,0.33,0.7,0.5
455,507,0,1,,105.7,105.7,105.7,0.33,0.7,0.5
488,541,0,1,,105.7,105.7,105.7,0.33,0.7,0.5
503,557,0,1,,105.7,105.7,105.7,0.33,0.7,0.5
510,564,0,1,,105.7,105.7,105.7,0.33,0.7,0.5
513,567,0,1,,105.7,105.7,105.7,0.33,0.7,0.5
521,580,0,1,,105.7,105.7,105.7,0.33,0.7,0.5
524,583,0,1,,105.7,105.7,105.7,0.33,0.7,0.5
544,603,0,1,,105.7,105.7,105.7,0.33,0.7,0.5
549,608,0,1,,105.7,105.7,105.7,0.33,0.7,0.5
555,614,0,1,,105.7,105.7,105.7,0.33,0.7,0.5
556,615,0,1,,105.7,105.7,105.7,0.33,0.7,0.5
564,623,0,1,,105.7,105.7,105.7,0.33,0.7,0.5
572,631,0,1,,105.7,105.7,105.7,0.33,0.7,0.5
584,643,0,1,,105.7,105.7,105.7,0.33,0.7,0.5
585,644,0,1,,105.7,105.7,105.7,0.33,0.7,0.5
603,662,0,1,,105.7,105.7,105.7,0.33,0.7,0.5
634,693,0,1,,105.7,105.7,105.7,0.33,0.7,0.5
660,723,0,1,,105.7,105.7,105.7,0.33,0.7,0.5
661,725,1,1,slim usata volte joystick originali,105.7,105.7,105.7,0.33,0.7,0.5
661,726,2,1,slim tb controller,105.7,105.7,105.7,0.33,0.7,0.5
690,761,0,1,,105.7,105.7,105.7,0.33,0.7,0.5
368,418,0,1,,110.94,110.94,110.94,0.33,0.7,0.5
505,559,0,1,,110.95,110.95,110.95,0.33,0.7,0.5
519,577,3,1,controller,110.95,110.95,110.95,0.33,0.7,0.5
652,713,0,1,,114.63,114.63,114.63,0.33,0.7,0.5
26,26,0,1,,116.2,116.2,116.2,0.33,0.7,0.5
39,41,0,1,,116.2,116.2,116.2,0.33,0.7,0.5
151,176,0,1,,116.2,116.2,116.2,0.33,0.7,0.5
177,204,0,1,,116.2,116.2,116.2,0.33,0.7,0.5
588,647,0,1,,116.2,116.2,116.2,0.33,0.7,0.5
666,732,0,1,,116.2,116.2,116.2,0.33,0.7,0.5
562,621,0,1,,121.45,121.45,121.45,0.33,0.7,0.5
653,714,0,1,,121.45,121.45,121.45,0.33,0.7,0.5
627,686,0,1,,125.65,125.65,125.65,0.33,0.7,0.5
12,12,0,1,,126.69,126.69,126.69,0.33,0.7,0.5
19,19,0,1,,126.7,126.7,126.7,0.33,0.7,0.5
49,60,5,1,,126.7,126.7,126.7,0.33,0.7,0.5
197,227,0,1,,126.7,126.7,126.7,0.33,0.7,0.5
211,242,0,1,,126.7,126.7,126.7,0.33,0.7,0.5
279,322,0,1,,126.7,126.7,126.7,0.33,0.7,0.5
312,357,0,1,,126.7,126.7,126.7,0.33,0.7,0.5
413,465,0,1,,126.7,126.7,126.7,0.33,0.7,0.5
424,476,0,1,,126.7,126.7,126.7,0.33,0.7,0.5
453,505,0,1,,126.7,126.7,126.7,0.33,0.7,0.5
502,556,0,1,,126.7,126.7,126.7,0.33,0.7,0.5
519,576,2,1,1000gb gioco,126.7,126.7,126.7,0.33,0.7,0.5
520,579,0,1,,126.7,126.7,126.7,0.33,0.7,0.5
586,645,0,1,,126.7,126.7,126.7,0.33,0.7,0.5
654,715,0,1,,126.7,126.7,126.7,0.33,0.7,0.5
665,731,0,1,,126.7,126.7,126.7,0.33,0.7,0.5
702,773,0,1,,126.7,126.7,126.7,0.33,0.7,0.5
102,122,0,1,unity notre dame ps4 complete,131.95,131.95,131.95,0.33,0.7,0.5
303,348,0,1,,131.95,131.95,131.95,0.33,0.7,0.5
401,453,2,1,guardian coleccionista,131.95,131.95,131.95,0.33,0.7,0.5
429,481,0,1,,131.95,131.95,131.95,0.33,0.7,0.5
642,703,0,1,,131.95,131.95,131.95,0.33,0.7,0.5
673,741,2,1,voltante con pedaliera,131.95,131.95,131.95,0.33,0.7,0.5
400,450,0,1,,137.1,137.1,137.1,0.33,0.7,0.5
610,669,0,1,,137.1,137.1,137.1,0.33,0.7,0.5
695,766,0,1,,137.1,137.1,137.1,0.33,0.7,0.5
163,190,0,1,,137.19,137.19,137.19,0.33,0.7,0.5
23,23,0,1,,137.2,137.2,137.2,0.33,0.7,0.5
128,153,0,1,,137.2,137.2,137.2,0.33,0.7,0.5
140,165,0,1,,137.2,137.2,137.2,0.33,0.7,0.5
242,278,0,1,,137.2,137.2,137.2,0.33,0.7,0.5
293,338,0,1,,137.2,137.2,137.2,0.33,0.7,0.5
443,495,0,1,,137.2,137.2,137.2,0.33,0.7,0.5
445,497,0,1,,137.2,137.2,137.2,0.33,0.7,0.5
493,546,0,1,,137.2,137.2,137.2,0.33,0.7,0.5
511,565,0,1,,137.2,137.2,137.2,0.33,0.7,0.5
538,597,0,1,,137.2,137.2,137.2,0.33,0.7,0.5
619,678,0,1,,137.2,137.2,137.2,0.33,0.7,0.5
645,706,0,1,,137.2,137.2,137.2,0.33,0.7,0.5
647,708,0,1,,137.2,137.2,137.2,0.33,0.7,0.5
347,392,0,1,,139.3,139.3,139.3,0.33,0.7,0.5
626,685,0,1,,142.45,142.45,142.45,0.33,0.7,0.5
641,701,1,1,ps4 novo comando jogo read dead ii,142.45,142.45,142.45,0.33,0.7,0.5
655,716,0,1,,142.45,142.45,142.45,0.33,0.7,0.5
672,738,0,1,,146.65,146.65,146.65,0.33,0.7,0.5
120,143,0,1,,147.7,147.7,147.7,0.33,0.7,0.5
170,197,0,1,,147.7,147.7,147.7,0.33,0.7,0.5
437,489,0,1,,147.7,147.7,147.7,0.33,0.7,0.5
461,513,0,1,,147.7,147.7,147.7,0.33,0.7,0.5
491,544,0,1,,147.7,147.7,147.7,0.33,0.7,0.5
568,627,0,1,,147.7,147.7,147.7,0.33,0.7,0.5
641,702,2,1,500gb joystick,147.7,147.7,147.7,0.33,0.7,0.5
644,705,0,1,,147.7,147.7,147.7,0.33,0.7,0.5
106,129,0,1,,152.95,152.95,152.95,0.33,0.7,0.5
518,573,1,1,1tb come nuova,158.1,158.1,158.1,0.33,0.7,0.5
605,664,0,1,,158.1,158.1,158.1,0.33,0.7,0.5
625,684,0,1,,158.1,158.1,158.1,0.33,0.7,0.5
76,91,0,1,,158.19,158.19,158.19,0.33,0.7,0.5
219,250,0,1,,158.19,158.19,158.19,0.33,0.7,0.5
50,65,4,1,,158.2,158.2,158.2,0.33,0.7,0.5
126,151,0,1,,158.2,158.2,158.2,0.33,0.7,0.5
189,216,0,1,,158.2,158.2,158.2,0.33,0.7,0.5
259,295,0,1,,158.2,158.2,158.2,0.33,0.7,0.5
267,308,3,1,neufs sous blister gow,158.2,158.2,158.2,0.33,0.7,0.5
286,331,2,1,the definitive experience ps4 signed,158.2,158.2,158.2,0.33,0.7,0.5
304,349,0,1,,158.2,158.2,158.2,0.33,0.7,0.5
458,510,0,1,,158.2,158.2,158.2,0.33,0.7,0.5
459,511,0,1,,158.2,158.2,158.2,0.33,0.7,0.5
467,519,0,1,,158.2,158.2,158.2,0.33,0.7,0.5
473,525,0,1,,158.2,158.2,158.2,0.33,0.7,0.5
478,530,0,1,,158.2,158.2,158.2,0.33,0.7,0.5
500,554,0,1,,158.2,158.2,158.2,0.33,0.7,0.5
519,575,1,1,500go,158.2,158.2,158.2,0.33,0.7,0.5
534,593,0,1,,158.2,158.2,158.2,0.33,0.7,0.5
537,596,0,1,,158.2,158.2,158.2,0.33,0.7,0.5
595,654,0,1,,158.2,158.2,158.2,0.33,0.7,0.5
656,718,1,1,terabyte,158.2,158.2,158.2,0.33,0.7,0.5
663,729,0,1,,158.2,158.2,158.2,0.33,0.7,0.5
599,658,0,1,,165.55,165.55,165.55,0.33,0.7,0.5
48,54,4,1,,168.7,168.7,168.7,0.33,0.7,0.5
405,457,0,1,,168.7,168.7,168.7,0.33,0.7,0.5
657,720,0,1,,168.7,168.7,168.7,0.33,0.7,0.5
697,768,0,1,,168.7,168.7,168.7,0.33,0.7,0.5
526,585,0,1,,172.9,172.9,172.9,0.33,0.7,0.5
336,381,0,1,,179.2,179.2,179.2,0.33,0.7,0.5
656,719,2,1,1to comme neuve,179.2,179.2,179.2,0.33,0.7,0.5
439,491,0,1,,183.63,183.63,183.63,0.33,0.7,0.5
311,356,0,1,,183.86,183.86,183.86,0.33,0.7,0.5
77,92,0,1,,183.93,183.93,183.93,0.33,0.7,0.5
639,698,0,1,,184.45,184.45,184.45,0.33,0.7,0.5
628,687,0,1,,188.65,188.65,188.65,0.33,0.7,0.5
48,53,3,1,controller,189.7,189.7,189.7,0.33,0.7,0.5
54,69,0,1,,189.7,189.7,189.7,0.33,0.7,0.5
250,286,0,1,,189.7,189.7,189.7,0.33,0.7,0.5
313,358,0,1,,189.7,189.7,189.7,0.33,0.7,0.5
463,515,0,1,,189.7,189.7,189.7,0.33,0.7,0.5
519,578,4,1,minecraft,189.7,189.7,189.7,0.33,0.7,0.5
604,663,0,1,,189.7,189.7,189.7,0.33,0.7,0.5
664,730,0,1,,189.7,189.7,189.7,0.33,0.7,0.5
472,524,0,1,,194.95,194.95,194.95,0.33,0.7,0.5
517,571,0,1,,199.15,199.15,199.15,0.33,0.7,0.5
231,264,2,1,the last blade,200.2,200.2,200.2,0.33,0.7,0.5
231,265,3,1,samurai shodown collection,200.2,200.2,200.2,0.33,0.7,0.5
548,607,0,1,,200.2,200.2,200.2,0.33,0.7,0.5
530,589,0,1,,200.73,200.73,200.73,0.33,0.7,0.5
263,300,1,1,iii premium spiral edition ps5 neuf,210.6,210.6,210.6,0.33,0.7,0.5
582,641,0,1,,210.69,210.69,210.69,0.33,0.7,0.5
50,63,2,1,pedais como novo,210.7,210.7,210.7,0.33,0.7,0.5
101,121,0,1,,210.7,210.7,210.7,0.33,0.7,0.5
113,136,0,1,,210.7,210.7,210.7,0.33,0.7,0.5
148,173,0,1,,210.7,210.7,210.7,0.33,0.7,0.5
161,188,0,1,,210.7,210.7,210.7,0.33,0.7,0.5
190,217,0,1,,210.7,210.7,210.7,0.33,0.7,0.5
194,224,0,1,,210.7,210.7,210.7,0.33,0.7,0.5
309,354,0,1,,210.7,210.7,210.7,0.33,0.7,0.5
674,742,0,1,,221.2,221.2,221.2,0.33,0.7,0.5
11,11,0,1,,227.5,227.5,227.5,0.33,0.7,0.5
50,62,1,1,racing wheel,231.7,231.7,231.7,0.33,0.7,0.5
55,70,0,1,,231.7,231.7,231.7,0.33,0.7,0.5
673,740,1,1,rs volant racing retour de force pc ps5,231.7,231.7,231.7,0.33,0.7,0.5
51,66,0,1,,242.2,242.2,242.2,0.33,0.7,0.5
221,252,0,1,,242.2,242.2,242.2,0.33,0.7,0.5
231,262,0,1,mark of the wolves,242.2,242.2,242.2,0.33,0.7,0.5
231,263,1,1,metal slug anthology,242.2,242.2,242.2,0.33,0.7,0.5
261,297,0,1,,242.2,242.2,242.2,0.33,0.7,0.5
449,501,0,1,,247.45,247.45,247.45,0.33,0.7,0.5
48,52,2,1,volante nuovo mai usato,252.7,252.7,252.7,0.33,0.7,0.5
428,480,0,1,,252.7,252.7,252.7,0.33,0.7,0.5
402,454,0,1,,257.94,257.94,257.94,0.33,0.7,0.5
629,688,0,1,,262.15,262.15,262.15,0.33,0.7,0.5
50,64,3,1,volante se,263.2,263.2,263.2,0.33,0.7,0.5
53,68,0,1,,263.2,263.2,263.2,0.33,0.7,0.5
193,221,1,1,xiv stormblood collector sigillato,263.2,263.2,263.2,0.33,0.7,0.5
332,377,0,1,,263.2,263.2,263.2,0.33,0.7,0.5
446,498,0,1,,263.2,263.2,263.2,0.33,0.7,0.5
528,587,0,1,,263.2,263.2,263.2,0.33,0.7,0.5
601,660,0,1,,263.2,263.2,263.2,0.33,0.7,0.5
640,699,0,1,,263.2,263.2,263.2,0.33,0.7,0.5
596,655,0,1,,273.6,273.6,273.6,0.33,0.7,0.5
16,16,0,1,,273.7,273.7,273.7,0.33,0.7,0.5
691,762,0,1,,294.7,294.7,294.7,0.33,0.7,0.5
47,49,0,1,,315.7,315.7,315.7,0.33,0.7,0.5
182,209,0,1,,315.7,315.7,315.7,0.33,0.7,0.5
506,560,0,1,,315.7,315.7,315.7,0.33,0.7,0.5
535,594,0,1,,315.7,315.7,315.7,0.33,0.7,0.5
516,570,0,1,,336.7,336.7,336.7,0.33,0.7,0.5
607,666,0,1,,336.7,336.7,336.7,0.33,0.7,0.5
181,208,0,1,,368.2,368.2,368.2,0.33,0.7,0.5
287,332,0,1,,368.2,368.2,368.2,0.33,0.7,0.5
391,441,0,1,,368.2,368.2,368.2,0.33,0.7,0.5
661,724,0,1,,368.2,368.2,368.2,0.33,0.7,0.5
456,508,0,1,,378.7,378.7,378.7,0.33,0.7,0.5
543,602,0,1,,399.7,399.7,399.7,0.33,0.7,0.5
552,611,0,1,,399.7,399.7,399.7,0.33,0.7,0.5
608,667,0,1,,410.2,410.2,410.2,0.33,0.7,0.5
546,605,0,1,,431.2,431.2,431.2,0.33,0.7,0.5
554,613,0,1,,452.2,452.2,452.2,0.33,0.7,0.5
351,401,2,1,village edicion coleccionista nuevo precintado,473.2,473.2,473.2,0.33,0.7,0.5
93,113,0,1,,510.0,510.0,510.0,0.33,0.7,0.5
496,549,0,1,,510.0,510.0,510.0,0.33,0.7,0.5
676,744,0,1,,510.0,510.0,510.0,0.33,0.7,0.5
9,9,0,1,,610.98,610.98,610.98,0.33,0.7,0.5
46,48,0,1,,693.6,693.6,693.6,0.33,0.7,0.5
41,43,0,1,,714.0,714.0,714.0,0.33,0.7,0.5
14,14,0,1,,765.0,765.0,765.0,0.33,0.7,0.5
636,695,0,1,,765.0,765.0,765.0,0.33,0.7,0.5
508,562,0,1,,969.0,969.0,969.0,0.33,0.7,0.5
