Title,Price,Brand,Size,Link,Likes,Dataid,MarketStatus,SearchDate,Upload_date,Images,SearchCount,Page,SearchName
Gucci pantalon blauw heren. maat: 48 (m),273.7,Gucci,M,https://www.vinted.it/items/8148443022-gucci-pantalon-blauw-heren-maat-48-m?referrer=catalog,0,8148443022,On Sale,,,https://images1.vinted.net/t/04_02000_VcwYJ5tcceY9GEQNnNZeo6xi/310x430/1770756649.webp?s=8f37274952e6ef623204ffd9ce9d4ba68ddc4655,1,1,
Gucci princetown loafers,368.2,Gucci,38.5,https://www.vinted.it/items/8148442831-gucci-princetown-loafers?referrer=catalog,0,8148442831,On Sale,,,https://images1.vinted.net/t/06_00e10_n66ASqtJfRND1PMGqTHDTdwU/310x430/1770756647.webp?s=931e0f6254a9c745729ec62952bbbff8d0fa3e49,1,1,
tote GG Gucci in Canvas,1.071,Gucci,0,https://www.vinted.it/items/8148438042-tote-gg-gucci-in-canvas?referrer=catalog,0,8148438042,On Sale,,,https://images1.vinted.net/t/05_00f12_ZAQYM54tKYa1e3RkKbo8AzNf/310x430/1770756604.webp?s=773cc4d3a6c55ffcc425355dd820199028cfa047,1,1,
Ophidia Gucci,918.0,Gucci,0,https://www.vinted.it/items/8148438272-ophidia-gucci?referrer=catalog,0,8148438272,On Sale,,,https://images1.vinted.net/t/01_01466_mWnP8zQsA2xiQm8jZ7NhbpJj/310x430/1770756606.webp?s=98f56fe98b58a9fe6e68f479f5aa8df2cfc7d3a4,1,1,
Occhiali da sole Gucci vintage,53.2,Gucci,0,https://www.vinted.it/items/8148437572-occhiali-da-sole-gucci-vintage?referrer=catalog,0,8148437572,On Sale,,,https://images1.vinted.net/t/06_0037a_TCDeKMA14p8gMUf75Uc3Sdnz/310x430/1770756600.webp?s=724ed2bec11707c7e7bb69de72812fa42a16e656,1,1,
Profumo donna Gucci rush,42.7,Gucci,0,https://www.vinted.it/items/8148417150-profumo-donna-gucci-rush?referrer=catalog,0,8148417150,On Sale,,,https://images1.vinted.net/t/01_01a91_7YhPe8GBhY72WGeQ1V27wGm7/310x430/1770756422.webp?s=cbf316ce3d76945d1e3f0adcee3c28cfb7a27909,1,1,
Gucci Flora parfumé,63.7,Gucci,0,https://www.vinted.it/items/8148407336-gucci-flora-parfume?referrer=catalog,0,8148407336,On Sale,,,https://images1.vinted.net/t/06_01e2f_bc52Mb7sGUwAPHWZcgutiLEU/310x430/1770756336.webp?s=9d1e1c665d2b475d450bdd11b2c1c2110910e302,1,1,
Claquettes Gucci Web Stripe rouge taille 39,209.65,Gucci,39,https://www.vinted.it/items/8081540863-claquettes-gucci-web-stripe-rouge-taille-39?referrer=catalog,0,8081540863,On Sale,,,https://images1.vinted.net/t/02_00321_SVBaH8dUFpHYhf4n8cnkSW2d/310x430/1770004270.webp?s=f817f4283d2fa37600d13b9a5fadb0a64a603234,1,1,
Profumo Gucci flora,79.45,Gucci,0,https://www.vinted.it/items/8148401202-profumo-gucci-flora?referrer=catalog,0,8148401202,On Sale,,,https://images1.vinted.net/t/06_026ab_T8iJtAKDme4tuw6FcUy9mF2w/310x430/1770756284.webp?s=acd4cce28a6015bbd55e874e1be43fbf5bed1d34,1,1,
Caja de zapatillas,13.3,Gucci,0,https://www.vinted.it/items/8148400594-caja-de-zapatillas?referrer=catalog,0,8148400594,On Sale,,,https://images1.vinted.net/t/06_02063_jPMpjjtHP718E2G34XTSJjio/310x430/1770756278.webp?s=33047033e8cff1c77bd70dceae6470a6444fd6e1,1,1,
Occhiali Gucci utilizzati una sola volta..,200.2,Gucci,0,https://www.vinted.it/items/8148397098-occhiali-gucci-utilizzati-una-sola-volta?referrer=catalog,0,8148397098,On Sale,,,https://images1.vinted.net/t/04_00b32_S5VrfxntR5hfu1VpMpb4ynqm/310x430/1770756249.webp?s=4b95c27d9bf24a8d758dbf957f8379c45e07d3d9,1,1,
Spilla Gucci,116.2,Gucci,0,https://www.vinted.it/items/8148390872-spilla-gucci?referrer=catalog,1,8148390872,On Sale,,,https://images1.vinted.net/t/03_018ac_TUvrME7YnpPdfe11Kya9B619/310x430/1770756196.webp?s=666c20feda9495d4fe8385cc560422ed26e79969,1,1,
Claquette Gucci Web Stripe Rouge taille 40,209.65,Gucci,40,https://www.vinted.it/items/8081536763-claquette-gucci-web-stripe-rouge-taille-40?referrer=catalog,0,8081536763,On Sale,,,https://images1.vinted.net/t/06_01154_bumXGeJ7brvzz2Pm7xcM4ZWe/310x430/1770002984.webp?s=eab4b342ca5c042d5a799488167a802d51e561a4,1,1,
Sneakers scarpe loafers gucci Rosa floral,137.1,Gucci,36,https://www.vinted.it/items/8148385249-sneakers-scarpe-loafers-gucci-rosa-floral?referrer=catalog,1,8148385249,On Sale,,,https://images1.vinted.net/t/06_01ce1_7YLHkJegKbNFSH6YxskBGT8o/310x430/1770756148.webp?s=78b77b4e7c3e68c2979d7e1d673c4babd4d6a836,1,1,
Parfum - Gucci - Très bon état,37.45,Gucci,0,https://www.vinted.it/items/8148380504-parfum-gucci-tres-bon-etat?referrer=catalog,0,8148380504,On Sale,,,https://images1.vinted.net/t/06_01473_BwAHxZ5sErAX2yKABcWKG4od/310x430/1770756108.webp?s=47d3417ab5cade09d1317983b3b3ca3e549ac14a,1,1,
Prachtige oorbellen,62.65,Gucci,0,https://www.vinted.it/items/8148376098-prachtige-oorbellen?referrer=catalog,0,8148376098,On Sale,,,https://images1.vinted.net/t/06_0080f_vCP1pJPKt5RhxAqHWh2YtHay/310x430/1770756071.webp?s=7f64d5754a214529b6fc9c31b469bdf29cfe1e38,1,1,
Lot Gucci parfum et huile corps,105.7,Gucci,0,https://www.vinted.it/items/8148371547-lot-gucci-parfum-et-huile-corps?referrer=catalog,0,8148371547,On Sale,,,https://images1.vinted.net/t/05_01630_AWtpFwmj7UxGGNrgDQXn7LfH/310x430/1770756032.webp?s=38c7a62620640b53b738c65b1d2363fdcc4213d1,1,1,
Gucci Puderdose / Gucci powder case,16.45,Gucci,0,https://www.vinted.it/items/8148370872-gucci-puderdose-gucci-powder-case?referrer=catalog,0,8148370872,On Sale,,,https://images1.vinted.net/t/04_0213d_eHZ9SRFg3qCuHCPKJ2dM7uJj/310x430/1770756026.webp?s=5930fcb4d7443cd4aed2b63aa62f7845dbcca473,1,1,
Veste GUCCI monogramme,194.95,Gucci,L,https://www.vinted.it/items/8115986073-veste-gucci-monogramme?referrer=catalog,0,8115986073,On Sale,,,https://images1.vinted.net/t/03_003e2_NqNu7H4EvtugsoRmvCLbrrw8/310x430/1770409857.webp?s=bf3c4ac9cc921ea84c6bb7146906837da0be097c,1,1,
Lunettes de soleil Gucci,315.7,Gucci,0,https://www.vinted.it/items/8148349841-lunettes-de-soleil-gucci?referrer=catalog,1,8148349841,On Sale,,,https://images1.vinted.net/t/06_01383_PxtCttn7gVxTd6pZYqJcMAkd/310x430/1770755852.webp?s=3d50880bc08805a010723e1e674fbaaf1514a1b7,1,1,
Gucci Rhyton,168.7,Gucci,42,https://www.vinted.it/items/8148309937-gucci-rhyton?referrer=catalog,0,8148309937,On Sale,,,https://images1.vinted.net/t/06_00add_fg38K2dNjUorBy9JCpeXwmik/310x430/1770755520.webp?s=add139004b2d23fc3756ccf078ea791a39bc5c4c,1,1,
Pantaloni gucci,610.98,Gucci,M,https://www.vinted.it/items/8148344014-pantaloni-gucci?referrer=catalog,3,8148344014,On Sale,,,https://images1.vinted.net/t/06_001a4_jTt1CHrAQfrxEZGmLdNZrC4x/310x430/1770755805.webp?s=07fc79f2a28f06ef4f5e6ee0a3fbf305b165394f,1,1,
Les 3 miniature neuves,28.0,Gucci,0,https://www.vinted.it/items/8148331042-les-3-miniature-neuves?referrer=catalog,0,8148331042,On Sale,,,https://images1.vinted.net/t/05_023f7_nBPSSRxbyVdXr8QUSFhM1aMT/310x430/1770755698.webp?s=1f12f8ab4e658c06c690dbf0ca1daa2e0b157c94,1,1,
Reloj Gucci con biseles intercambiables – vintage,765.0,Gucci,Taglia unica,https://www.vinted.it/items/8148324842-reloj-gucci-con-biseles-intercambiables-vintage?referrer=catalog,20,8148324842,On Sale,,,https://images1.vinted.net/t/06_01ff1_rTS4iP79FHSMwHyHVbtnHdY7/310x430/1770755645.webp?s=d0dcbb43c01eac782fe4c628d1c8796e798bf319,1,1,
Dior Backstage glow face palette,29.05,Dior,0,https://www.vinted.it/items/8148161146-dior-backstage-glow-face-palette?referrer=catalog,7,8148161146,On Sale,,,https://images1.vinted.net/t/01_008d7_YLAiBro2rNg1A5L9RdHzjsHF/310x430/1770754319.webp?s=0e24530d0b8a0d48db7c5161481b0f7f441575dc,1,1,
Bolso Gucci,999.6,Gucci,0,https://www.vinted.it/items/8143478258-bolso-gucci?referrer=catalog,12,8143478258,On Sale,,,https://images1.vinted.net/t/06_0037f_nGujv75mtFxRRj3J9JBDqzfd/310x430/1770720750.webp?s=415a6b0950efe0642b89741af69e767d22c93e4c,1,7,
Borsa marmont Gucci originale,938.4,Gucci,0,https://www.vinted.it/items/8143471339-borsa-marmont-gucci-originale?referrer=catalog,9,8143471339,On Sale,,,https://images1.vinted.net/t/06_000ba_c18tw7L2hsuG2Y1tqHBAsofw/310x430/1770720698.webp?s=928fa9e8435f7c66a226502a32be2f9f8650e02d,1,7,
Chaussures Gucci labyrinthe,273.69,Gucci,43,https://www.vinted.it/items/8148623738-chaussures-gucci-labyrinthe?referrer=catalog,0,8148623738,On Sale,,,https://images1.vinted.net/t/05_0014b_xLpkzLoG57jHTu4outhWrxid/310x430/1770758358.webp?s=8c4e9930164813e898076fc4d8d5a251c2c3052f,1,1,
Saccoche Gucci,126.7,Gucci,0,https://www.vinted.it/items/8148622635-saccoche-gucci?referrer=catalog,0,8148622635,On Sale,,,https://images1.vinted.net/t/01_019ae_7cvtQgae29NymJuisbBp5h5g/310x430/1770758347.webp?s=1cf700fbad87ca0bbd4804e321d182870b7cd723,1,1,
Cintura Gucci classica Originale,189.7,Gucci,90 cm,https://www.vinted.it/items/8148611902-cintura-gucci-classica-originale?referrer=catalog,0,8148611902,On Sale,,,https://images1.vinted.net/t/06_0151e_d9FjMToXM3XkiBP1f9eTfdHk/310x430/1770758239.webp?s=4f377f309a5df66b4dc9ecaf16b6a107819599f9,1,1,
Gucci black leather loafers,420.7,Gucci,45,https://www.vinted.it/items/8148608646-gucci-black-leather-loafers?referrer=catalog,0,8148608646,On Sale,,,https://images1.vinted.net/t/05_003fc_TcuYKUPBGfpg3XMnmf19fJQK/310x430/1770758207.webp?s=60a52af56c0c238b670e7498d203280b3ece10ba,1,1,
Top Gucci,263.2,Gucci,M / IT 42 / EU 38,https://www.vinted.it/items/8138180958-top-gucci?referrer=catalog,0,8138180958,On Sale,,,https://images1.vinted.net/t/01_009f3_MdygMXMBn9vM2xwbFTrEkrSW/310x430/1770647873.webp?s=f50a9b832a57eef1cfe469d014a5720b1ae91e5e,1,1,
Profumo,37.45,Gucci,0,https://www.vinted.it/items/8148605228-profumo?referrer=catalog,0,8148605228,On Sale,,,https://images1.vinted.net/t/05_01bff_mEcc3oRavXtaCXhbD8JNWEc2/310x430/1770758171.webp?s=2db69773d955529d35309cbcada3a7a13dd9a643,1,1,
Casquette Gucci en laine Jumbo bleu/gris M,473.2,Gucci,M,https://www.vinted.it/items/8148601084-casquette-gucci-en-laine-jumbo-bleugris-m?referrer=catalog,0,8148601084,On Sale,,,https://images1.vinted.net/t/06_01e9e_ha1f6BeTB7GvwocW6gMDYF7J/310x430/1770758130.webp?s=075ca6ca6631baa9a3fa804ecb79c9f7b1b70484,1,1,
Profumo,37.45,Gucci,0,https://www.vinted.it/items/8148599296-profumo?referrer=catalog,0,8148599296,On Sale,,,https://images1.vinted.net/t/05_017be_N1Sy8eZZHA5nnybmovCk2SGY/310x430/1770758112.webp?s=a06853bbf447a378ece40dbb7605738745ced5ce,1,1,
Occhiali donna Gucci,210.7,Gucci,0,https://www.vinted.it/items/8148598757-occhiali-donna-gucci?referrer=catalog,0,8148598757,On Sale,,,https://images1.vinted.net/t/06_02449_9NoYqDTQDY3x9XvnQV1nuaVY/310x430/1770758107.webp?s=21c3cf481547d2ef6f705d379c3f035c5d557f15,1,1,
Gucci Bloom Eau de Parfum,47.94,Gucci,0,https://www.vinted.it/items/8148598156-gucci-bloom-eau-de-parfum?referrer=catalog,0,8148598156,On Sale,,,https://images1.vinted.net/t/05_01bf3_2WPW6zQRUTiyHc25oxXczUA2/310x430/1770758101.webp?s=62dd7a8a54512cf0823cb9fd832db65cd34b05a6,1,1,
Gucci Sneakers Miro Soft Black n. 10.5,524.65,Gucci,44,https://www.vinted.it/items/8148597070-gucci-sneakers-miro-soft-black-n-105?referrer=catalog,0,8148597070,On Sale,,,https://images1.vinted.net/t/05_008f6_SAL6Lry4nR3hkVMm16EkupME/310x430/1770758090.webp?s=f1b4734c8a242c692537f0d04c1ccbf0c3c57d06,1,1,
Profumo,37.45,Gucci,0,https://www.vinted.it/items/8148592578-profumo?referrer=catalog,0,8148592578,On Sale,,,https://images1.vinted.net/t/05_00858_BRaEviPynzeBu7X5S61AV61C/310x430/1770758046.webp?s=708c054e41cb2bb3fda577a743b1494305f29b11,1,1,
Profumo,37.45,Gucci,0,https://www.vinted.it/items/8148586455-profumo?referrer=catalog,0,8148586455,On Sale,,,https://images1.vinted.net/t/06_014b6_nZ6FJskvhhobLMeCoBadEWKb/310x430/1770757986.webp?s=c443eb6c8586315a22faa0395df7dcd980dbde7e,1,1,
Porta tessere Gucci,189.7,Gucci,0,https://www.vinted.it/items/8096445271-porta-tessere-gucci?referrer=catalog,0,8096445271,On Sale,,,https://images1.vinted.net/t/06_0263d_siuPeVPSARJfZcgzu4kii7v3/310x430/1770197446.webp?s=b2cabf1b182cd5b92481b332d46e82c1038828f0,1,1,
Sacchetto per occhiali Gucci,10.15,Gucci,0,https://www.vinted.it/items/8148579926-sacchetto-per-occhiali-gucci?referrer=catalog,0,8148579926,On Sale,,,https://images1.vinted.net/t/06_00432_QFV38xGMhofEmtsHns1C2h7c/310x430/1770757923.webp?s=fa5f7cc0f305197e1e2af491588d40ee359dfc9f,1,1,
Tote Bag Gucci Garden,83.65,Gucci,0,https://www.vinted.it/items/8148575280-tote-bag-gucci-garden?referrer=catalog,1,8148575280,On Sale,,,https://images1.vinted.net/t/04_00978_GFhbaqDHUFJwbPbKmCvieqHm/310x430/1770757877.webp?s=e918883f61955199d06e24b3fc509e36dbc82bd5,1,1,
Occhiali gucci donna,210.7,Gucci,0,https://www.vinted.it/items/8148573734-occhiali-gucci-donna?referrer=catalog,0,8148573734,On Sale,,,https://images1.vinted.net/t/05_012db_rd5VjJ72A93DJCRVAWMan5Ff/310x430/1770757861.webp?s=5cee3b268b56c10c158595f83a224eb51b0bf4dc,1,1,
Princetown Gucci,420.7,Gucci,37.5,https://www.vinted.it/items/8148572124-princetown-gucci?referrer=catalog,0,8148572124,On Sale,,,https://images1.vinted.net/t/05_021c2_XYPMfxuyKM4Gg8WY412bCMEY/310x430/1770757846.webp?s=4d2e88f9873621a5ee9bee6af906c0cc87fffbef,1,1,
Skin care,147.7,Gucci,0,https://www.vinted.it/items/8148560117-skin-care?referrer=catalog,0,8148560117,On Sale,,,https://images1.vinted.net/t/05_010ba_eoNtirpVvqZk7BaHgQyqSppA/310x430/1770757728.webp?s=94b0998773c73c259b65db94b00de46c7d2e2a4f,1,1,
Mocassino Gucci,420.7,Gucci,42,https://www.vinted.it/items/8148560170-mocassino-gucci?referrer=catalog,2,8148560170,On Sale,,,https://images1.vinted.net/t/06_001dd_4aQqJ1PXyxkryfUTBw3rHVub/310x430/1770757729.webp?s=981159d351dd0683894df29e8ef8ba04bcc9897b,1,1,
Crossbody bag Gucci,918.0,Gucci,0,https://www.vinted.it/items/8148550520-crossbody-bag-gucci?referrer=catalog,1,8148550520,On Sale,,,https://images1.vinted.net/t/06_0195d_BqUkHFKpWycSCgH28f2xeaFx/310x430/1770757635.webp?s=6077d563b896f4035b8d6b642d808ee6944e0eeb,1,1,
Custodia occhiali viola Gucci,21.7,Gucci,0,https://www.vinted.it/items/8148550504-custodia-occhiali-viola-gucci?referrer=catalog,0,8148550504,On Sale,,,https://images1.vinted.net/t/06_00678_uc7BZXwKJP5iGFBeNbfNbLRX/310x430/1770757635.webp?s=5572983600cec815e18e5d2d6b5e0621dc82b930,1,1,
Occhiali gucci,510.0,Gucci,0,https://www.vinted.it/items/8148533808-occhiali-gucci?referrer=catalog,1,8148533808,On Sale,,,https://images1.vinted.net/t/04_01f64_qNCFDCVnZwemwD9rqz9nr5we/310x430/1770757475.webp?s=98e55e25c22179249d90e528caefcbb44f77c03f,1,1,
Catenella Gucci per occhiali,42.7,Gucci,0,https://www.vinted.it/items/8148527498-catenella-gucci-per-occhiali?referrer=catalog,3,8148527498,On Sale,,,https://images1.vinted.net/t/05_01a94_ysiuBvwHE2iLciAUnc9iwwwS/310x430/1770757413.webp?s=b3cca50f0887081a8bb31462a0fe7281831c3823,1,1,
Gucci Kartenetui Canvas Geldbörse GG Supreme grau Portemonnaie,210.7,Gucci,0,https://www.vinted.it/items/8148521351-gucci-kartenetui-canvas-geldborse-gg-supreme-grau-portemonnaie?referrer=catalog,0,8148521351,On Sale,,,https://images1.vinted.net/t/05_0081a_THD7kg2UK5HdYrMx6F65SqZj/310x430/1770757356.webp?s=9c8df2432f46db87a4af3285b8b190e7187bb25f,1,1,
Gucci Tote Bag Shopping Cabas Dustbag,33.78,Gucci,0,https://www.vinted.it/items/8148519314-gucci-tote-bag-shopping-cabas-dustbag?referrer=catalog,0,8148519314,On Sale,,,https://images1.vinted.net/t/05_01183_XpZhD5TsFzW3FFva5dXYjWbu/310x430/1770757337.webp?s=61e8535fb13462726c6f22f222e24d2cee225909,1,1,
Gucci specchietto da borsetta in metallo,31.15,Gucci,0,https://www.vinted.it/items/8148516233-gucci-specchietto-da-borsetta-in-metallo?referrer=catalog,0,8148516233,On Sale,,,https://images1.vinted.net/t/06_01b1d_PUspnu71wCZQ2FNyio7gzyNY/310x430/1770757309.webp?s=6000df3aa418d0f87751a504e9d77738363feadd,1,1,
Gucci Schuhe,561.0,Gucci,42,https://www.vinted.it/items/8148511931-gucci-schuhe?referrer=catalog,0,8148511931,On Sale,,,https://images1.vinted.net/t/06_02327_4k1ankN4fD7ihuNeGkT5EpKV/310x430/1770757270.webp?s=5fdcd0a98b792d0772189ad46db5904d6473a68d,1,1,
Pochette Gucci,504.7,Gucci,0,https://www.vinted.it/items/8138053109-pochette-gucci?referrer=catalog,1,8138053109,On Sale,,,https://images1.vinted.net/t/05_01e7c_taAgBeEFbYLH9Fp7g3kyJPU1/310x430/1770647049.webp?s=a1ae47845d0678aa4f972f7c587fe755c3f7767c,1,1,
Portacarte Gucci senza scatola,315.7,Gucci,0,https://www.vinted.it/items/8148501225-portacarte-gucci-senza-scatola?referrer=catalog,0,8148501225,On Sale,,,https://images1.vinted.net/t/05_00bf8_bdRUPJX4wzdkKCmACFupeumf/310x430/1770757171.webp?s=3cc09072bdd49ed4ebd3ba97761b2878aa0fef3f,1,1,
Gucci boutique,167.65,Gucci,M,https://www.vinted.it/items/8148499605-gucci-boutique?referrer=catalog,3,8148499605,On Sale,,,https://images1.vinted.net/t/06_01c38_hdWdwMB2uZa9oeG3mi1Zo7rp/310x430/1770757156.webp?s=969b9976cb2f458d25c99976b3ea7de7f6b3c35f,1,1,
Gucci Stiefel braun Leder mit Pferdegebiss,473.2,Gucci,40,https://www.vinted.it/items/8148488929-gucci-stiefel-braun-leder-mit-pferdegebiss?referrer=catalog,1,8148488929,On Sale,,,https://images1.vinted.net/t/06_01bc2_zwMWLWVaoLxbgJxtXM3FYdDF/310x430/1770757058.webp?s=0d2fcd572a19d195cfac606a020325bc4b3c7fe9,1,1,
Tuta Gucci X north face,163.45,Gucci,L,https://www.vinted.it/items/8138000194-tuta-gucci-x-north-face?referrer=catalog,0,8138000194,On Sale,,,https://images1.vinted.net/t/05_0168e_E26DvGCpzjUviJomypTHnWSE/310x430/1770646709.webp?s=d204cf649eacad1e1c2f715f5ed5289556ef8455,1,1,
Gucci guilty,41.13,Gucci,0,https://www.vinted.it/items/8148472731-gucci-guilty?referrer=catalog,0,8148472731,On Sale,,,https://images1.vinted.net/t/03_00843_PQr5UT5EQU1U7DNt1vdRoJ63/310x430/1770756914.webp?s=c80f0094f4c877d0eb9499e8c1b7bb4f0574bc78,1,1,
Casquette Gucci Rose Gold,612.0,Gucci,S,https://www.vinted.it/items/8148471275-casquette-gucci-rose-gold?referrer=catalog,1,8148471275,On Sale,,,https://images1.vinted.net/t/01_00dad_qiESswJGf9RhavdcZC4AB5i7/310x430/1770756901.webp?s=4cd9922f8529ad748e62b14364acf3bd5fc24f3d,1,1,
Rossetto Gucci Goldie Red,30.1,Gucci,0,https://www.vinted.it/items/8148468293-rossetto-gucci-goldie-red?referrer=catalog,0,8148468293,On Sale,,,https://images1.vinted.net/t/01_01588_UxKYrCZ5mArsBQTdaUv3Bca9/310x430/1770756875.webp?s=1cc135d33272bda444d8ef2f68bb87535aeb95ae,1,1,
Mules Gucci transparentes taille 40,209.65,Gucci,40,https://www.vinted.it/items/8081533322-mules-gucci-transparentes-taille-40?referrer=catalog,1,8081533322,On Sale,,,https://images1.vinted.net/t/05_01582_io6PFBj6SSEQKqjV3PWxbcvH/310x430/1770002026.webp?s=bd4227c3dbef8832a902fb1f6c6b818bb1acf013,1,1,
Lunette Gucci,53.2,Gucci,0,https://www.vinted.it/items/8148450167-lunette-gucci?referrer=catalog,0,8148450167,On Sale,,,https://images1.vinted.net/t/05_019f4_o6TemSwZnC5AunqHPSDUD118/310x430/1770756713.webp?s=620b9805c82279d8c337db7549cf13f4e83a39e1,1,1,
Reserved,1.75,ATEEZ,0,https://www.vinted.it/items/8143487137-reserved?referrer=catalog,1,8143487137,On Sale,,,https://images1.vinted.net/t/06_01d8c_7vwyEdj7Kmcms3uEKBusHtwB/310x430/1770720816.webp?s=98ac06d5f74bfe1005a9a4ab479ae9aaa4a341ac,1,7,
Parfum Dior j’adore,53.2,Dior,0,https://www.vinted.it/items/8143416742-parfum-dior-jadore?referrer=catalog,2,8143416742,On Sale,,,https://images1.vinted.net/t/03_0087b_yGzf1zpL1h5xFPnea1WYMUXD/310x430/1770720281.webp?s=719c8d6bafd42681dbc431b8b92f55ed0c23331e,1,7,
Casquette Gucci,314.65,Gucci,L,https://www.vinted.it/items/8142907211-casquette-gucci?referrer=catalog,0,8142907211,On Sale,,,https://images1.vinted.net/t/06_020f0_c9B2HcLfzpogCzrPdk7gMCUE/310x430/1770716080.webp?s=c741a9d06f5c29d7a66f01224df5c27ac226b219,1,8,
Gucci denim embroidered shearling jacket maat 10 (collectors item),590.58,Gucci,10 anni / 140 cm,https://www.vinted.it/items/8142792043-gucci-denim-embroidered-shearling-jacket-maat-10-collectors-item?referrer=catalog,4,8142792043,On Sale,,,https://images1.vinted.net/t/01_00c6e_SVzaXxJuZ9po7ySAAT4BpEnH/310x430/1770714966.webp?s=fba8d1047ea1125355240c4d4844172a2b13d134,1,8,
Manette ps4,21.6,Sony,0,https://www.vinted.it/items/8148627631-manette-ps4?referrer=catalog,0,8148627631,On Sale,,,https://images1.vinted.net/t/05_00873_T5HUvLJuRPac1GtwQ8FUqHMh/310x430/1770758399.webp?s=37c26920efc4d3717b100eb63362665ea40f74b7,1,1,
Juego PS4,16.45,No brand,0,https://www.vinted.it/items/8148626625-juego-ps4?referrer=catalog,0,8148626625,On Sale,,,https://images1.vinted.net/t/05_01f47_rPRtqYLKuRkyz3badwP55thT/310x430/1770758388.webp?s=fde30c61bcf62de7f192f73e15c87292afcb358b,1,1,
Steel box call of duty modern warfare 2,21.7,Collezione,0,https://www.vinted.it/items/8148625116-steel-box-call-of-duty-modern-warfare-2?referrer=catalog,0,8148625116,On Sale,,,https://images1.vinted.net/t/06_00bb0_rGVG8KsSYzu4ATNdVAPhDBsH/310x430/1770758373.webp?s=a3d1aa1a8457bd39f53ebd31e8366bba4fa0c847,1,1,
Spider man,11.2,No brand,0,https://www.vinted.it/items/8148620953-spider-man?referrer=catalog,0,8148620953,On Sale,,,https://images1.vinted.net/t/06_004c8_SiGenioRhr7sp1D2GHLecHRj/310x430/1770758330.webp?s=3dad97f801c66ab2726a80b403a01c51b340f00a,1,1,
Filet de rangement IKEA Vintage 1999,11.2,IKEA,0,https://www.vinted.it/items/8148613402-filet-de-rangement-ikea-vintage-1999?referrer=catalog,4,8148613402,On Sale,,,https://images1.vinted.net/t/05_00a46_eBQPyhcyT75bUNwd5AViTpJ8/310x430/1770758254.webp?s=e100f0ed6324ff6b82d2ec205d927b71a3922638,1,1,
Final Fantasy VII Remake 💥 Playstation 4 💥 New/Neuf/Nuevo,26.94,No brand,0,https://www.vinted.it/items/8148609131-final-fantasy-vii-remake-playstation-4-newneufnuevo?referrer=catalog,8,8148609131,On Sale,,,https://images1.vinted.net/t/06_00e53_nn3SBS7hKJagyvuqeD1yNXJk/310x430/1770758212.webp?s=fe7772b86fe1a51b4fd59e22bf3d6271ec4b8aaf,1,1,
Vendo giochi Assassin's Creed su PS4 se aggiungete 5€ fifA21 e for Honor,44.8,No brand,0,https://www.vinted.it/items/8148610752-vendo-giochi-assassins-creed-su-ps4-se-aggiungete-5eu-fifa21-e-for-honor?referrer=catalog,0,8148610752,On Sale,,,https://images1.vinted.net/t/04_017bd_JwjvpAtm1oCZiNdcBQ5CaMGP/310x430/1770758227.webp?s=b3760e1249c5dfcac58824c7a08a8836dcf4df20,1,1,
"Jeu ""Fifa18"" pour Ps4",11.2,No brand,0,https://www.vinted.it/items/8148604864-jeu-fifa18-pour-ps4?referrer=catalog,0,8148604864,On Sale,,,https://images1.vinted.net/t/06_0160f_9cZ9iXPMje42MwWVFzBuPpHk/310x430/1770758168.webp?s=d2386a4799eb493a3d8434a3554ad6b2f0a10692,1,1,
Pes 2020 per PS4,11.2,No brand,0,https://www.vinted.it/items/8148604627-pes-2020-per-ps4?referrer=catalog,0,8148604627,On Sale,,,https://images1.vinted.net/t/04_0030b_4wBGh9wvwSj6thVZbMsxDH77/310x430/1770758166.webp?s=3386047016f89438dac4fc238d754d5ff5dfe84d,1,1,
Jeux PlayStation 4,5.95,No brand,0,https://www.vinted.it/items/8148598463-jeux-playstation-4?referrer=catalog,1,8148598463,On Sale,,,https://images1.vinted.net/t/05_01b7c_dwB9HTjcM31jBXRK5Yb87mxA/310x430/1770758104.webp?s=914215e31d6342936699f0e576b17d476b23d23e,1,1,
disco ps4,11.2,No brand,0,https://www.vinted.it/items/8148592791-disco-ps4?referrer=catalog,0,8148592791,On Sale,,,https://images1.vinted.net/t/05_018a7_TWoe7VQPPaMyhGVUGvc6ky7t/310x430/1770758048.webp?s=85511f89946fd1ff7017d1ffa5e98e29bac33037,1,1,
Jeux ps4,8.05,No brand,0,https://www.vinted.it/items/8148586769-jeux-ps4?referrer=catalog,0,8148586769,On Sale,,,https://images1.vinted.net/t/04_006ff_oFMmjCrn2x8nYZ44sUQMEk69/310x430/1770757989.webp?s=0aa9ca8488d118b955e870ed3694b10505bcd4f4,1,1,
Pes 2015 per PS4,11.2,No brand,0,https://www.vinted.it/items/8148581838-pes-2015-per-ps4?referrer=catalog,0,8148581838,On Sale,,,https://images1.vinted.net/t/04_01738_dbXeKLieQs5XHgFBYQEqnBF1/310x430/1770757942.webp?s=174f02ca0ee1a96f2d9e7becf5f3dfec830dfc58,1,1,
Ps4 Spiel FSK18,8.58,No brand,0,https://www.vinted.it/items/8148580030-ps4-spiel-fsk18?referrer=catalog,1,8148580030,On Sale,,,https://images1.vinted.net/t/04_02503_NmM77Qfq4Bemr8nrqsnse348/310x430/1770757924.webp?s=749604d725c55c2225a37341f2dd706337383c62,1,1,
Vendo joystick ps4,32.2,Play,0,https://www.vinted.it/items/8148578624-vendo-joystick-ps4?referrer=catalog,0,8148578624,On Sale,,,https://images1.vinted.net/t/01_012d3_LDi9ULdzRyrtsj3Je6fgNZ1V/310x430/1770757909.webp?s=3a40731a02b9915732faab00e237e085fcf698a6,1,1,
disco ps4,16.45,No brand,0,https://www.vinted.it/items/8148572856-disco-ps4?referrer=catalog,0,8148572856,On Sale,,,https://images1.vinted.net/t/04_006ce_7rUJs4x8Jp7fhK2YWDnCcUog/310x430/1770757852.webp?s=91688d8aa9891b5a6c3d322d32d2afd19299b8e2,1,1,
Jeux ps4,9.1,No brand,0,https://www.vinted.it/items/8148571245-jeux-ps4?referrer=catalog,0,8148571245,On Sale,,,https://images1.vinted.net/t/06_0135c_wxbCLrnpdxNNQ5a61kXHy8xh/310x430/1770757837.webp?s=66b1dc7e210c91bd617bb3326887b8cfd441c6db,1,1,
Une manette qui marche sur PS4 et PS5,10.2,Action,0,https://www.vinted.it/items/8148568249-une-manette-qui-marche-sur-ps4-et-ps5?referrer=catalog,1,8148568249,On Sale,,,https://images1.vinted.net/t/04_0261e_rDKjhp4ZzfsxPPN8p9wkHAw1/310x430/1770757808.webp?s=2330588de7bf0b4dca9459d2a8a7d97a7ee96f49,1,1,
disco ps4,20.65,No brand,0,https://www.vinted.it/items/8148561139-disco-ps4?referrer=catalog,0,8148561139,On Sale,,,https://images1.vinted.net/t/06_00339_2xQrWAwnPFW4jxUJYPjdrfvy/310x430/1770757738.webp?s=456d7914fb3a779acc25b0cc6fc0cbb27f9842d1,1,1,
Jeux PS5 - Borderlands 4,31.15,No brand,0,https://www.vinted.it/items/8148553168-jeux-ps5-borderlands-4?referrer=catalog,2,8148553168,On Sale,,,https://images1.vinted.net/t/01_022c4_gRkYKEZzK6VrwbeavQuYgTso/310x430/1770757661.webp?s=a25238b51ef07558baa89258ef41010250faef57,1,1,
God of war ps4,9.1,No brand,0,https://www.vinted.it/items/8148552009-god-of-war-ps4?referrer=catalog,0,8148552009,On Sale,,,https://images1.vinted.net/t/04_026ca_2SmwnxbKu3hAMUYR9GJiW6pW/310x430/1770757650.webp?s=a5555e234c4af5cbff9b69e18e533833cc9665d3,1,1,
disco ps4,32.2,No brand,0,https://www.vinted.it/items/8148546983-disco-ps4?referrer=catalog,0,8148546983,On Sale,,,https://images1.vinted.net/t/06_0106d_s1UKYEK6Vd7zkRJpn2Yh35EM/310x430/1770757601.webp?s=e509ba189cbb82cf7edcb37a7ac8b94a125ecfc0,1,1,
Station de recharge iPlay pour manettes PS5,16.35,Iplay,0,https://www.vinted.it/items/8148544080-station-de-recharge-iplay-pour-manettes-ps5?referrer=catalog,1,8148544080,On Sale,,,https://images1.vinted.net/t/06_00ce0_pX5WfQswyvnNcHBcULDgrWGx/310x430/1770757573.webp?s=eb090d653e4ee8dad5840a88c72837243b04276b,1,1,
The last of us 2,16.45,No brand,0,https://www.vinted.it/items/8148543554-the-last-of-us-2?referrer=catalog,2,8148543554,On Sale,,,https://images1.vinted.net/t/05_02411_DJaXdeB9g2LQpca8QSHN55Nh/310x430/1770757567.webp?s=c6349a4183e6857f1c62746b97fcbdb1123563a4,1,1,
Resident Evil 2 PS4 - Etat neuf !,16.45,No brand,0,https://www.vinted.it/items/8148537908-resident-evil-2-ps4-etat-neuf?referrer=catalog,0,8148537908,On Sale,,,https://images1.vinted.net/t/05_006e1_u5xgXiNzR9o82Hvpu4wLL1Lq/310x430/1770757514.webp?s=1cda739a9231c37e3ef4439058af9336275b6760,1,1,
Gta V version premium édition,8.05,No brand,0,https://www.vinted.it/items/8148532737-gta-v-version-premium-edition?referrer=catalog,1,8148532737,On Sale,,,https://images1.vinted.net/t/01_002da_8Z5dqbM6TVPrX5KqUuH9L6Ea/310x430/1770757465.webp?s=428e46a40c4a097d10b8bfeecd2b4a30c6efdc9c,1,1,
FIFA 23,4.9,No brand,0,https://www.vinted.it/items/8148528041-fifa-23?referrer=catalog,1,8148528041,On Sale,,,https://images1.vinted.net/t/06_009bb_3PxgfTWXQQvJ7b96LKJRkSMo/310x430/1770757418.webp?s=44c927023974ee746726fd4491733027cf1d19fb,1,1,
Manette PS4,11.2,No brand,0,https://www.vinted.it/items/8148526667-manette-ps4?referrer=catalog,0,8148526667,On Sale,,,https://images1.vinted.net/t/06_017ec_xt7pyGA6YK1C278YtTTEq5NV/310x430/1770757405.webp?s=e6886febffaa0eb7be3ea0209e4467c2694845d6,1,1,
Fausse Manette Ps4,11.2,PlayStation,0,https://www.vinted.it/items/8148517917-fausse-manette-ps4?referrer=catalog,2,8148517917,On Sale,,,https://images1.vinted.net/t/05_008a4_CFs6Rbx3rvPQaX7omju3Uioo/310x430/1770757324.webp?s=74c205184663c0f8dc7f4f48bd98f836081f8176,1,1,
TrackMania Ps4,7.0,No brand,0,https://www.vinted.it/items/8148514115-trackmania-ps4?referrer=catalog,0,8148514115,On Sale,,,https://images1.vinted.net/t/04_005a1_CfwiJjqqAPzD9PnthmBVHsPd/310x430/1770757289.webp?s=808e1c980bd9e9ee58e37d3e828df86df9caecaa,1,1,
Fist of the North star Lost Paradise,15.4,No brand,0,https://www.vinted.it/items/8148512188-fist-of-the-north-star-lost-paradise?referrer=catalog,1,8148512188,On Sale,,,https://images1.vinted.net/t/06_0109c_vmCNu5rmZNMKtzWcEW4ZPcQc/310x430/1770757272.webp?s=e416e0c789abd63ef1fb39e705353c9afb1e3182,1,1,
Résident evil 5,32.2,No brand,0,https://www.vinted.it/items/8148507637-resident-evil-5?referrer=catalog,0,8148507637,On Sale,,,https://images1.vinted.net/t/06_02018_ApP7U3rFrfEqDkKexEpNdAnV/310x430/1770757229.webp?s=c8e028ee7914009c72c801fb220bc2c216d7204d,1,1,
Fifa 19/20 Ps4,21.7,No brand,0,https://www.vinted.it/items/8148372610-fifa-1920-ps4?referrer=catalog,0,8148372610,On Sale,,,https://images1.vinted.net/t/05_0238f_6ty2npRfTj5hbU6HcNXVYQCw/310x430/1770756041.webp?s=861fc79d6f397a0716cf649cc32e77495f1d5804,1,1,
Mangmi air x avec sd Samsung 256Gb,137.2,Boy,0,https://www.vinted.it/items/8148492508-mangmi-air-x-avec-sd-samsung-256gb?referrer=catalog,1,8148492508,On Sale,,,https://images1.vinted.net/t/05_00abe_qHsKiS1ZwgZRchir2UfENexr/310x430/1770757092.webp?s=30b0d28ce72846b9671209f9e9eeea7188738cfa,1,1,
Motogp 21,5.95,No brand,0,https://www.vinted.it/items/8148493003-motogp-21?referrer=catalog,0,8148493003,On Sale,,,https://images1.vinted.net/t/06_0198f_bxEkbxcmhW3P4spoCRc42pX8/310x430/1770757096.webp?s=a8503b73cfe9efbec717b3342e861f1b02b3b8b1,1,1,
Jagged Alliance Rage! 💥 Playstation 4 💥 New/Neuf/Nuevo,11.19,No brand,0,https://www.vinted.it/items/8148489853-jagged-alliance-rage-playstation-4-newneufnuevo?referrer=catalog,8,8148489853,On Sale,,,https://images1.vinted.net/t/04_01a64_eUawmXmQak15kkRKpE97TvF8/310x430/1770757067.webp?s=f3ba915e31b3ed3d7ad13f107153bb954bbb7750,1,1,
Call of duty modern warfare,11.2,No brand,0,https://www.vinted.it/items/8148489713-call-of-duty-modern-warfare?referrer=catalog,0,8148489713,On Sale,,,https://images1.vinted.net/t/06_0200f_zngAZkqzvxFnFSn7gRqJvyL8/310x430/1770757066.webp?s=302eb2083633708851096ed2167843bacd4bd4fd,1,1,
Grand theft auto five,21.7,No brand,0,https://www.vinted.it/items/8148480796-grand-theft-auto-five?referrer=catalog,0,8148480796,On Sale,,,https://images1.vinted.net/t/06_00ad6_PzgmKrFyNUiuhUPknbYWy7TG/310x430/1770756986.webp?s=e6e02a50ce83bf79a21cc3cb6e406bce24998348,1,1,
Luces de colores para ps5 PS4 o tv,26.95,Para,0,https://www.vinted.it/items/8148480407-luces-de-colores-para-ps5-ps4-o-tv?referrer=catalog,0,8148480407,On Sale,,,https://images1.vinted.net/t/01_02238_MyfqRVPVDMukiWJjjNam59DD/310x430/1770756982.webp?s=bbcdb44222ebd25813f2eaa01cc5f215aeca5e08,1,1,
Chargeur manette compatible PS4,25.9,otvo,0,https://www.vinted.it/items/8148459721-chargeur-manette-compatible-ps4?referrer=catalog,0,8148459721,On Sale,,,https://images1.vinted.net/t/06_023b1_c3mjaf75b8dSsVCQZZf4p1wZ/310x430/1770756799.webp?s=a55ad8f51cb3143fb8fa36a129744770ade9d726,1,1,
Controller PS4 DualShock 4 Originale Sony - Nero- Come Nuovo,26.95,Sony,0,https://www.vinted.it/items/8148459357-controller-ps4-dualshock-4-originale-sony-nero-come-nuovo?referrer=catalog,0,8148459357,On Sale,,,https://images1.vinted.net/t/05_01fe7_kKojULjXtwJjrWXXdrmfgBNj/310x430/1770756796.webp?s=7fc12137aef06dead75a851339d49905fcdd5894,1,1,
PlayStation 4,26.95,No brand,0,https://www.vinted.it/items/8148451333-playstation-4?referrer=catalog,0,8148451333,On Sale,,,https://images1.vinted.net/t/06_009f3_2HokmAb5yYCNdEqfQU6PgZCM/310x430/1770756724.webp?s=0e296be5e441f99748c170172d487c90d1f05943,1,1,
Resident evil 4 ps1 custom,16.44,No brand,0,https://www.vinted.it/items/8148450673-resident-evil-4-ps1-custom?referrer=catalog,2,8148450673,On Sale,,,https://images1.vinted.net/t/05_00da6_iPCeBvjvveABKisV6F8FGMXy/310x430/1770756718.webp?s=2cab08ee8e23cbde68caca0338c5bcf57544ee1c,1,1,
After the fall Frontrunner Édition Jeu PlayStation PS4 neuf sous blister,14.34,No brand,0,https://www.vinted.it/items/8148449525-after-the-fall-frontrunner-edition-jeu-playstation-ps4-neuf-sous-blister?referrer=catalog,1,8148449525,On Sale,,,https://images1.vinted.net/t/03_020f8_eWd6U73P54CzLRKaCYnng9yj/310x430/1770756708.webp?s=d38922456d99f3e2d6eee6f99862a016ae11e111,1,1,
Tales of arise neuf ps4,26.95,No brand,0,https://www.vinted.it/items/8148448937-tales-of-arise-neuf-ps4?referrer=catalog,1,8148448937,On Sale,,,https://images1.vinted.net/t/06_01261_3d1bKDGck4pbc7GgD8QXUY1p/310x430/1770756702.webp?s=f2e4e4011ef4429fa0c31ad949231740fc26ed42,1,1,
NBA2K20 PS4,5.95,No brand,0,https://www.vinted.it/items/8148447820-nba2k20-ps4?referrer=catalog,0,8148447820,On Sale,,,https://images1.vinted.net/t/05_00f7c_8Y3LHQHLHWAHeAWKCEoV18hW/310x430/1770756693.webp?s=f14859f8cd3b60caee9b64358df969a03e4f9103,1,1,
Lot resident evil Ps4,20.65,No brand,0,https://www.vinted.it/items/8148444133-lot-resident-evil-ps4?referrer=catalog,0,8148444133,On Sale,,,https://images1.vinted.net/t/05_01543_DxfYk1UPu5sQwumbanTnGX3s/310x430/1770756659.webp?s=a36ebcc30180d2bf01b270bd97018753775c9299,1,1,
Controller PlayStation 4,21.7,Sony,0,https://www.vinted.it/items/8148431920-controller-playstation-4?referrer=catalog,0,8148431920,On Sale,,,https://images1.vinted.net/t/06_0124d_kjuY6FJJdG4n1ZWeQcRU2aJR/310x430/1770756551.webp?s=bf3f216ab8cf97b16b5da3987251c42bdaf542ce,1,1,
Jeux play 4 spider man,9.1,No brand,0,https://www.vinted.it/items/8148431887-jeux-play-4-spider-man?referrer=catalog,0,8148431887,On Sale,,,https://images1.vinted.net/t/06_0219a_hPNSu8e1NR9EjM3Br3MBqZJ3/310x430/1770756551.webp?s=5acd26aa6a75e29c707ad083158af0d039491c6b,1,1,
Logitch G29 driving force+ boite de vitesse,158.2,Logitech,0,https://www.vinted.it/items/8148421650-logitch-g29-driving-force-boite-de-vitesse?referrer=catalog,0,8148421650,On Sale,,,https://images1.vinted.net/t/01_0156c_1hcVdW7MakXxtvXsQzbhsYdo/310x430/1770756460.webp?s=aac8de6af7d414f304ae784a600d6030dbb18e50,1,1,
Ctr nitro fueled,16.45,No brand,0,https://www.vinted.it/items/8148418397-ctr-nitro-fueled?referrer=catalog,0,8148418397,On Sale,,,https://images1.vinted.net/t/05_013c2_pxSUx3cpKdfHnaUabdZFu5As/310x430/1770756433.webp?s=28e5099504306c339c2e7ac6aafb66d7db15429b,1,1,
NBA 2K 26,42.7,No brand,0,https://www.vinted.it/items/8148414273-nba-2k-26?referrer=catalog,1,8148414273,On Sale,,,https://images1.vinted.net/t/05_016f7_3KhKPh2fErTpGX4x9vStg2zo/310x430/1770756397.webp?s=f3110af75ef43eb0333192cd96c92a24581bf962,1,1,
Résident evil collection,32.2,No brand,0,https://www.vinted.it/items/8148412269-resident-evil-collection?referrer=catalog,1,8148412269,On Sale,,,https://images1.vinted.net/t/06_01176_iJjCWbMQk7UyYQrWZkBTKuwP/310x430/1770756379.webp?s=8b88a5676a97c31b47d0fb2e221528230093d107,1,1,
Play4 con mandos inalámbricos x2,147.7,Sony,0,https://www.vinted.it/items/8148410098-play4-con-mandos-inalambricos-x2?referrer=catalog,0,8148410098,On Sale,,,https://images1.vinted.net/t/05_00a5b_NzuA1VDC43X1hmEarGJfEcsy/310x430/1770756361.webp?s=39d0af62f9e39347875a27e569d056ede66bebdf,1,1,
Plantavszombies-Gioco ps4,5.95,No brand,0,https://www.vinted.it/items/8148410209-plantavszombies-gioco-ps4?referrer=catalog,0,8148410209,On Sale,,,https://images1.vinted.net/t/05_017d2_s2nwsZtRka9inYoKcJW5iRQB/310x430/1770756362.webp?s=e4415b686af80b9182d7a4e407bb0403eb58f72e,1,1,
Jeu PS4 - The Wonderful 101,26.94,No brand,0,https://www.vinted.it/items/8144472495-jeu-ps4-the-wonderful-101?referrer=catalog,3,8144472495,On Sale,,,https://images1.vinted.net/t/05_00de1_exXvLdpg8fRz6uaeqgcK15Ve/310x430/1770756337.webp?s=ea95e41b68376ea7658a4569a35f61de808b3b6e,1,1,
Ninja Gaiden 4 - PS5,32.2,No brand,0,https://www.vinted.it/items/8148399997-ninja-gaiden-4-ps5?referrer=catalog,4,8148399997,On Sale,,,https://images1.vinted.net/t/01_01073_sHPDqQcjbdi8Z83A2692zsib/310x430/1770756273.webp?s=16d0f0a1b745ae4da8fb2fe6978d58315f97cbe3,1,1,
The crew 2 et Riders republic,16.45,Ubisoft,0,https://www.vinted.it/items/8148394011-the-crew-2-et-riders-republic?referrer=catalog,0,8148394011,On Sale,,,https://images1.vinted.net/t/01_00afe_93nk46ktn2hXUnjfvCw9mFWQ/310x430/1770756222.webp?s=6054ae19c74f00905c48fdc4ed210474fdc3ecac,1,1,
Controller Ps4 / PC Nacon,16.45,NACON,0,https://www.vinted.it/items/8148383539-controller-ps4-pc-nacon?referrer=catalog,0,8148383539,On Sale,,,https://images1.vinted.net/t/06_00506_Mt7LLkgxxyCePZHnwEnWDKfh/310x430/1770756133.webp?s=525a2fd5d8f91839873f57ec0cd22d5bffdff8a8,1,1,
FIFA 18 PS4,5.43,No brand,0,https://www.vinted.it/items/8148382502-fifa-18-ps4?referrer=catalog,0,8148382502,On Sale,,,https://images1.vinted.net/t/06_01b3c_ynh1WNfieDMqmAbd55MPC5RD/310x430/1770756124.webp?s=1dbccf6990a4466565c055e7378ba7633a4607a6,1,1,
Crash bandicoot,37.45,No brand,0,https://www.vinted.it/items/8148370714-crash-bandicoot?referrer=catalog,1,8148370714,On Sale,,,https://images1.vinted.net/t/05_0202e_CBzR1pBBJKZUhmY3kJx2162c/310x430/1770756025.webp?s=d31f6b5d3be9cd564f8c5435c1ad44cb0a1e8693,1,1,
Station de recharge iPlay pour manettes PS5,16.35,Iplay,0,https://www.vinted.it/items/8148368885-station-de-recharge-iplay-pour-manettes-ps5?referrer=catalog,1,8148368885,On Sale,,,https://images1.vinted.net/t/06_00c8a_bt72CerSYLhgguWRUqkmdiwT/310x430/1770756010.webp?s=61df952eb79dc8b8b76867ebcda674f289eeaa5e,1,1,
Gioco per ps4 assassin’s creed odyssey  nuovo imballato,18.55,No brand,0,https://www.vinted.it/items/8148363036-gioco-per-ps4-assassins-creed-odyssey-nuovo-imballato?referrer=catalog,0,8148363036,On Sale,,,https://images1.vinted.net/t/06_00ce7_KaAweiBTwd7FYHuBgiWpPK79/310x430/1770755962.webp?s=6634dd9b201838c4707795778bbedca16252a58d,1,1,
NBA 2k25 jeu PlayStation PS4 neuf sous blister,18.54,No brand,0,https://www.vinted.it/items/8148361607-nba-2k25-jeu-playstation-ps4-neuf-sous-blister?referrer=catalog,2,8148361607,On Sale,,,https://images1.vinted.net/t/01_01577_5KVLWuS5nvx3S1yS63ffbJYs/310x430/1770755951.webp?s=20db8c550efb449d62e4833c37e004ac49a8c2dd,1,1,
Pes 2019,21.7,No brand,0,https://www.vinted.it/items/8148359411-pes-2019?referrer=catalog,0,8148359411,On Sale,,,https://images1.vinted.net/t/06_020fc_EJVy63kciqqhLt3r69ufc2t6/310x430/1770755933.webp?s=97e2df1a8a0f015777dc47528a69b30d4dab2a0c,1,1,
Jujutsu kaisen ps4,32.2,No brand,0,https://www.vinted.it/items/8148357416-jujutsu-kaisen-ps4?referrer=catalog,1,8148357416,On Sale,,,https://images1.vinted.net/t/05_00129_kPJH32cVZ3W96VBgMUh1s8Yp/310x430/1770755917.webp?s=45b7c96866001b76fa52ca93905754351d6d67ff,1,1,
Lego Star Wars: Il Risveglio Della Forza PS4,6.48,No brand,0,https://www.vinted.it/items/8148352404-lego-star-wars-il-risveglio-della-forza-ps4?referrer=catalog,1,8148352404,On Sale,,,https://images1.vinted.net/t/04_0070c_FeMEkdfA75nU5Dwwnk9pTSEv/310x430/1770755874.webp?s=c888646e2803c8f22ea11944062cfc70498c71ba,1,1,
playstation 4+ joystick+ 2 giochi,79.45,PlayStation,0,https://www.vinted.it/items/8148349646-playstation-4-joystick-2-giochi?referrer=catalog,0,8148349646,On Sale,,,https://images1.vinted.net/t/04_00533_2krAdhtMJPRRtyon8haVp8dR/310x430/1770755851.webp?s=ff1e6990f861762ad9f715b3659a600de99da823,1,1,
Rainbow six siege,13.3,No brand,0,https://www.vinted.it/items/8148341752-rainbow-six-siege?referrer=catalog,1,8148341752,On Sale,,,https://images1.vinted.net/t/01_0192f_oPEtJiyHT2pJdpTrp6NifYgG/310x430/1770755786.webp?s=bd11298de005cfe9008ebda3ef4d954680457593,1,1,
Jeux de console PS4,5.95,No brand,0,https://www.vinted.it/items/8148340687-jeux-de-console-ps4?referrer=catalog,1,8148340687,On Sale,,,https://images1.vinted.net/t/05_01245_TupYSwGrYqSMqwNo3bxLbWCH/310x430/1770755777.webp?s=6ca10cb8032c58bd70b8ae0169eb678ada10e670,1,1,
Sony PlayStation 4 Slim 1 TB + 2 Controller,105.7,Sony,0,https://www.vinted.it/items/8148340376-sony-playstation-4-slim-1-tb-2-controller?referrer=catalog,1,8148340376,On Sale,,,https://images1.vinted.net/t/05_01a78_e119US4Fy72JByJimG3VR7rL/310x430/1770755775.webp?s=c5f4aa033edf25ac66c91ee7eeeefa77c53e9206,1,1,
Fifa 16,16.45,No brand,0,https://www.vinted.it/items/8148337650-fifa-16?referrer=catalog,0,8148337650,On Sale,,,https://images1.vinted.net/t/06_015d1_FC45ewBQUMespTvJQz2kpaQ1/310x430/1770755753.webp?s=385b768caac10ed538f0a997788afb60754cddc8,1,1,
Jump force ps4,11.2,No brand,0,https://www.vinted.it/items/8148337561-jump-force-ps4?referrer=catalog,0,8148337561,On Sale,,,https://images1.vinted.net/t/06_00b49_QTBvCiBGKCWyLmZHPC174C9p/310x430/1770755752.webp?s=55e2c229bb5741ee7c30451778aea38f7160ef06,1,1,
Fallout 76 - PlayStation 4 [PS4] Nuovo,5.85,No brand,0,https://www.vinted.it/items/8148334120-fallout-76-playstation-4-ps4-nuovo?referrer=catalog,1,8148334120,On Sale,,,https://images1.vinted.net/t/06_024bd_FGcuoP8oYysYyEtqh4xuGPqt/310x430/1770755723.webp?s=7db92f25b3acc647104b559fa3ba726a0230b403,1,1,
Pokemon Card Ninetales AR 110/108 SV3 Sovrano della Fiamma Nera Jap Near Mint,16.45,Pokémon,0,https://www.vinted.it/items/8148332845-pokemon-card-ninetales-ar-110108-sv3-sovrano-della-fiamma-nera-jap-near-mint?referrer=catalog,0,8148332845,On Sale,,,https://images1.vinted.net/t/05_01e48_rTrGVCWH7UpdHkD6uZ5dWpWP/310x430/1770755714.webp?s=e43e01c538839211744552851c8e1f0f742f8e05,1,1,
Umbreon Porta Controller,32.2,PlayStation,0,https://www.vinted.it/items/8148331888-umbreon-porta-controller?referrer=catalog,0,8148331888,On Sale,,,https://images1.vinted.net/t/01_003e0_HoB13Uizq2sPisgtizKFqHVv/310x430/1770755706.webp?s=9871f1cabf2d851c68ead55ee1f188129fe5880f,1,1,
Lego Avengers PS4,6.48,No brand,0,https://www.vinted.it/items/8148329974-lego-avengers-ps4?referrer=catalog,0,8148329974,On Sale,,,https://images1.vinted.net/t/06_00bd1_bcZjSuzmYwj9xZjHj7xeidPa/310x430/1770755689.webp?s=041ed870ad8a429d7ab4c13defe6c1414b5ae3d1,1,1,
Prada Karten Halter,32.2,No brand,0,https://www.vinted.it/items/8148627733-prada-karten-halter?referrer=catalog,0,8148627733,On Sale,,,https://images1.vinted.net/t/05_01da7_AvN5ra5ocrSgYdvEc7tqQAuY/310x430/1770758400.webp?s=1613f45dd54234f153f92c2ccdf48215c978f9ae,1,1,
Parfum pour femme Paradoxe Prada Radical Essence,100.45,Prada,0,https://www.vinted.it/items/8148609393-parfum-pour-femme-paradoxe-prada-radical-essence?referrer=catalog,1,8148609393,On Sale,,,https://images1.vinted.net/t/06_01b60_hZ5tLycWTWVEcNXAhgpM21T1/310x430/1770758214.webp?s=5d8bcf9406310d5dc6d8f3ca18eae67f9bb87caa,1,1,
Prada Cup nuevas,100.45,Prada,42,https://www.vinted.it/items/8148598295-prada-cup-nuevas?referrer=catalog,0,8148598295,On Sale,,,https://images1.vinted.net/t/06_02260_T6bwUqNactitFHLynNDM29CA/310x430/1770758102.webp?s=341248942531ebebef5c0ee1b2e782fffae665a8,1,1,
Prada america’s cup,152.95,Prada,43,https://www.vinted.it/items/8148596551-prada-americas-cup?referrer=catalog,0,8148596551,On Sale,,,https://images1.vinted.net/t/01_02440_6X8qEhvo4TjJgCffYT2RQZoE/310x430/1770758084.webp?s=32277280784c122ea681b6bcfbe7cd49431a8aee,1,1,
Klein handtasje prada,19.6,schoudertas,0,https://www.vinted.it/items/8148596039-klein-handtasje-prada?referrer=catalog,0,8148596039,On Sale,,,https://images1.vinted.net/t/06_00b9f_EAVbWTxQJr81hXoxXUgCR9hV/310x430/1770758079.webp?s=415c177debc6b48477d52fb61c0ebbbf25ad899c,1,1,
Prada Ocean 100 ml,52.15,Ocean,0,https://www.vinted.it/items/8148591901-prada-ocean-100-ml?referrer=catalog,0,8148591901,On Sale,,,https://images1.vinted.net/t/01_019ed_c9NiTmdCmbi4WXSdBwVvvvsu/310x430/1770758040.webp?s=89055a8a019685602b8ac15045275c27cf59dac0,1,1,
Monedero grande,26.95,Agatha Ruiz de la Prada,0,https://www.vinted.it/items/8148589330-monedero-grande?referrer=catalog,0,8148589330,On Sale,,,https://images1.vinted.net/t/06_0162b_B54763WQPVdP5xLv8reiYN4t/310x430/1770758014.webp?s=da676162e69969be92af888ba64de5f5e190d96b,1,1,
Basket Sneakers Prada Downtown,473.2,Prada,36.5,https://www.vinted.it/items/8148584606-basket-sneakers-prada-downtown?referrer=catalog,0,8148584606,On Sale,,,https://images1.vinted.net/t/05_001f2_wfMPNn4NYQ2Zq6CoxVh4PcUe/310x430/1770757968.webp?s=7a3378d6439eb7907d40bb053270970482c13906,1,1,
Prada America cup sneakers America’s cup,315.7,Prada,43,https://www.vinted.it/items/8148578957-prada-america-cup-sneakers-americas-cup?referrer=catalog,0,8148578957,On Sale,,,https://images1.vinted.net/t/06_00376_KRvq1MfjmGyYvPHimf5D79gK/310x430/1770757913.webp?s=93809e14827adb690b0b795fedbe662a890af352,1,1,
Fards à paupières multi-effets longue tenue Prada dimensions,74.2,Prada,0,https://www.vinted.it/items/8148578541-fards-a-paupieres-multi-effets-longue-tenue-prada-dimensions?referrer=catalog,0,8148578541,On Sale,,,https://images1.vinted.net/t/06_01e1c_AsVopzcrP6He7Y2aGHVeeBEM/310x430/1770757909.webp?s=56164efe29004e3f3c94da9b22f48563032bed90,1,1,
Bolso de mano,79.45,Agatha Ruiz de la Prada,0,https://www.vinted.it/items/8148577057-bolso-de-mano?referrer=catalog,0,8148577057,On Sale,,,https://images1.vinted.net/t/06_018cd_V4wPJtif6uGBHQaEpC44VQki/310x430/1770757894.webp?s=6a5eddc7b5619a6ecc181a9244e4b011e7eba60a,1,1,
Prada cups bleu,105.7,Prada,42,https://www.vinted.it/items/8148573105-prada-cups-bleu?referrer=catalog,0,8148573105,On Sale,,,https://images1.vinted.net/t/05_02184_7L9FHRij54jHSLcqmEuAz3pS/310x430/1770757855.webp?s=5dfeba08249f0d9cb770ff904c581aa3c0d4872f,1,1,
Gafas sol Prada,68.95,Prada,0,https://www.vinted.it/items/8148574126-gafas-sol-prada?referrer=catalog,0,8148574126,On Sale,,,https://images1.vinted.net/t/05_0242b_v5nF7Vg2QTM6oGqVeM1LKwSj/310x430/1770757865.webp?s=a417481ea098340232d23342db06bcaf639e96c1,1,1,
Relógios novos da agatha Ruiz de la prada,21.7,Agatha,Taglia unica,https://www.vinted.it/items/8148568362-relogios-novos-da-agatha-ruiz-de-la-prada?referrer=catalog,0,8148568362,On Sale,,,https://images1.vinted.net/t/01_01769_BvjsW8LrJsXeya5aWNdouSpQ/310x430/1770757809.webp?s=693832041b6b1b1e5ab6ed0828d611193c3f43ec,1,1,
prada cups,100.45,H&M,44,https://www.vinted.it/items/8148568142-prada-cups?referrer=catalog,1,8148568142,On Sale,,,https://images1.vinted.net/t/04_0102f_BA7eGm8g1wKBmtDCPUgk5ez6/310x430/1770757807.webp?s=44779b6b9894c559d78c734dd9d4b277bc53b39a,1,1,
felpa prada bianca,68.95,Prada,L,https://www.vinted.it/items/8148404724-felpa-prada-bianca?referrer=catalog,0,8148404724,On Sale,,,https://images1.vinted.net/t/04_0115a_3wpMjELiwBGpu8nogwa4azpX/310x430/1770756313.webp?s=885e46dbb9b274071b2990d271dc95b37ff27b7d,1,1,
Parfum Pradisme 10ml,13.3,Prada,0,https://www.vinted.it/items/8148528484-parfum-pradisme-10ml?referrer=catalog,0,8148528484,On Sale,,,https://images1.vinted.net/t/04_01c69_dCAEj8hSFg2KuC6NUZ2nusQm/310x430/1770757423.webp?s=4f3d959a460eef4d88eae19c63cd737addff98c7,1,1,
Parfum Paradoxe de Prada 50ml,74.2,Prada,0,https://www.vinted.it/items/8148513620-parfum-paradoxe-de-prada-50ml?referrer=catalog,0,8148513620,On Sale,,,https://images1.vinted.net/t/01_01281_e5tAxq8WJpWfd6LVkkxjPbaK/310x430/1770757285.webp?s=cc9e485ff64ca3f3fe491e2f985c21282f4ca563,1,1,
Prada Duft Set,20.65,Prada,0,https://www.vinted.it/items/8148513011-prada-duft-set?referrer=catalog,0,8148513011,On Sale,,,https://images1.vinted.net/t/05_00528_2cUUTyAvAiJdtVL6EMSTBc5v/310x430/1770757280.webp?s=db24fae7338e0a8f68e455007f4af4231d367f9b,1,1,
Prada Luna Rossa Ocean Parfum mini,21.65,Prada,0,https://www.vinted.it/items/8148510993-prada-luna-rossa-ocean-parfum-mini?referrer=catalog,0,8148510993,On Sale,,,https://images1.vinted.net/t/06_0078d_hFgbq2vuYb87EnRm6CqMpnXo/310x430/1770757261.webp?s=06dfd4628ed99db8e9e7e7ce52887154487eb24d,1,1,
Prada paradoxe,58.45,Prada,0,https://www.vinted.it/items/8148510323-prada-paradoxe?referrer=catalog,0,8148510323,On Sale,,,https://images1.vinted.net/t/06_00cdd_PTSoFFosN2gVE3aB467FP3Ad/310x430/1770757254.webp?s=e533bf57cb807b61d4a2d465a703c6b933422e32,1,1,
Colonia love  glam love Agatha Ruiz de la Prada,21.7,Agatha Ruiz de la Prada,0,https://www.vinted.it/items/8148509048-colonia-love-glam-love-agatha-ruiz-de-la-prada?referrer=catalog,0,8148509048,On Sale,,,https://images1.vinted.net/t/01_01e44_9dDQyc6Hdix1QZFqiaqbTDZQ/310x430/1770757242.webp?s=26e3a3a997b5966222977ff9ecba573f969f6572,1,1,
Prada America’s Cup,105.69,Prada,44,https://www.vinted.it/items/8148505487-prada-americas-cup?referrer=catalog,1,8148505487,On Sale,,,https://images1.vinted.net/t/06_01a70_TmErkP2aHpMaVgvrWLd1JHXR/310x430/1770757210.webp?s=cc3fa75bca35f2228ce01637bebef19da7eb88e2,1,1,
Tube de parfum Paradoxe de Prada pour sac à mains,19.6,Prada,0,https://www.vinted.it/items/8148490772-tube-de-parfum-paradoxe-de-prada-pour-sac-a-mains?referrer=catalog,0,8148490772,On Sale,,,https://images1.vinted.net/t/04_01440_kCH5jZEF7hLDdYdnQomiAfja/310x430/1770757076.webp?s=15bcfb7bc9b1ff36a305075cfb96107e9124af6a,1,1,
Bracciale Prada,137.2,Prada,0,https://www.vinted.it/items/8148489009-bracciale-prada?referrer=catalog,0,8148489009,On Sale,,,https://images1.vinted.net/t/06_0154b_gWH224NS7fk8RAmMWR9scDF8/310x430/1770757059.webp?s=8fe9dcabd0ca1dd07d4bd743cc1e8f51fc514f1f,1,1,
Prada Stivaletti Neri Pelle Plissettata,231.7,Prada,39.5,https://www.vinted.it/items/8148477816-prada-stivaletti-neri-pelle-plissettata?referrer=catalog,0,8148477816,On Sale,,,https://images1.vinted.net/t/01_01fc2_ZxeGqEDK3LR1ALyhZhX7G7JK/310x430/1770756960.webp?s=dea66e39759a5cb0112398f1f87cf9ecb3eade07,1,1,
Caja de regalo azul Prada,7.0,Prada,0,https://www.vinted.it/items/8148473589-caja-de-regalo-azul-prada?referrer=catalog,0,8148473589,On Sale,,,https://images1.vinted.net/t/01_000bf_7rGitunnNovAmC71KwuvXt3H/310x430/1770756921.webp?s=7cdc0dca40c87acae1bc2d9a48cee63cc1c15513,1,1,
La femme intense 50ml,52.15,Prada,0,https://www.vinted.it/items/8148048688-la-femme-intense-50ml?referrer=catalog,0,8148048688,On Sale,,,https://images1.vinted.net/t/03_01963_WFLpKjr4VhjmYJsEgosTLaUh/310x430/1770753445.webp?s=3bd160fbda5ccaede235b783fe2e2912e87f0fae,1,1,
Scatola occhiai Prada,8.05,Prada,0,https://www.vinted.it/items/8148444923-scatola-occhiai-prada?referrer=catalog,0,8148444923,On Sale,,,https://images1.vinted.net/t/01_00eeb_Vf1y5e77RaKTxAQ8dApWqKYa/310x430/1770756666.webp?s=83b8e6487a2d82f00980e9a04b080d87b708b5d9,1,1,
Scarpe eleganti nere da donna,205.45,Prada,37,https://www.vinted.it/items/8148444319-scarpe-eleganti-nere-da-donna-prada-modello-dnc700-taglia-37-con-scatola?referrer=catalog,0,8148444319,On Sale,,,https://images1.vinted.net/t/01_010a0_Fr8NC4xCoKuCyQqKb1dtMDDr/310x430/1770756661.webp?s=76eb93e2d9dada796ba7c992efa95f3e779bcc61,1,1,
Prada Körperpflege Set,16.45,Prada,0,https://www.vinted.it/items/8148443622-prada-korperpflege-set?referrer=catalog,0,8148443622,On Sale,,,https://images1.vinted.net/t/05_00453_w4DTXnnMHoJLdiUaB8kPhCcW/310x430/1770756654.webp?s=30670d30ae5c66c621de68592398a5b1e75ba942,1,1,
Prada Zusatztasche,11.2,Sonstiges,0,https://www.vinted.it/items/8148437110-prada-zusatztasche?referrer=catalog,0,8148437110,On Sale,,,https://images1.vinted.net/t/03_015b5_gDBppVQAVJVYSMqXExMc8mPE/310x430/1770756596.webp?s=5cb63a9e124c244754cf4ec9ab95d57d9637bad7,1,1,
monedero mujer,13.3,Agatha Ruiz de la Prada,0,https://www.vinted.it/items/8148436416-monedero-mujer?referrer=catalog,3,8148436416,On Sale,,,https://images1.vinted.net/t/05_01927_mx8vMJrUQ4bv6BYfX5ZuJK1D/310x430/1770756590.webp?s=b8c93c64abfb66b212f18f59fd69e6b33a30d17f,1,1,
Scarpe di Prada Nuove nere eleganti da donna: modello 1I282G. Taglia 37. Con scatola.,305.2,Prada,37,https://www.vinted.it/items/8148424792-scarpe-di-prada-nuove-nere-eleganti-da-donna-modello-1i282g-taglia-37-con-scatola?referrer=catalog,1,8148424792,On Sale,,,https://images1.vinted.net/t/06_010af_MQtzyhAi9uUazWp8dAWcfgCg/310x430/1770756488.webp?s=db85f8c4d5135e98dc18ceaa7bb666b09abede94,1,1,
cappellino re-nylon PRADA,389.2,Prada,M,https://www.vinted.it/items/8148418704-cappellino-re-nylon-prada?referrer=catalog,0,8148418704,On Sale,,,https://images1.vinted.net/t/01_02212_XtV4UfXYYjjxmYCQcpqtbeQc/310x430/1770756436.webp?s=80f7ee3822d2703bd795db9a56eb6fbcdc85b347,1,1,
Prada,131.95,Prada,0,https://www.vinted.it/items/8148417778-prada?referrer=catalog,0,8148417778,On Sale,,,https://images1.vinted.net/t/04_005bf_FiGojsch3Xt7iuEzcR1jwRY8/310x430/1770756428.webp?s=a887636b29db76cfe6803bac038c5a435abed0c1,1,1,
Occhiali da sole Prada.,84.7,Prada,0,https://www.vinted.it/items/8148378782-occhiali-da-sole-prada?referrer=catalog,12,8148378782,On Sale,,,https://images1.vinted.net/t/05_00580_JoRYuP32yqDpYDvoWtwfAyAQ/310x430/1770756094.webp?s=f5b907b92f47506fc2c2ab599c8933405956d6f6,1,1,
Prada bonnie Medium new,1.428,No brand,0,https://www.vinted.it/items/8148382893-prada-bonnie-medium-new?referrer=catalog,1,8148382893,On Sale,,,https://images1.vinted.net/t/05_0168d_4UgqS97SAz5Whq7txeaGP4Lt/310x430/1770756128.webp?s=b58019f2363784913c1cef039f6cdce758a8a417,1,1,
Prada doop,11.2,Sonstiges,M / IT 42 / EU 38,https://www.vinted.it/items/8148355142-prada-doop?referrer=catalog,0,8148355142,On Sale,,,https://images1.vinted.net/t/03_01671_n1WdtfHx4NRfHsVWNsShQ8AU/310x430/1770755897.webp?s=800fe45dd01da7a86827d599e72d76158afa162c,1,1,
Prada Cardholder / Kartentui,21.7,Sonstiges,0,https://www.vinted.it/items/8148329414-prada-cardholder-kartentui?referrer=catalog,0,8148329414,On Sale,,,https://images1.vinted.net/t/05_01de7_NYpb8CcCUd2NdUhCva269FLj/310x430/1770755684.webp?s=4537d314b9c2b305a8dadba77cd9e14b57ea9d44,1,1,
Paradoxe Prada,41.13,Prada,0,https://www.vinted.it/items/8148328986-paradoxe-prada?referrer=catalog,1,8148328986,On Sale,,,https://images1.vinted.net/t/04_002b1_9Vz7VDFX1Hr1KXF4h6veZJK9/310x430/1770755680.webp?s=c3e52dec6f695a49b6efa340bbdb306b6bc169f7,1,1,
Tuerto,6.48,No brand,0,https://www.vinted.it/items/8145286776-tuerto-maldito-y-enamorado?referrer=catalog,0,8145286776,On Sale,,,https://images1.vinted.net/t/04_0172b_x7sFaxdEhNRRRQrRvqJUPriL/310x430/1770733875.webp?s=9159a216bb58e50675c3d83a4472332383188621,1,4,
