Title,Price,Brand,Size,Link,Likes,Dataid,MarketStatus,SearchDate,Images,SearchCount,Page
Azzaro the most Wanted Intense - EDP 100ml,42.7,Azzaro,0,https://www.vinted.it/items/6605948563-azzaro-the-most-wanted-intense-edp-100ml?referrer=catalog,9,6605948563,Sold,,https://images1.vinted.net/t/04_0052d_n34rTecHjuUrgxVCdvgnr2M6/310x430/1751372631.jpeg?s=d12b946f5b7ed1a234af59693ef4b93474bc1aa3,1,1
Azzaro the most wanted men's pefume,37.45,Azzaro,0,https://www.vinted.it/items/6605729044-azzaro-the-most-wanted-mens-pefume?referrer=catalog,2,6605729044,On Sale,03/07/2025 11:03:44,https://images1.vinted.net/t/02_020e9_TY35UtTfmW6nYwjgTgD89Q2s/310x430/1751370323.jpeg?s=aee9acff764dbe1d1fe5888044d35fa4806aa323,1,1
Perfume Azzaro the most wanted parfum 100ml,37.45,Azzaro,0,https://www.vinted.it/items/6500388580-perfume-azzaro-the-most-wanted-parfum-100ml?referrer=catalog,2,6500388580,On Sale,03/07/2025 11:03:44,https://images1.vinted.net/t/03_00ee5_x7QTpJTaPntBvFaxdeVqgrFF/310x430/1750897484.jpeg?s=3fbd74ce461578a3857f4c48cc0bbf0d24b711f8,1,1
(LEGIT) Jean Paul Gaultier Le Male Elixir Absolu 125ml NUOVO,82.5,Jean Paul Gaultier,0,https://www.vinted.it/items/6591989271-legit-jean-paul-gaultier-le-male-elixir-absolu-125ml-nuovo?referrer=catalog,6,6591989271,On Sale,03/07/2025 11:03:44,https://images1.vinted.net/t/03_01753_RnwQ3XrbuamLN9omgR8Cye8M/310x430/1751132278.jpeg?s=0b5a5bdb8449ce7ddc63a68a0d09aaba487c5b62,1,1
The most wanted,53.2,Azzaro,0,https://www.vinted.it/items/6602760109-the-most-wanted?referrer=catalog,1,6602760109,On Sale,03/07/2025 11:03:44,https://images1.vinted.net/t/03_001bc_Vnq8kbJhSRPjofLYTaPbV8gn/310x430/1751305252.jpeg?s=7507af146c18a00eaff297e74fda40f630e82d71,1,1
Parfum homme Azzaro the most wanted 100ml,63.7,Wanted,0,https://www.vinted.it/items/6601743512-parfum-homme-azzaro-the-most-wanted-100ml?referrer=catalog,1,6601743512,On Sale,03/07/2025 11:03:44,https://images1.vinted.net/t/04_003bd_XySy6YVShVVHnh1Uxqz5or8C/310x430/1751295531.jpeg?s=7ca68296d1b2952a48befe18de3eaee7b1407850,1,1
Azzaro the most wanted intense,4.9,Azzaro,0,https://www.vinted.it/items/6601704708-azzaro-the-most-wanted-intense?referrer=catalog,0,6601704708,On Sale,03/07/2025 11:03:44,https://images1.vinted.net/t/01_0214f_72yB5zqG249KXYFnzNWt1Jpa/310x430/1751295153.jpeg?s=69bdcda13b2949b1abcba7183d25be5828175b31,1,1
The Most Wanted Azzaro 100ml,53.2,Azzaro,0,https://www.vinted.it/items/6601694806-the-most-wanted-azzaro-100ml?referrer=catalog,11,6601694806,On Sale,03/07/2025 11:03:44,https://images1.vinted.net/t/02_0073a_B3sENZrcwJgJckRZizd8BZz2/310x430/1751295056.jpeg?s=1d6f36f521363ffb326e7a03c5dd984e80fc6056,1,1
Parfum Azzaro the Most Wanted 100ml,63.7,Azzaro,0,https://www.vinted.it/items/6600162618-parfum-azzaro-the-most-wanted-100ml?referrer=catalog,3,6600162618,On Sale,03/07/2025 11:03:44,https://images1.vinted.net/t/03_018a3_WbDvW7H3BrW6pxRBaGF8ycVB/310x430/1751280060.jpeg?s=ec36551e72eb0ad0bb80314bd9c957e0aa2d37fd,1,1
Parfum Azzaro The Most Wanted,74.2,Azzaro,0,https://www.vinted.it/items/6595112335-parfum-azzaro-the-most-wanted?referrer=catalog,1,6595112335,On Sale,03/07/2025 11:03:44,https://images1.vinted.net/t/04_0098f_1TN7d5cXzFMBa1xFZnB8prwv/310x430/1751198014.jpeg?s=543056d034aaeda427a072ddd29bb489edd9dd3d,1,1
"The Most Wanted ""Intense 100ml",55.3,Azzaro,0,https://www.vinted.it/items/6594757724-the-most-wanted-intense-100ml?referrer=catalog,4,6594757724,On Sale,03/07/2025 11:03:44,https://images1.vinted.net/t/01_01fb6_sVsMAe78Uud8yoUJ2T53oTZY/310x430/1751195003.jpeg?s=b59213b0fef70963e2af4ea329570dc2f1f09e3d,1,1
Parfum Azzaro the most wanted 100ml.,53.2,Azzaro,0,https://www.vinted.it/items/6593781835-parfum-azzaro-the-most-wanted-100ml?referrer=catalog,6,6593781835,On Sale,03/07/2025 11:03:44,https://images1.vinted.net/t/02_00ba4_4GA2Q7tC3ajyWq4CfW8YJjWJ/310x430/1751186579.jpeg?s=f6bf95ff56b7651c21705e94094698361a84afb1,1,1
"Parfum The Most Wanted version ""Parfum"" Azzaro 100
ml",59.5,Azzaro,0,https://www.vinted.it/items/6592600600-parfum-the-most-wanted-version-parfum-azzaro-100-ml?referrer=catalog,29,6592600600,Sold,02/07/2025 07:10:57,https://images1.vinted.net/t/02_00e09_gjnbKgQTaNUvD31u4E6WNgZU/310x430/1751140360.jpeg?s=ef56ddc266441f319b20d13e5e052b4fededb03d,1,1
Perfumes,606.0,No brand,0,https://www.vinted.it/items/6591446753-perfumes?referrer=catalog,0,6591446753,On Sale,03/07/2025 11:03:44,https://images1.vinted.net/t/03_009fa_DvZMRoBmh9RjVdr1kkVpGivM/310x430/1751126466.jpeg?s=3cf12ad1adc8c6fa54c029d7b681eeda81087d66,1,1
The most wanted parfum100ml,55.3,Azzaro,0,https://www.vinted.it/items/6590985951-the-most-wanted-parfum100ml?referrer=catalog,1,6590985951,On Sale,03/07/2025 11:03:44,https://images1.vinted.net/t/01_019de_NA88jCTV9zXxPSQkmndR7ix9/310x430/1751122019.jpeg?s=46528ae55959f5006f8e110b5ef25488d9531ac8,1,1
Azzaro the most wanted 100ml,58.45,Azzaro,0,https://www.vinted.it/items/6589391792-azzaro-the-most-wanted-100ml?referrer=catalog,2,6589391792,On Sale,03/07/2025 11:03:44,https://images1.vinted.net/t/02_0013d_dH9YdE3afu9nE75Do1U8HiW2/310x430/1751106699.jpeg?s=ce6c2d917c0131f81885e7d7f8f599f36b65cd7e,1,1
Azzaro the most wanted,63.7,Azzaro,0,https://www.vinted.it/items/6589380726-azzaro-the-most-wanted?referrer=catalog,2,6589380726,On Sale,03/07/2025 11:03:44,https://images1.vinted.net/t/02_0001b_rmyPeeSrnfVZZMmCoPyNpdAs/310x430/1751106591.jpeg?s=f2b2c5ff5fac704c350ba99f3feeb80a953a7cb4,1,1
The Most Wanted Parfum Azzaro muestra 5ml,8.05,Azzaro,0,https://www.vinted.it/items/6586325913-the-most-wanted-parfum-azzaro-muestra-5ml?referrer=catalog,4,6586325913,On Sale,03/07/2025 11:03:44,https://images1.vinted.net/t/02_0221e_X2jxr5AerU9y7L6Fm6DsKnDE/310x430/1751039661.jpeg?s=0119bdb3cdf432c217a9fb1c7819c5e676762bd4,1,1
Azzaro The Most Wanted Parfum,74.2,Azzaro,0,https://www.vinted.it/items/6586140856-azzaro-the-most-wanted-parfum?referrer=catalog,1,6586140856,On Sale,03/07/2025 11:03:44,https://images1.vinted.net/t/04_006b0_uxpspFewLFjTRRrELyq9Jdqk/310x430/1751037753.jpeg?s=dee927672f4d0528cfd941d6690faeefc902c279,1,1
The most wanted parfum 100ml,55.3,Azzaro,0,https://www.vinted.it/items/6585110847-the-most-wanted-parfum-100ml?referrer=catalog,2,6585110847,On Sale,03/07/2025 11:03:44,https://images1.vinted.net/t/04_0155f_31QuPsK6LVwY3CzJyvYhk2en/310x430/1751027178.jpeg?s=104408828cef45400d17a4795b434ec48627d86e,1,1
Wanted the most Homme - 50ml,53.2,Azzaro,0,https://www.vinted.it/items/6581998867-wanted-the-most-homme-50ml?referrer=catalog,3,6581998867,On Sale,03/07/2025 11:03:44,https://images1.vinted.net/t/01_0053f_EJgbmNHo4HDXWhHLnoZKX5k1/310x430/1750960814.jpeg?s=bac0748ee86ac119a4e6874c8dcb405e68063d29,1,1
Azzaro The Most Wanted Parfum Intense 50ml,44.14,Azzaro,0,https://www.vinted.it/items/6577809155-azzaro-the-most-wanted-parfum-intense-50ml?referrer=catalog,2,6577809155,On Sale,03/07/2025 11:03:44,https://images1.vinted.net/t/04_01275_3DA3J3BJdhr7Ft88bhgUGVEA/310x430/1750889702.jpeg?s=c2abaf6d2318c334a4b5f21e7936897bbd083a37,1,1
Azzoro the most wanted parfum 50ml,26.95,Azzaro,0,https://www.vinted.it/items/6576034087-azzoro-the-most-wanted-parfum-50ml?referrer=catalog,9,6576034087,On Sale,03/07/2025 11:03:44,https://images1.vinted.net/t/03_01140_ELAjZW1eV8j8g4jNBTsEGTEv/310x430/1750868875.jpeg?s=26b951098da6b5ad0a545178437163dd54719e56,1,1
"""Seductor Nocturno"" pack 10ml",24.85,Azzaro,0,https://www.vinted.it/items/6572294015-seductor-nocturno-pack-10ml?referrer=catalog,3,6572294015,On Sale,03/07/2025 11:03:44,https://images1.vinted.net/t/01_0068f_yqq27NEkqEVqLdHzyRWzJyjA/310x430/1750808561.jpeg?s=2049706ade87b19c1b8ef74de6045f5d3f812710,1,1
"""Dulce y potente"" pack 10ml",24.85,Azzaro,0,https://www.vinted.it/items/6572286670-dulce-y-potente-pack-10ml?referrer=catalog,0,6572286670,On Sale,03/07/2025 11:03:44,https://images1.vinted.net/t/04_00dd0_PimTAN4AYqssN1ADkczn4e8Y/310x430/1750807831.jpeg?s=b5aba05e83896d1705e80e7a6c36524fa48c6e3c,1,1
Azarro the most wanted,11.2,Endurance,0,https://www.vinted.it/items/6571948711-azarro-the-most-wanted?referrer=catalog,0,6571948711,On Sale,03/07/2025 11:03:44,https://images1.vinted.net/t/03_00f4b_zbagjonCvTJwBeP8XNFixN4M/310x430/1750798046.jpeg?s=75fb1ea73d07e0129773784d4015d979bf40f6f2,1,1
Parfum azzaro the most wanted,58.45,Wanted,0,https://www.vinted.it/items/6569632807-parfum-azzaro-the-most-wanted?referrer=catalog,2,6569632807,On Sale,03/07/2025 11:03:44,https://images1.vinted.net/t/03_00cfe_2wbZ7WrFFFwddnVy6az71Qts/310x430/1750776963.jpeg?s=5cd0575e3cfaa6e9630975166e11b232e3c581af,1,1
Flacon vide – Azzaro The Most Wanted – 50 ml vide,8.05,Azzaro,0,https://www.vinted.it/items/6568863718-flacon-vide-azzaro-the-most-wanted-50-ml-vide?referrer=catalog,4,6568863718,On Sale,03/07/2025 11:03:44,https://images1.vinted.net/t/03_00fe3_nfTrQsddLSGfoCsG81tBjTvh/310x430/1750770409.jpeg?s=2558ad9eed70d4ac03b7b1cbcf315d7268f7909c,1,1
Parfum Azzaro intense The Most Wanted 50ml,47.95,Azzaro,0,https://www.vinted.it/items/6565940534-parfum-azzaro-intense-the-most-wanted-50ml?referrer=catalog,3,6565940534,On Sale,03/07/2025 11:03:44,https://images1.vinted.net/t/02_0218b_86SRQNtoGwh1fCtGwpwtaYyt/310x430/1750710193.jpeg?s=2edb9f0511d2f06cafdf4030090ffe4c9e0af02b,1,1
Azzaro the most wanted eau de parfum intense 100 ml,68.95,Azzaro,0,https://www.vinted.it/items/6564269688-azzaro-the-most-wanted-eau-de-parfum-intense-100-ml?referrer=catalog,2,6564269688,On Sale,03/07/2025 11:03:44,https://images1.vinted.net/t/02_005d4_wqW9cbUedF1aBbjo5rhx3qv8/310x430/1750695570.jpeg?s=7f2a8437c23c462a6711d289c4302be435f65e34,1,1
The most wanted azzaro 100 ml,53.2,Azzaro,0,https://www.vinted.it/items/6562486793-the-most-wanted-azzaro-100-ml?referrer=catalog,13,6562486793,On Sale,03/07/2025 11:03:44,https://images1.vinted.net/t/01_001dc_GSXd8V6LWR46HVCaRh1nGdYZ/310x430/1750680751.jpeg?s=d47f353711de3f7a6e314a958b973595cead1202,1,1
Azzaro the most wanted,50.04,Azzaro,0,https://www.vinted.it/items/6561968071-azzaro-the-most-wanted?referrer=catalog,2,6561968071,On Sale,03/07/2025 11:03:44,https://images1.vinted.net/t/01_00215_qCj8rs7d3Mncig9vqkUkkiUP/310x430/1750675996.jpeg?s=3555694ddbc092f2ea64a8e15473f21c0a807734,1,1
Cofre azzaro the most wanted,47.95,Azzaro,0,https://www.vinted.it/items/6559568066-cofre-azzaro-the-most-wanted?referrer=catalog,16,6559568066,On Sale,03/07/2025 11:03:44,https://images1.vinted.net/t/03_0024d_tf63NfGZ39J4jY1YjgKuH4qd/310x430/1750618966.jpeg?s=4eb16954b71fb24902c903392f95d1941570cbeb,1,1
Azzaro the most wanted,63.7,Azzaro,0,https://www.vinted.it/items/6557185447-azzaro-the-most-wanted?referrer=catalog,1,6557185447,On Sale,03/07/2025 11:03:44,https://images1.vinted.net/t/03_02663_4yPbkFTDKgg7wbU2NDrMurd2/310x430/1750601567.jpeg?s=312c184a6e23c68a54ed399d5227c75e8a674674,1,1
Parfum Azzaro the most wanted 50 ml,32.2,Azzaro,0,https://www.vinted.it/items/6552316030-parfum-azzaro-the-most-wanted-50-ml?referrer=catalog,5,6552316030,On Sale,03/07/2025 11:03:44,https://images1.vinted.net/t/04_01299_P8qPR2CtgThiBCGgnDc8gDEd/310x430/1750520614.jpeg?s=5094003cce619c7afc39994c0032389603f944e2,1,1
Parfum Azzaro the most Wanted 100ml,79.45,Azzaro,0,https://www.vinted.it/items/6550628315-parfum-azzaro-the-most-wanted-100ml?referrer=catalog,1,6550628315,On Sale,03/07/2025 11:03:44,https://images1.vinted.net/t/02_007a4_dW1NwiptwbutZA1Pg6D7eLS3/310x430/1750504062.jpeg?s=0f9a4cf07f59c58c2deb9a0a848d75b9fa9692f2,1,1
Parfum azzaro the most wanted,62.65,Azzaro,0,https://www.vinted.it/items/6547505443-parfum-azzaro-the-most-wanted?referrer=catalog,1,6547505443,Sold,02/07/2025 07:10:57,https://images1.vinted.net/t/01_02219_3HfS384eF5tygb1PcNHG27Y9/310x430/1750435696.jpeg?s=29505621705a47a4cc4e01d5f2f21bd5a9117d0f,1,1
Azzaro The most Wanted Parfum Herrenparfüm,41.65,Azzaro,0,https://www.vinted.it/items/6543066897-azzaro-the-most-wanted-parfum-herrenparfum?referrer=catalog,13,6543066897,On Sale,03/07/2025 11:03:44,https://images1.vinted.net/t/02_00105_HqhCbzBcaR6oqivhTfo6DDo7/310x430/1750354766.jpeg?s=803e1ce4d0f0677150b98a936985cb7bb1160e8d,1,1
Perfume azzaro the most wanted,21.7,Azzaro,0,https://www.vinted.it/items/6536945751-perfume-azzaro-the-most-wanted?referrer=catalog,2,6536945751,On Sale,03/07/2025 11:03:44,https://images1.vinted.net/t/03_02019_nxUq57edNW2jUE6H8ZmirMGa/310x430/1750261425.jpeg?s=a752d1a46e1c7d451365e615f17a31e82e32cb68,1,1
Cofre de perfume Azzaro The Most Wanted anted,49.0,Azzaro,0,https://www.vinted.it/items/6536748577-cofre-de-perfume-azzaro-the-most-wanted-anted?referrer=catalog,24,6536748577,On Sale,03/07/2025 11:03:44,https://images1.vinted.net/t/02_011e3_jSjA7FV3cSa5QD7dTx7rfS6W/310x430/1750259528.jpeg?s=ba27214c98280358a2888dc2d2afb4dd357d6387,1,1
Azzaro the most wanted eau de toilette,58.45,Azzaro,0,https://www.vinted.it/items/6535020294-azzaro-the-most-wanted-eau-de-toilette-50-ml?referrer=catalog,1,6535020294,On Sale,03/07/2025 11:03:44,https://images1.vinted.net/t/02_01eff_kQusXetksaQNUzbt75UbafJu/310x430/1750242616.jpeg?s=571f16f946071c08009fb94c3dbf749738cf3a8e,1,1
Perfume hombre,11.2,Azzaro,0,https://www.vinted.it/items/6533974865-perfume-hombre?referrer=catalog,5,6533974865,On Sale,03/07/2025 11:03:44,https://images1.vinted.net/t/03_002e9_EXT1XQY7XqXACamv4agnJo7i/310x430/1750229954.jpeg?s=de45469c2b706bbc5020e9b0ca4ffe777fe7a619,1,1
Ensemble Trousse Azzaro + Spray 10ml The most Wanted,26.95,Azzaro,0,https://www.vinted.it/items/6530730332-ensemble-trousse-azzaro-spray-10ml-the-most-wanted?referrer=catalog,2,6530730332,On Sale,03/07/2025 11:03:44,https://images1.vinted.net/t/03_00fd5_FgZP6KXmkjx8cgbQdSYEYMD2/310x430/1750168781.jpeg?s=a9709f2e325f97b33dd0fbae04a671af4103f3f6,1,1
Azzaro The Most Wanted EDP Intense 100 ml,79.45,Azzaro,0,https://www.vinted.it/items/6528870253-azzaro-the-most-wanted-edp-intense-100-ml?referrer=catalog,2,6528870253,On Sale,03/07/2025 11:03:44,https://images1.vinted.net/t/03_020be_DA5oXkT7CgLsicVC2dpWpFng/310x430/1750150634.jpeg?s=47d5558b1d04ea2825e59051489de67c16d2db64,1,1
Perfume Azzaro The Most Wanted,53.2,Azzaro,0,https://www.vinted.it/items/6528823707-perfume-azzaro-the-most-wanted?referrer=catalog,1,6528823707,On Sale,03/07/2025 11:03:44,https://images1.vinted.net/t/03_01589_CWxG9P97dVBx9t15pZmQafeW/310x430/1750150124.jpeg?s=e283272ff3fd205b81150e7d4c469ce4ee5054d4,1,1
Azzaro the most wanted,76.3,Azzaro,0,https://www.vinted.it/items/6526003577-azzaro-the-most-wanted?referrer=catalog,0,6526003577,On Sale,03/07/2025 11:03:44,https://images1.vinted.net/t/01_000ff_denN5seRLwfzJ6D4BynsPpMy/310x430/1750091775.jpeg?s=865953cea61f38988218176045d805d701891961,1,1
Perfume Azzaro The Most Wanted,42.69,Azzaro,0,https://www.vinted.it/items/6525855780-perfume-azzaro-the-most-wanted?referrer=catalog,2,6525855780,Sold,03/07/2025 08:57:22,https://images1.vinted.net/t/02_011e1_xjCtQT1Mprj5qJe7oSjAVC2M/310x430/1750090562.jpeg?s=1915d03e2fcb09f31a4487bfa2548c2c3a8b2a9f,1,1
Parfum homme Azzaro The Most Wanted,74.2,Azzaro,0,https://www.vinted.it/items/6514947839-parfum-homme-azzaro-the-most-wanted?referrer=catalog,2,6514947839,On Sale,03/07/2025 11:03:44,https://images1.vinted.net/t/02_01002_jYcEpCAxWNq6PFpdjq4nKKXR/310x430/1749932157.jpeg?s=ae073398a758f93cf66918d33ae66fc2b767467a,1,1
Azzaro The Most Wanted Parfum,11.2,Azzaro,0,https://www.vinted.it/items/6513062539-azzaro-the-most-wanted-parfum?referrer=catalog,4,6513062539,On Sale,03/07/2025 11:03:44,https://images1.vinted.net/t/02_00083_ysbapAr81tCX3BachhttiyTc/310x430/1749911959.jpeg?s=681d89ff2261efde484693b52284ce18c6dd9b9b,1,1
Parfum homme 50ml 9,0.0,ONLY,0,https://www.vinted.it/items/6511799171-parfum-homme-50ml-999eu?referrer=catalog,0,6511799171,On Sale,03/07/2025 11:03:44,https://images1.vinted.net/t/03_021c3_brTBejKvL6EievtV8m9rD651/310x430/1749900375.jpeg?s=b778c12fdcaa3901c8c0b29d3dd5233dc3ab0110,1,1
Azzaro The most wanted,13.2,Azzaro,0,https://www.vinted.it/items/6510566302-azzaro-the-most-wanted?referrer=catalog,9,6510566302,On Sale,03/07/2025 11:03:44,https://images1.vinted.net/t/03_01f4e_m8HQq8oFSbSKwx59fRRgcoVw/310x430/1749887222.jpeg?s=714f1d3f9f849d8506d1f704f858c89c73eb34d6,1,1
Azzaro The Most Wanted,55.3,Azzaro,0,https://www.vinted.it/items/6508381142-azzaro-the-most-wanted?referrer=catalog,3,6508381142,On Sale,03/07/2025 11:03:44,https://images1.vinted.net/t/04_013ad_QBoWQamNbNdUk1V5S91gZprd/310x430/1749829309.jpeg?s=e271b19486d17faece3dbe59bd948609ee031be1,1,1
Azzaro the most wanted edp 100ml remplie,95.2,Azzaro,0,https://www.vinted.it/items/6506661020-azzaro-the-most-wanted-edp-100ml-remplie?referrer=catalog,1,6506661020,On Sale,03/07/2025 11:03:44,https://images1.vinted.net/t/03_0099d_RAdATzXt3wZyboKZXmK4FJk8/310x430/1749810265.jpeg?s=59c0d67af6b53a2e668dcecc28c016c03fc2154e,1,1
Azzaro the most wanted eau de parfum intense,89.95,Azzaro,0,https://www.vinted.it/items/6504235388-azzaro-the-most-wanted-eau-de-parfum-intense?referrer=catalog,2,6504235388,On Sale,03/07/2025 11:03:44,https://images1.vinted.net/t/02_01286_9WmPyQtR4zAE5CFmECscfwxQ/310x430/1749751440.jpeg?s=9705ce629be6ab770cfaadb672593de929da5c5a,1,1
Azzaro The Most Wanted,53.2,Azzaro,0,https://www.vinted.it/items/6498262641-azzaro-the-most-wanted?referrer=catalog,2,6498262641,On Sale,03/07/2025 11:03:44,https://images1.vinted.net/t/04_00d56_fWz1m3cJK78VsZLks71TNTXY/310x430/1749659568.jpeg?s=6cb7beb31eadf3880413f831ff43ab8c5b742043,1,1
Azzaro the most wanted parfum,47.95,Azzaro,0,https://www.vinted.it/items/6495322775-azzaro-the-most-wanted-parfum?referrer=catalog,8,6495322775,On Sale,03/07/2025 11:03:44,https://images1.vinted.net/t/02_00e4f_Kdm287oTDD9xyt8mDNZYtiQW/310x430/1749632188.jpeg?s=e0c89251ae0f321d25f89e6404b19bdeb40404f1,1,1
The most Wanted Azzaro,72.1,Azzaro,0,https://www.vinted.it/items/6492110838-the-most-wanted-azzaro?referrer=catalog,1,6492110838,On Sale,03/07/2025 11:03:44,https://images1.vinted.net/t/02_0080d_3Vf5Dv9fEiuqAuTG4GxqkTQP/310x430/1749569940.jpeg?s=7ed11dd109116a33fdc292eaee80ee9ec393d9e0,1,1
Azzaro The Most Wanted - PARFUM - 100 ml,89.95,Azzaro,0,https://www.vinted.it/items/6481662840-azzaro-the-most-wanted-parfum-100-ml?referrer=catalog,1,6481662840,On Sale,03/07/2025 11:03:44,https://images1.vinted.net/t/02_010db_KZUqSoFYzqvetheVnCMNSek2/310x430/1749424524.jpeg?s=e91f3f5882a8c2f0e0b8001433f558b12353c7e0,1,1
Azzaro the most wanted eau de parfum 50ml,53.2,Azzaro,0,https://www.vinted.it/items/6469338051-azzaro-the-most-wanted-eau-de-parfum-50ml?referrer=catalog,17,6469338051,On Sale,03/07/2025 11:03:44,https://images1.vinted.net/t/03_00be8_KSQ5LsARBSeeRHDMW6ogYQkS/310x430/1749292755.jpeg?s=b60b1f7da0ff02771169b3e364994a8bbe216f2f,1,1
The most wanted Azzaro,74.2,Azzaro,0,https://www.vinted.it/items/6456995698-the-most-wanted-azzaro?referrer=catalog,1,6456995698,On Sale,03/07/2025 11:03:44,https://images1.vinted.net/t/03_02356_DnEBg2w4BtrpBrHzhPRyMhqv/310x430/1749075755.jpeg?s=deb596773c7b061aa4fd44f902f1e2c5af58e455,1,1
Miniature the most wanted,16.45,Azzaro,0,https://www.vinted.it/items/6456754328-miniature-the-most-wanted?referrer=catalog,8,6456754328,On Sale,03/07/2025 11:03:44,https://images1.vinted.net/t/04_00363_Fg5SzDGpGxnYRtYYLgZ8oY3c/310x430/1749070393.jpeg?s=f0130d333d688a74d598ad5b0bbedf917cabb511,1,1
Parfum azzaro the most wanted,53.2,Azzaro,0,https://www.vinted.it/items/6451142007-parfum-azzaro-the-most-wanted?referrer=catalog,8,6451142007,On Sale,03/07/2025 11:03:44,https://images1.vinted.net/t/03_00b51_ks25q9NH8GD1fhZEfC9dotoB/310x430/1748992110.jpeg?s=44fc7bdf928a74cff3915f8137833e93f862863b,1,1
Azzaro the most wanted edp intense set,75.25,Azzaro,0,https://www.vinted.it/items/6439913741-azzaro-the-most-wanted-edp-intense-set?referrer=catalog,2,6439913741,On Sale,03/07/2025 11:03:44,https://images1.vinted.net/t/01_02443_MFDNUKv6YzZ5emZQXLQaqKNm/310x430/1748942999.jpeg?s=2a9691939ae47f6d9f42ec57f9d6663f5740facc,1,1
Parfum azzaro the most wanted intense,58.45,Azzaro,0,https://www.vinted.it/items/6440303623-parfum-azzaro-the-most-wanted-intense?referrer=catalog,3,6440303623,On Sale,03/07/2025 11:03:44,https://images1.vinted.net/t/01_015bf_R622HpJMFh7Knvqv8whCufpX/310x430/1748858425.jpeg?s=9bbf32470c69a64650e0568994307bbf1dceac74,1,1
Parfum the most wanted Azzaro,63.7,Azzaro,0,https://www.vinted.it/items/6439182821-parfum-the-most-wanted-azzaro?referrer=catalog,4,6439182821,On Sale,03/07/2025 11:03:44,https://images1.vinted.net/t/01_00858_WRPQZCdJuGfMSZqQYT8AmyTJ/310x430/1748839219.jpeg?s=fcd30dcdeca61746ca3d54257041d4e46a1411ce,1,1
Azzaro The Most Wanted Eau de Parfum Intense 100ml,84.7,Azzaro,0,https://www.vinted.it/items/6437956062-azzaro-the-most-wanted-eau-de-parfum-intense-100ml?referrer=catalog,3,6437956062,On Sale,03/07/2025 11:03:44,https://images1.vinted.net/t/02_0128f_uQZZrkYR3dSnxupknF4qooZo/310x430/1748803481.jpeg?s=bac74b05e218e1fa627f04a295cc0bbab273c7c7,1,1
Azzaro 100ml the most wanted Männer Parfüm,53.2,Azzaro,0,https://www.vinted.it/items/6432536950-azzaro-100ml-the-most-wanted-manner-parfum?referrer=catalog,0,6432536950,On Sale,03/07/2025 11:03:44,https://images1.vinted.net/t/01_025a8_6YPs4GqmYhq2DJhnYsASAmmS/310x430/1748769103.jpeg?s=e4111144cd10e1e031d905c90d4b9dbb81e4ca8e,1,1
Parfum Azzaro The Most Wanted Intense,58.45,Azzaro,0,https://www.vinted.it/items/6425722265-parfum-azzaro-the-most-wanted-intense?referrer=catalog,1,6425722265,On Sale,03/07/2025 11:03:44,https://images1.vinted.net/t/03_01697_ZJ2KdGLnhs3g35tUEtFw9JF4/310x430/1748637447.jpeg?s=ffa201b419652b71a12ec4f9f5410e9ad9488565,1,1
Parfum Azzaro the most wanted parfum 100mL,63.7,Azzaro,0,https://www.vinted.it/items/6424100337-parfum-azzaro-the-most-wanted-parfum-100ml?referrer=catalog,2,6424100337,On Sale,03/07/2025 11:03:44,https://images1.vinted.net/t/02_00c7e_C6xEVM9CajYgCZVcRbw9epcf/310x430/1748619829.jpeg?s=a26c000ed760a0fd0fd1976977ef8e06df24e975,1,1
Azzaro The Most Wanted Parfum - Nuovo,19.5,Azzaro,0,https://www.vinted.it/items/6418897164-azzaro-the-most-wanted-parfum-nuovo?referrer=catalog,5,6418897164,On Sale,03/07/2025 11:03:44,https://images1.vinted.net/t/02_008d7_2wGzXx13kk47JPi15Dd8SyKi/310x430/1748537486.jpeg?s=08cdd3bd766fa9b49956b4f52333fdcbaff91c96,1,1
Azzaro the Most Wanted Intense/ Abfüllung 2ml,61.6,Azzaro,0,https://www.vinted.it/items/6411001385-azzaro-the-most-wanted-intense-abfullung-2ml5ml10ml?referrer=catalog,3,6411001385,On Sale,03/07/2025 11:03:44,https://images1.vinted.net/t/04_00f95_sCoGUGLxADcL7u9dzRiudTfr/310x430/1748438221.jpeg?s=eeab839fcc5d0be51cf5bf6a21b34a241694c944,1,1
Azzaro the most wanted parfum,89.95,Azzaro,0,https://www.vinted.it/items/6409879065-azzaro-the-most-wanted-parfum?referrer=catalog,1,6409879065,On Sale,03/07/2025 11:03:44,https://images1.vinted.net/t/03_016a6_x7N9VynJGF2U39AyJxArYZYv/310x430/1748427683.jpeg?s=54a3a96fafd9141b14eaf41d9672661e2b82d54c,1,1
3 Parfums the most Wanted Azzaro,29.05,Azzaro,0,https://www.vinted.it/items/6409287826-3-parfums-the-most-wanted-azzaro?referrer=catalog,2,6409287826,On Sale,03/07/2025 11:03:44,https://images1.vinted.net/t/04_01bcb_xcFLuLAJdfWtKgUsb91GUxqH/310x430/1748421948.jpeg?s=49ad3c5c7ec062cc808f616875de0bc384f1bef7,1,1
Azzaro The Most Wanted 100ml Parfum Gift Set,84.7,Azzaro,0,https://www.vinted.it/items/6403774765-azzaro-the-most-wanted-100ml-parfum-gift-set?referrer=catalog,7,6403774765,On Sale,03/07/2025 11:03:44,https://images1.vinted.net/t/04_010dc_CrkMitcSaDXumchqF94kaVE5/310x430/1748339521.jpeg?s=029255fd5e020b7bb4ace9a2b8f5171f3d550797,1,1
Parfum the most wanted azzaro 50 ml,74.2,Azzaro,0,https://www.vinted.it/items/6400199548-parfum-the-most-wanted-azzaro-50-ml?referrer=catalog,2,6400199548,On Sale,03/07/2025 11:03:44,https://images1.vinted.net/t/01_01a1f_XfMmS2RE1gTz6MivBQr3vMxv/310x430/1748275220.jpeg?s=3d615f67311de71dd082999b2d2f8693b58964f4,1,1
Azzaro The Most Wanted 100ml Parfüm,79.45,Azzaro,0,https://www.vinted.it/items/6398180489-azzaro-the-most-wanted-100ml-parfum?referrer=catalog,1,6398180489,On Sale,03/07/2025 11:03:44,https://images1.vinted.net/t/01_00b5c_JPEWBx3PQFV6JbtnBFCz6s2R/310x430/1748260550.jpeg?s=84f65231989056ac2acd3caab67ba0ba135e970c,1,1
Azzaro the most wanted parfum,89.95,Azzaro,0,https://www.vinted.it/items/6395644050-azzaro-the-most-wanted-parfum?referrer=catalog,1,6395644050,On Sale,03/07/2025 11:03:44,https://images1.vinted.net/t/01_013bf_VfLBETDcGM2pNFDwuNif4XLg/310x430/1748204358.jpeg?s=445f880bebec275a402c2e17556f07a318a5e4b8,1,1
Azzaro,53.2,Azzaro,0,https://www.vinted.it/items/6392042052-azzaro?referrer=catalog,4,6392042052,On Sale,03/07/2025 11:03:45,https://images1.vinted.net/t/04_01d7f_idqRoLXkCBphJ4Y6zptYEL6Q/310x430/1748180754.jpeg?s=13c859d1eed7ef57fb1abfdbc6e728696d69de58,1,1
Perfume Azzaro The most wanted,53.2,Azzaro,0,https://www.vinted.it/items/6389440836-perfume-azzaro-the-most-wanted?referrer=catalog,11,6389440836,On Sale,03/07/2025 11:03:45,https://images1.vinted.net/t/01_022ab_mUJvQLa6R1NTtpzxM6AaAsCU/310x430/1748163568.jpeg?s=2aece61d822b0108cad17d5bac07b63dd700c669,1,1
Azzaro The most wanted,100.45,Azzaro,0,https://www.vinted.it/items/6384673741-azzaro-the-most-wanted?referrer=catalog,0,6384673741,On Sale,03/07/2025 11:03:45,https://images1.vinted.net/t/03_01573_CUyMkmqyDXfM1qnwE1Azxo4c/310x430/1748088442.jpeg?s=9310dac16d3e3fd41b8e1bdf522412a73b31310e,1,1
The most wanted azzaro,63.7,Azzaro,0,https://www.vinted.it/items/6378882834-the-most-wanted-azzaro?referrer=catalog,2,6378882834,On Sale,03/07/2025 11:03:45,https://images1.vinted.net/t/04_0101f_Hy2ekQhuHcpKPpSPkNNnY1AZ/310x430/1747998643.jpeg?s=675c5df1741dd739e4b2c02894dd33c359a8b746,1,1
Azzaro The Most wanted,100.45,Azzaro,0,https://www.vinted.it/items/6378696608-azzaro-the-most-wanted?referrer=catalog,0,6378696608,On Sale,03/07/2025 11:03:45,https://images1.vinted.net/t/01_02547_H2zsHKUNyFU9wnLyTig4aemr/310x430/1747996654.jpeg?s=85591ddd354a6843c458bb85371892863f487b99,1,1
The Most Wanted Intense,74.2,Azzaro,0,https://www.vinted.it/items/6376963344-the-most-wanted-intense?referrer=catalog,1,6376963344,On Sale,03/07/2025 11:03:45,https://images1.vinted.net/t/04_0162f_EKYMWbcZF6zH6ccE4E9ZQ7fT/310x430/1747946122.jpeg?s=b8c2215bbfe663358331a21b41303f8efeed2630,1,1
Parfum Azzaro The Most Wanted,66.85,Azzaro,0,https://www.vinted.it/items/6375855091-parfum-azzaro-the-most-wanted?referrer=catalog,2,6375855091,On Sale,03/07/2025 11:03:45,https://images1.vinted.net/t/02_01756_ThTT8PPzRVCkouQnaaTv3rTf/310x430/1747934922.jpeg?s=1d321010df49543d33c9a53e10e8c54138cff05c,1,1
Perfume Árabe Original Asad Bourbon,48.9,Lattafa,0,https://www.vinted.it/items/6375603207-perfume-arabe-original-asad-bourbon?referrer=catalog,0,6375603207,On Sale,03/07/2025 11:03:45,https://images1.vinted.net/t/02_000d5_F7xfYxzcMmtWfiNwWmckmfH7/310x430/1747932697.jpeg?s=329255264d0e5b2cf7dd14d9e5a9f090e079dd20,1,1
Azzaro The Most Wanted,84.6,Azzaro,0,https://www.vinted.it/items/6365737036-azzaro-the-most-wanted?referrer=catalog,1,6365737036,On Sale,03/07/2025 11:03:45,https://images1.vinted.net/t/03_00429_PtnvAuoGUjoWejPNnbEAQyMQ/310x430/1747774328.jpeg?s=d1cb1414f8b6827799b1e2ab20c47b2a8c824388,1,1
Parfum the most wanted,95.2,Azzaro,0,https://www.vinted.it/items/6354030225-parfum-the-most-wanted?referrer=catalog,1,6354030225,On Sale,03/07/2025 11:03:45,https://images1.vinted.net/t/02_02294_D8VUozSfqELwjkr8xX5CsPT1/310x430/1747598634.jpeg?s=9d160560b38afec1bd371300ead771c76d9fda7b,1,1
The most wanted de Azzaro,63.7,Azzaro,0,https://www.vinted.it/items/6348138454-the-most-wanted-de-azzaro?referrer=catalog,12,6348138454,On Sale,03/07/2025 11:03:45,https://images1.vinted.net/t/01_01732_Y4TnXuCFtffPGHBqH4TT6CaB/310x430/1747561116.jpeg?s=161a72e08c187ad700b137fc0bb2eb16416ae649,1,1
Azzaro The Most Wanted - Eau de Parfum,84.7,Azzaro,0,https://www.vinted.it/items/6347930589-azzaro-the-most-wanted-eau-de-parfum?referrer=catalog,1,6347930589,On Sale,03/07/2025 11:03:45,https://images1.vinted.net/t/01_02300_PoDsgsRVH5Qq3StiVhrfWoRE/310x430/1747559641.jpeg?s=2662e511a5cf82c2e4ce97f3a4c1bd64aad0185c,1,1
Parfum Azzaro The Most Wanted sous blister,63.7,Azzaro,0,https://www.vinted.it/items/6338249735-parfum-azzaro-the-most-wanted-sous-blister?referrer=catalog,15,6338249735,On Sale,03/07/2025 11:03:45,https://images1.vinted.net/t/01_0181c_aTnSe3XgazpFLyd3gVTxADar/310x430/1747404563.jpeg?s=f1f93d89d922ad953a3947d4b2359327f148fa60,1,1
Azzaro The Most Wanted Intense,11.2,Azzaro,0,https://www.vinted.it/items/6326375010-azzaro-the-most-wanted-intense?referrer=catalog,6,6326375010,On Sale,03/07/2025 11:03:45,https://images1.vinted.net/t/04_006a1_VMDPybN97zfnD3fLH15VedHt/310x430/1747226334.jpeg?s=c6e0c19a34d7cd980f0d72090ec32eda590c11b1,1,1
Parfum The Most Wanted Azzaro,53.2,Azzaro,0,https://www.vinted.it/items/6321766082-parfum-the-most-wanted-azzaro?referrer=catalog,2,6321766082,On Sale,03/07/2025 11:03:45,https://images1.vinted.net/t/01_019e9_vQiLQBBmM6PYtNppCAhh6uTX/310x430/1747150642.jpeg?s=8eb279d5878a6df7c5d2112fea9d0e1d55f56dfc,1,1
Eau de Parfum Intense The Most Wanted,68.95,Azzaro,0,https://www.vinted.it/items/6321740547-eau-de-parfum-intense-the-most-wanted?referrer=catalog,13,6321740547,On Sale,03/07/2025 11:03:45,https://images1.vinted.net/t/02_019eb_G3KHh3WTNAjahfngFzBrsWFE/310x430/1747150412.jpeg?s=4e1511d0a4663a787629c52825086eaaeb159b04,1,1
Eau de toilette intense Azzaro the most wanted (100ml),53.2,Azzaro,0,https://www.vinted.it/items/6318876747-eau-de-toilette-intense-azzaro-the-most-wanted-100ml?referrer=catalog,3,6318876747,On Sale,03/07/2025 11:03:45,https://images1.vinted.net/t/04_02503_4uEhUYXyC8ogvu7Qog2WHkKv/310x430/1747122533.jpeg?s=885dfc6827a93ae5b101826cf7fac400f5986b84,1,1
Azzaro the most Wanted,74.2,Azzaro,0,https://www.vinted.it/items/6317995436-azzaro-the-most-wanted?referrer=catalog,20,6317995436,On Sale,03/07/2025 11:03:45,https://images1.vinted.net/t/01_000b9_x7YCVx4hr235Z7ZsBiu4tfFV/310x430/1747081898.jpeg?s=533a01738a96f251371e69b4bb48eabc09ee0f9e,1,2
Perfume árabe lattafa asad bourbon 100% original,25.9,Lattafa,0,https://www.vinted.it/items/6315333351-perfume-arabe-lattafa-asad-bourbon-100-original?referrer=catalog,14,6315333351,On Sale,03/07/2025 11:03:45,https://images1.vinted.net/t/03_02154_wjSCf7Z5neTLLv4GN8BmwCKk/310x430/1747059411.jpeg?s=d1198a1968a45f311a4385df6ccd21108e4a6c54,1,2
Azzaro the Most Wanted,58.45,Azzaro,0,https://www.vinted.it/items/6303272517-azzaro-the-most-wanted?referrer=catalog,3,6303272517,On Sale,03/07/2025 11:03:45,https://images1.vinted.net/t/03_01e32_DX2z8EtnNgBc2wzH3GZdtDrh/310x430/1746895078.jpeg?s=c462e7d13e1a231237b3c669be26f131e5d0b045,1,2
Flacon vide Azzaro The Most Wanted,5.95,Azzaro,0,https://www.vinted.it/items/6280011325-flacon-vide-azzaro-the-most-wanted?referrer=catalog,4,6280011325,On Sale,03/07/2025 11:03:45,https://images1.vinted.net/t/01_005de_EmmbtCNG6trQKeXdLeNVHWZv/310x430/1746552296.jpeg?s=a500b11eb6241b55de9496a8de1300a981c34244,1,2
Azzaro The Most Wanted EDP Intense Set,49.0,Azzaro,0,https://www.vinted.it/items/6277663244-azzaro-the-most-wanted-edp-intense-set?referrer=catalog,24,6277663244,On Sale,03/07/2025 11:03:45,https://images1.vinted.net/t/04_01b95_jNijGH9xHTk2rLkUDeEADDWz/310x430/1746532711.jpeg?s=b4d7fafcd16165eed9c5df00137354336d700c99,1,2
Parfum azzaro wanted the most,63.7,Azzaro,0,https://www.vinted.it/items/6268313537-parfum-azzaro-wanted-the-most?referrer=catalog,1,6268313537,On Sale,03/07/2025 11:03:45,https://images1.vinted.net/t/01_01c5b_6f1hZvG1LWWz4LG85pLsqJkZ/310x430/1746391402.jpeg?s=36590795cb4c91da470d6657310e27676d4e29f8,1,2
Azzaro the most wanted parfum,126.7,Azzaro,0,https://www.vinted.it/items/6251718333-azzaro-the-most-wanted-parfum?referrer=catalog,0,6251718333,On Sale,03/07/2025 11:03:45,https://images1.vinted.net/t/04_013aa_R3sroq9z9uoEwQGhN6rsSRrM/310x430/1746201919.jpeg?s=8e2af50ede9e9cee54c9e8e716f0ff663515a0e9,1,2
Azzaro the most wanted,53.2,Azzaro,0,https://www.vinted.it/items/6250359238-azzaro-the-most-wanted?referrer=catalog,2,6250359238,On Sale,03/07/2025 11:03:45,https://images1.vinted.net/t/03_011ce_ktwiMyyWMUN739JWimh7zZ7h/310x430/1746189505.jpeg?s=12775668a7369d413df48cd687bfec192fbefa2a,1,2
Lot de soins et parfums neufs Yves Saint-Laurent,37.45,Yves Saint Laurent,0,https://www.vinted.it/items/6228317168-lot-de-soins-et-parfums-neufs-yves-saint-laurent?referrer=catalog,23,6228317168,On Sale,03/07/2025 11:03:45,https://images1.vinted.net/t/01_01215_PtmD5s2ZRRLPgAyggNWzC9FV/310x430/1745835294.jpeg?s=1786299392c7b2d2bf1b06ebcffd763face36e98,1,2
The most wanted Azzaro,63.7,Azzaro,0,https://www.vinted.it/items/6232549931-the-most-wanted-azzaro?referrer=catalog,0,6232549931,On Sale,03/07/2025 11:03:45,https://images1.vinted.net/t/04_000d9_7Z3qeNiAm2WiVdeW7i1gaj5D/310x430/1745908968.jpeg?s=8398126c7ec1e3deb15f99f185d270e13b2596ae,1,2
Azure Noir 100ml for Men (Azzaro The Most wanted),10.15,Most Wanted,0,https://www.vinted.it/items/6227035538-azure-noir-100ml-for-men-azzaro-the-most-wanted?referrer=catalog,2,6227035538,On Sale,03/07/2025 11:03:45,https://images1.vinted.net/t/03_02600_aXCgDXfpRsELokhjJXU6WpMU/310x430/1750546356.jpeg?s=234aa385c0f1c981ce0168e2ccb61273b3feb9c8,1,2
Parfum Azzaro Wanted The most 100ml,84.7,Azzaro,0,https://www.vinted.it/items/6222989541-parfum-azzaro-wanted-the-most-100ml?referrer=catalog,3,6222989541,On Sale,03/07/2025 11:03:45,https://images1.vinted.net/t/01_00a4a_ENQwKKb61qq1mX2BcZeJQAXX/310x430/1745759993.jpeg?s=ebb50ab51cafb2220d9bca769fd3039db0b5b5ed,1,2
Parfum Azzaro,74.2,Azzaro,0,https://www.vinted.it/items/6216738693-parfum-azzaro?referrer=catalog,3,6216738693,On Sale,03/07/2025 11:03:45,https://images1.vinted.net/t/01_002fa_WaH5uZGJfRDqApT3em2Ug8pv/310x430/1745675059.jpeg?s=f0ac25f230ab719fc214ca5ea226c433e47596f1,1,2
Parfum Azzaro The Most Wanted 150ml ( Prix négociable ),116.2,Azzaro,0,https://www.vinted.it/items/6210729031-parfum-azzaro-the-most-wanted-150ml-prix-negociable?referrer=catalog,1,6210729031,On Sale,03/07/2025 11:03:45,https://images1.vinted.net/t/04_025da_xszFYCgNAFH7ZSYL5CxKT114/310x430/1745585717.jpeg?s=d337294121ca2b52f605fcc732b78eb4775f959c,1,2
Azzaro,74.2,Azzaro,0,https://www.vinted.it/items/6197267740-azzaro?referrer=catalog,7,6197267740,On Sale,03/07/2025 11:03:45,https://images1.vinted.net/t/04_00b47_U2UL78KWtbc6HDh11PJ8nCCZ/310x430/1745391471.jpeg?s=4b05e5b0cc253c97208a8da7bd0cb4351f03d8a8,1,2
Parfum Azzaro The Most Wanted,79.45,Azzaro,0,https://www.vinted.it/items/6173402290-parfum-azzaro-the-most-wanted?referrer=catalog,4,6173402290,On Sale,03/07/2025 11:03:45,https://images1.vinted.net/t/02_015c4_6St5W1sJf95xeTsA7cQmtuDN/310x430/1745012319.jpeg?s=26cf477087c9408065294a094f00a47d38b38dde,1,2
Profumo Azzaro The Most Wanted Parfum 100ml,79.45,Most Wanted,0,https://www.vinted.it/items/6147291528-profumo-azzaro-the-most-wanted-parfum-100ml?referrer=catalog,3,6147291528,On Sale,03/07/2025 11:03:45,https://images1.vinted.net/t/04_0101c_nxPDioputyU5WoxDGfBXy4nt/310x430/1744636285.jpeg?s=830c5c927ff0c004871afb981415678a64126725,1,2
azzaro the most wanted edt intense,41.65,Azzaro,0,https://www.vinted.it/items/6112612495-azzaro-the-most-wanted-edt-intense?referrer=catalog,13,6112612495,On Sale,03/07/2025 11:03:45,https://images1.vinted.net/t/04_009a9_9JGzEtbWvZaDqBauFowVqnkB/310x430/1744128299.jpeg?s=3f3d15d624455ab405d1c0ab68728051e4f4baac,1,2
Parfum azzaro wanted edt intense,53.2,Azzaro,0,https://www.vinted.it/items/6088451004-parfum-azzaro-wanted-edt-intense?referrer=catalog,6,6088451004,On Sale,03/07/2025 11:03:45,https://images1.vinted.net/t/04_01e2b_3NYdPSrtDJWov1h9BzPY3N8T/310x430/1743793319.jpeg?s=df74b206f3245c0cddf6c02c0e515d1f8c5c01ac,1,2
Azzaro the most wanted 100ml,58.45,Azzaro,0,https://www.vinted.it/items/6058230956-azzaro-the-most-wanted-100ml?referrer=catalog,8,6058230956,On Sale,03/07/2025 11:03:45,https://images1.vinted.net/t/03_0250f_EV211WTu7QMRmgjoaWJP6651/310x430/1743335758.jpeg?s=45a2fa36409c1ca80fc0f93fd7c6363c74ef28f7,1,2
Perfume The Most Wanted Azzaro,189.7,Azzaro,0,https://www.vinted.it/items/6020139747-perfume-the-most-wanted-azzaro?referrer=catalog,2,6020139747,On Sale,03/07/2025 11:03:45,https://images1.vinted.net/t/04_01c41_JzAkHLr3vpSmZpzJPKwK9LTA/310x430/1742742020.jpeg?s=6221255330552369253555612a9b24bc04f22a5c,1,2
Azzaro the most wanted parfum,79.45,Azzaro,0,https://www.vinted.it/items/6015393629-azzaro-the-most-wanted-parfum?referrer=catalog,0,6015393629,Sold,02/07/2025 07:10:57,https://images1.vinted.net/t/04_017c2_BbHBuniVReoNydELvwJ7bScs/310x430/1742678575.jpeg?s=33b3697e9763218dc5056689e9db4388f260edef,1,2
Azzaro The Most Wanted Parfum 100ml,94.15,Wanted,0,https://www.vinted.it/items/6006914363-azzaro-the-most-wanted-parfum-100ml?referrer=catalog,4,6006914363,On Sale,03/07/2025 11:03:45,https://images1.vinted.net/t/04_01294_5q7Q6xJG6ds52vekAYdvPeVw/310x430/1742565371.jpeg?s=3a28791c41850d31d9c05e50d88f941b34d0fb55,1,2
Coffret homme eau de toilette intense parfumée the most wanted Azzaro,55.2,Azzaro,0,https://www.vinted.it/items/5981526276-coffret-homme-eau-de-toilette-intense-parfumee-the-most-wanted-azzaro?referrer=catalog,75,5981526276,On Sale,03/07/2025 11:03:45,https://images1.vinted.net/t/04_017f9_Z98npTprpxhkCEvG8ixCkpQi/310x430/1742144836.jpeg?s=352c7734cc7c55f308b4a2f964a5331a8b3b81fa,1,2
Parfum Azzaro The Most Wanted,94.15,Azzaro,0,https://www.vinted.it/items/5972636348-parfum-azzaro-the-most-wanted?referrer=catalog,4,5972636348,On Sale,03/07/2025 11:03:45,https://images1.vinted.net/t/03_0126b_mtg2KH2qLJZXz6Ur2zbdP6gQ/310x430/1742306296.jpeg?s=071308438979d403511cc165fa9c7500b7420b47,1,2
Boîte de parfum azzaro the most wanted,2.8,Azzaro,0,https://www.vinted.it/items/5954868335-boite-de-parfum-azzaro-the-most-wanted?referrer=catalog,0,5954868335,On Sale,03/07/2025 11:03:45,https://images1.vinted.net/t/04_01472_9W1iLaRej6yYX7PcvNaoZHMN/310x430/1741775259.jpeg?s=a0c6803b7c06371d693271a4d43491869429ed14,1,2
Azzoro the most wanted - EDP,89.95,Azzaro,0,https://www.vinted.it/items/5934074534-azzoro-the-most-wanted-edp?referrer=catalog,5,5934074534,On Sale,03/07/2025 11:03:45,https://images1.vinted.net/t/04_023ed_4v3QFQSL3utJ3TRe2TJUCsuu/310x430/1741451219.jpeg?s=27d0eb4421271bece710ad357a16850a091c99fc,1,2
Parfum Azzaro,100.45,Azzaro,0,https://www.vinted.it/items/5919613178-parfum-azzaro-the-most-wanted-100-ml-pour-homme?referrer=catalog,3,5919613178,On Sale,03/07/2025 11:03:45,https://images1.vinted.net/t/01_01e67_kqM2aY9kZ7HRu5k95dZMorHy/310x430/1741196984.jpeg?s=d69d992e805b080496502455c2fcf759432f0c38,1,2
Azzaro the most wanted parfum,15.93,Azzaro,0,https://www.vinted.it/items/5915182646-azzaro-the-most-wanted-parfum?referrer=catalog,4,5915182646,On Sale,03/07/2025 11:03:45,https://images1.vinted.net/t/03_01846_reVTjtzoE5Vthp4uN6JxUCKs/310x430/1741118191.jpeg?s=6adc31a92f33a7f276a953e66c86280444d2e743,1,2
Parfum homme,158.2,Azzaro,0,https://www.vinted.it/items/5874453444-parfum-homme?referrer=catalog,6,5874453444,On Sale,03/07/2025 11:03:45,https://images1.vinted.net/t/04_01fc7_77b4k1ZyGVTGjVirCy1ubK72/310x430/1740474618.jpeg?s=66dba86d4345329d1e729da8d05554887868025a,1,2
Azzaro Wanted girl by night 80ml,331.45,Azzaro,0,https://www.vinted.it/items/5859130799-azzaro-wanted-girl-by-night-80ml?referrer=catalog,25,5859130799,On Sale,03/07/2025 11:03:45,https://images1.vinted.net/t/04_01d40_D8Rt65fTArH9g1r2jNWid5Wx/310x430/1740238111.jpeg?s=e98ea988642bf6c92e614dc383bf251f1a646ab3,1,2
Azzaro the most wanted 100ml neu OVP,63.7,Azzaro,0,https://www.vinted.it/items/5846992207-azzaro-the-most-wanted-100ml-neu-ovp?referrer=catalog,5,5846992207,On Sale,03/07/2025 11:03:45,https://images1.vinted.net/t/04_00943_wrv58L7Ndz2Usi7MNvE3qkn7/310x430/1740049974.jpeg?s=04624cf3efd5fbc18bcc440e4031aa7171b09d66,1,2
Azzaro the most wanted parfeum,63.7,Azzaro,0,https://www.vinted.it/items/5845846431-azzaro-the-most-wanted-parfeum?referrer=catalog,5,5845846431,On Sale,03/07/2025 11:03:45,https://images1.vinted.net/t/02_00482_JahqKcs9RFZ6Dshmj537H51b/310x430/1740015116.jpeg?s=4c8156e9c9a8986ec8816a9db4c68126bbe775f9,1,2
Parfum Azzaro,74.2,Azzaro,0,https://www.vinted.it/items/5845241444-parfum-azzaro-the-most-wanted?referrer=catalog,14,5845241444,On Sale,03/07/2025 11:03:45,https://images1.vinted.net/t/03_0232e_ioduPdfeuZyN54skDzRhBgpP/310x430/1739996888.jpeg?s=d88dde78f6e20c6ac6a771a0fce8b01689c1d631,1,2
Azzaro the most wanted,63.7,Azzaro,0,https://www.vinted.it/items/5808561482-azzaro-the-most-wanted-decants-de-10ml-de-cristal8-euros?referrer=catalog,7,5808561482,On Sale,03/07/2025 11:03:45,https://images1.vinted.net/t/03_007da_U6uZNcFSQXwsTawM9VqoVEEd/310x430/1739400238.jpeg?s=331bc43a071beb6d2d52b06e0527fd14be7a46ee,1,2
Azzaro The most wanted intense 100ml,68.94,Azzaro,0,https://www.vinted.it/items/5793171154-azzaro-the-most-wanted-intense-100ml?referrer=catalog,20,5793171154,On Sale,03/07/2025 11:03:45,https://images1.vinted.net/t/01_00675_CR5du8V42C23UiA5ZJLLhkaZ/310x430/1739140061.jpeg?s=6040a237111390a0165a9eb452f9a13a912a7abe,1,2
Azzaro the most wanted 100ml,100.45,Azzaro,0,https://www.vinted.it/items/5792030696-azzaro-the-most-wanted-100ml?referrer=catalog,4,5792030696,On Sale,03/07/2025 11:03:45,https://images1.vinted.net/t/04_02502_4c1jcftEEZt9LQVz1JrYw1yS/310x430/1739127113.jpeg?s=532b1d83da8cb5ed7f19687809ef83128c0e7cf0,1,2
Azzaro the most wanted intense 100ml,84.7,Azzaro,0,https://www.vinted.it/items/5763924151-azzaro-the-most-wanted-intense-100ml?referrer=catalog,6,5763924151,On Sale,03/07/2025 11:03:45,https://images1.vinted.net/t/04_01d4e_FuzxbM6Wb5yC7vQw7yj7qYwU/310x430/1738684852.jpeg?s=321072c3463e9913877ecbd30cef43e1e64cd58b,1,2
Miniature Azzaro The Most Wanted,19.6,Azzaro,0,https://www.vinted.it/items/5759435312-miniature-azzaro-the-most-wanted?referrer=catalog,3,5759435312,On Sale,03/07/2025 11:03:45,https://images1.vinted.net/t/04_022b0_dmodFtUTEe4B1ELR8hCPgEcJ/310x430/1738603414.jpeg?s=3b1c0de8d8ddec413402a4c086ea1c80ad440bc5,1,2
Azzaro the most wanted edp intense,63.7,Azzaro,0,https://www.vinted.it/items/5755256486-azzaro-the-most-wanted-edp-intense?referrer=catalog,39,5755256486,On Sale,03/07/2025 11:03:45,https://images1.vinted.net/t/02_01eef_9Kun9tVe5KXUBCTV5SRsfxZr/310x430/1738527365.jpeg?s=1f3fbb8f06f2a7e9e7ecb75a55d1a9d33f3c5902,1,2
Parfum azzaro the most wanted intense,95.2,Azzaro,0,https://www.vinted.it/items/5751035687-parfum-azzaro-the-most-wanted-intense?referrer=catalog,5,5751035687,On Sale,03/07/2025 11:03:45,https://images1.vinted.net/t/02_021db_gFcjHrtazJnpWm7U7KLijqqv/310x430/1738499489.jpeg?s=935cb49a050a82172001b80fadfaee7a97612a0b,1,2
Perfume Azzaro the most wanted,52.15,Me,0,https://www.vinted.it/items/5724184423-perfume-azzaro-the-most-wanted?referrer=catalog,30,5724184423,On Sale,03/07/2025 11:03:45,https://images1.vinted.net/t/04_023b6_kVgwAebJo38CxdU51nDH5uhK/310x430/1738029368.jpeg?s=1f9b565b962b85a1c9264efeeec5d90bf08a2131,1,2
Nuovo Azzaro The Most Wanted EDP intense 100ml,74.2,Azzaro,0,https://www.vinted.it/items/5690470777-nuovo-azzaro-the-most-wanted-edp-intense-100ml?referrer=catalog,9,5690470777,On Sale,03/07/2025 11:03:45,https://images1.vinted.net/t/04_02359_sEBL6ho5m2K2dJZreBGQ3kpj/310x430/1737484030.jpeg?s=056870b2e2c99ab5c8cc33154a4e547152d68262,1,2
Eau de toilette intense Azzaro vaporisateur de sac The most wanted pour homme 10 ml,16.45,Azzaro,0,https://www.vinted.it/items/5678818381-eau-de-toilette-intense-azzaro-vaporisateur-de-sac-the-most-wanted-pour-homme-10-ml?referrer=catalog,0,5678818381,On Sale,03/07/2025 11:03:45,https://images1.vinted.net/t/04_01631_dCSimB93wU6bWHux7X15zty6/310x430/1737301927.jpeg?s=f218f246c06bf3a90301e0f975d40010a21da569,1,2
Ansaam Silver - Lattafa,36.4,Lattafa,0,https://www.vinted.it/items/5676702585-ansaam-silver-lattafa?referrer=catalog,10,5676702585,On Sale,03/07/2025 11:03:45,https://images1.vinted.net/t/02_005b2_6uQVFDmuzvw8KR9vqzN2SqAC/310x430/1737289974.jpeg?s=4862c7b8a873fa54c29815918ae9e2658d757abd,1,2
Mystery 5ml Parfum Abfüllung,18.55,Original,0,https://www.vinted.it/items/5663733263-mystery-5ml-parfum-abfullung?referrer=catalog,11,5663733263,On Sale,03/07/2025 11:03:45,https://images1.vinted.net/t/04_01f32_Q8vCh3kkEgGgAQEdgB81QAe2/310x430/1737056259.jpeg?s=b7add6a1db03ca8144dae2c8166ccd7f05888c8a,1,2
Azzaro The most wanted,17.5,Azzaro,0,https://www.vinted.it/items/5645952021-azzaro-the-most-wanted?referrer=catalog,9,5645952021,On Sale,03/07/2025 11:03:45,https://images1.vinted.net/t/02_00e48_rY9mMmAkVY5sBExMbTLAXchi/310x430/1736759959.jpeg?s=bfae4e030666fe47b8a8107dd8e5fc91cd987586,1,2
Perfume Azzaro the most wanted intesedet 100ml,74.2,Azzaro,0,https://www.vinted.it/items/5642389330-perfume-azzaro-the-most-wanted-intesedet-100ml?referrer=catalog,5,5642389330,On Sale,03/07/2025 11:03:45,https://images1.vinted.net/t/02_0021c_YoY5uiZtmorjTDsrYKtytkAJ/310x430/1736696179.jpeg?s=1600152b45e237333adedfa685f300efeb2aff60,1,2
The most wanted,21.7,Azzaro,0,https://www.vinted.it/items/5628135511-the-most-wanted?referrer=catalog,6,5628135511,On Sale,03/07/2025 11:03:45,https://images1.vinted.net/t/01_016fa_cPuDZfG8NRUz7ADcQC58as5V/310x430/1736462911.jpeg?s=b25727c53ad628b7ca280e292d6b7692c4f43a7b,1,2
Azzaro - The Most Wanted Eau de Parfum Intense (100ml),84.7,Azzaro,0,https://www.vinted.it/items/5608423682-azzaro-the-most-wanted-eau-de-parfum-intense-100ml?referrer=catalog,5,5608423682,On Sale,03/07/2025 11:03:45,https://images1.vinted.net/t/03_012b6_LYTcyjQYVkNwi4T4krNYSU8L/310x430/1736107173.jpeg?s=6f3278228bb2e793d4cc9d7143a4d03fda05033f,1,2
Azzaro The Most Wanted,52.15,Azzaro,0,https://www.vinted.it/items/5588689095-azzaro-the-most-wanted?referrer=catalog,34,5588689095,On Sale,03/07/2025 11:03:45,https://images1.vinted.net/t/01_01b15_uAf2JTY7nYSFjHJrWPHik5v6/310x430/1735826741.jpeg?s=6276fffe8d7836d73c59697b460e609a1686204b,1,2
Azzaro The Most Wanted EDP 100ml,81.55,Azzaro,0,https://www.vinted.it/items/5585828696-azzaro-the-most-wanted-edp-100ml?referrer=catalog,7,5585828696,On Sale,03/07/2025 11:03:45,https://images1.vinted.net/t/04_00fe7_NSSpx4EQyER527K5yMwGLNQm/310x430/1735757523.jpeg?s=6ad38c56e79835b27241513e2a7d28f44189d90c,1,2
Azzaro The Most Wanted Parfum 100 ml.,95.2,Azzaro,0,https://www.vinted.it/items/5583713714-azzaro-the-most-wanted-parfum-100-ml?referrer=catalog,12,5583713714,On Sale,03/07/2025 11:03:45,https://images1.vinted.net/t/04_005b6_PkE4hPXeJ1HCy8AiDKoUTZVi/310x430/1735732869.jpeg?s=b52916293019b7998a4bd018902f05d8385c946a,1,2
Parfum Azzaro the most wanted,95.2,Azzaro,0,https://www.vinted.it/items/5572228439-parfum-azzaro-the-most-wanted?referrer=catalog,17,5572228439,On Sale,03/07/2025 11:03:45,https://images1.vinted.net/t/02_016b6_N6Jnd697patuStp9WTTLRc77/310x430/1735469993.jpeg?s=889ba2281ef8356a66239627465118641c22472f,1,2
Parfum azzaro the most wanted,126.7,Azzaro,0,https://www.vinted.it/items/5571371152-parfum-azzaro-the-most-wanted?referrer=catalog,5,5571371152,On Sale,03/07/2025 11:03:45,https://images1.vinted.net/t/04_00069_FnW4qGYhsYh9ZvDbRkBFTqM7/310x430/1735429814.jpeg?s=1cf66ca7e2a876fde526d1b51659bea86035636e,1,2
Parfum Azzaro The moste wanted,84.7,Azzaro,0,https://www.vinted.it/items/5564015488-parfum-azzaro-the-moste-wanted?referrer=catalog,1,5564015488,On Sale,03/07/2025 11:03:45,https://images1.vinted.net/t/04_00f38_vNnbgj2FALm7mEsWwTotVB74/310x430/1735292675.jpeg?s=b0cc5d345a7ec455924c3f6065c6f88059d7f541,1,2
Azzaro The Most Wanted,63.7,Azzaro,0,https://www.vinted.it/items/5560319077-azzaro-the-most-wanted?referrer=catalog,35,5560319077,On Sale,03/07/2025 11:03:45,https://images1.vinted.net/t/03_01a97_K4fjAGG3y2KJzox1pfWgcGm1/310x430/1736152871.jpeg?s=18095ef4a061fcc8dc382e24d8359af9cc9ec3b6,1,2
Azzaro - The Most Wanted edt intense,72.1,Azzaro,0,https://www.vinted.it/items/5465654210-azzaro-the-most-wanted-edt-intense?referrer=catalog,35,5465654210,On Sale,03/07/2025 11:03:45,https://images1.vinted.net/t/04_023d2_YbPszMxZQaE555zn19RP3DBp/310x430/1733012700.jpeg?s=90073410fd4e3a2f317a2d474856ca5df878e952,1,2
The most Wanted Intense de Azzaro,16.45,Azzaro,0,https://www.vinted.it/items/5452632166-the-most-wanted-intense-de-azzaro?referrer=catalog,11,5452632166,On Sale,03/07/2025 11:03:45,https://images1.vinted.net/t/04_01d55_716Nmy7U4VH6mUPGUBYz6Zzi/310x430/1732742327.jpeg?s=553dffb05fe908af99d0a2812e041573cb97a45f,1,2
Parfum homme azzaro the most wanted,95.2,Azzaro,0,https://www.vinted.it/items/5406262561-parfum-homme-azzaro-the-most-wanted?referrer=catalog,11,5406262561,On Sale,03/07/2025 11:03:45,https://images1.vinted.net/t/04_000c8_BXfb5yeKafkvhF6HcDSwUW7X/310x430/1731958013.jpeg?s=6902bd90fa0944b163b7f18f199a5e33b25a5025,1,2
Azzaro the most wanted intense,63.7,Azzaro,0,https://www.vinted.it/items/5368642472-azzaro-the-most-wanted-intense?referrer=catalog,4,5368642472,On Sale,03/07/2025 11:03:45,https://images1.vinted.net/t/04_00095_2YCoUT8PFgsM2fVKCj9zXbDL/310x430/1731355450.jpeg?s=7cabc62d1a88f5969a8fbff1d9cf1b498a3c5d92,1,2
Perfume Azzaro The Most Wanted,84.7,Azzaro,0,https://www.vinted.it/items/5364188094-perfume-azzaro-the-most-wanted?referrer=catalog,0,5364188094,On Sale,03/07/2025 11:03:45,https://images1.vinted.net/t/04_0070c_aNvJ3eLLcUZKKwMgFn5c6a7A/310x430/1731322676.jpeg?s=887597ff7eec022587fbeae037ee3716319116f5,1,2
Eau de toilette the most wanted,17.5,Azzaro,0,https://www.vinted.it/items/5266753944-eau-de-toilette-the-most-wanted?referrer=catalog,11,5266753944,On Sale,03/07/2025 11:03:45,https://images1.vinted.net/t/04_0149a_wBQ2xzx5FYkXVA3gFoCoL3fm/310x430/1729696790.jpeg?s=992012944a788f18a42c6db2d693bd8d282075ae,1,2
Azzaro,11.2,Azzaro,0,https://www.vinted.it/items/4839839885-azzaro?referrer=catalog,33,4839839885,On Sale,03/07/2025 11:03:45,https://images1.vinted.net/t/02_00cf1_cAXMTppXuMWHreNXFJXVTdCk/310x430/1722633484.jpeg?s=a46dbf9a9bc8e3f6ebc43099896e7deafee9e9fe,1,2
Azzaro the most wanted parfum,105.7,Azzaro,0,https://www.vinted.it/items/4801193712-azzaro-the-most-wanted-parfum?referrer=catalog,21,4801193712,On Sale,03/07/2025 11:03:45,https://images1.vinted.net/t/02_01766_bjAy2edcBRHeGb9wY1Tq9Agh/310x430/1721760380.jpeg?s=46cd0b2b622cda078c3a58a8759bcb218258f7a6,1,2
The most wanted parfum 100ml,55.3,Azzaro,0,https://www.vinted.it/items/6606578092-the-most-wanted-parfum-100ml?referrer=catalog,0,6606578092,On Sale,03/07/2025 11:03:44,https://images1.vinted.net/t/04_025e5_fiYCpEqUUFM8u9nxerLUieQS/310x430/1751379007.jpeg?s=c291a684fe80cfae4a91d4240af4b1393db559e9,1,1
parfum Azzaro the most wanted 100 ml sous blister et authentique,53.2,Azzaro,0,https://www.vinted.it/items/6604596454-parfum-azzaro-the-most-wanted-100-ml-sous-blister-et-authentique?referrer=catalog,1,6604596454,On Sale,03/07/2025 11:03:44,https://images1.vinted.net/t/01_01358_dV3VTtPfwSXVVEnK4fWRE1d3/310x430/1751357240.jpeg?s=f86b251622d874d33b8f13201c5d9ad81bc48e97,1,1
Azzaro the most wanted,79.45,Azzaro,0,https://www.vinted.it/items/6096485760-azzaro-the-most-wanted?referrer=catalog,4,6096485760,On Sale,03/07/2025 11:03:45,https://images1.vinted.net/t/02_01d77_o3WCfzyXirbGJtZoBtahrn5d/310x430/1743932961.jpeg?s=6dd0aaff963faff274af465fd71facb4d8e7e5d6,1,2
Azzaro the Most Wanted Intense - EDP 100ml,42.7,Azzaro,0,https://www.vinted.it/items/6609197553-azzaro-the-most-wanted-intense-edp-100ml?referrer=catalog,0,6609197553,Sold,,https://images1.vinted.net/t/04_0052a_3GGmNMu1G1UJdNfdnjbKkY5i/310x430/1751432940.jpeg?s=78c931940987d615deba3d0ced7dea3ac4724fce,2,1
Azzaro the Most Wanted Intense - EDP 100ml,42.7,Azzaro,0,https://www.vinted.it/items/6614457341-azzaro-the-most-wanted-intense-edp-100ml?referrer=catalog,3,6614457341,On Sale,03/07/2025 11:03:44,https://images1.vinted.net/t/04_0206b_V54bD66d5VnWdNf2CH2VLtDj/310x430/1751495002.jpeg?s=ddf8908fba8a48098d2eba6598fdf9831367e9cd,1,1
Azzaro the most wanted,63.7,Azzaro,0,https://www.vinted.it/items/6613442246-azzaro-the-most-wanted?referrer=catalog,0,6613442246,On Sale,03/07/2025 11:03:44,https://images1.vinted.net/t/01_0215c_V4D1P83G2QyVw442SwfQhnRk/310x430/1751481038.jpeg?s=c956bec916185f3f7677e315ca9c409fd8ca33c5,1,1
Azzaro The Most Wanted 10ml × 3 échantillons (30ml) eau de toilette intense,32.2,Azzaro,0,https://www.vinted.it/items/6613409498-azzaro-the-most-wanted-10ml-x-3-echantillons-30ml-eau-de-toilette-intense?referrer=catalog,1,6613409498,On Sale,03/07/2025 11:03:44,https://images1.vinted.net/t/02_01cd8_o8AXgdxHZZcywvvmhRSxwmSS/310x430/1751480720.jpeg?s=7f01293b72ec0f1586b35193cf0575e90e832af9,1,1
Azzaro The Most Wanted 100ml edp Parfum Gift Set nieuw,95.2,Azzaro,0,https://www.vinted.it/items/6613365996-azzaro-the-most-wanted-100ml-edp-parfum-gift-set-nieuw?referrer=catalog,0,6613365996,On Sale,03/07/2025 11:03:44,https://images1.vinted.net/t/01_011a1_NzcL9mTtKL9D4pkFju11YeBr/310x430/1751480296.jpeg?s=f1293d6696c109f0c53c772fd8cc03eb5369b050,1,1
Azzaro The Most Wanted 5ml,10.15,Azzaro,0,https://www.vinted.it/items/6612300026-azzaro-the-most-wanted-5ml?referrer=catalog,1,6612300026,On Sale,03/07/2025 11:03:44,https://images1.vinted.net/t/04_005b1_4JTWtesBqHehEkMhRxjK8QXX/310x430/1751470443.jpeg?s=5481528b7c982864cbd7a56ac761cd04daba6140,1,1
Parfum azzaro the most wanted,62.65,Azzaro,0,https://www.vinted.it/items/6611367232-parfum-azzaro-the-most-wanted?referrer=catalog,1,6611367232,On Sale,03/07/2025 11:03:44,https://images1.vinted.net/t/01_02219_3HfS384eF5tygb1PcNHG27Y9/310x430/1751461835.jpeg?s=d788fa5aca80834dfe67b3d1a5c4713c1e6a24f0,1,1
The most wanted 100ml,53.2,Azzaro,0,https://www.vinted.it/items/6610680617-the-most-wanted-100ml?referrer=catalog,2,6610680617,On Sale,03/07/2025 11:03:44,https://images1.vinted.net/t/03_00842_yDhHW96VQ2puEEpUeLoafVVf/310x430/1751455255.jpeg?s=5eade51b75c83f989ccdb81b5cbbc2a4419f672c,1,1
2 Eaux de parfum intenses The Most Wanted vapo spray formats voyage,23.8,Azzaro,0,https://www.vinted.it/items/6610025943-2-eaux-de-parfum-intenses-the-most-wanted-vapo-spray-formats-voyage?referrer=catalog,1,6610025943,On Sale,03/07/2025 11:03:44,https://images1.vinted.net/t/03_01339_CUNGhRmmG6dKJLiMXS7BDYQw/310x430/1751448553.jpeg?s=fb16d5f424bb7468d3957f999ea4ed8fb6ff09b6,1,1
Azzaro the most wanted intense eu de toilet 100ml + 2x 10ml travel sprays,68.95,Azzaro,0,https://www.vinted.it/items/6563418998-azzaro-the-most-wanted-intense-eu-de-toilet-100ml-2x-10ml-travel-sprays?referrer=catalog,2,6563418998,On Sale,03/07/2025 11:03:44,https://images1.vinted.net/t/04_016f9_L3TDTFacB5HdVf88eMd4YXYY/310x430/1750688543.jpeg?s=f5608e2e1705e6645a566a0aa9a78265284154bb,1,1
Azzaro The Most Wanted Eau de Toilette 10mL,11.2,Azzaro,0,https://www.vinted.it/items/6262208337-azzaro-the-most-wanted-eau-de-toilette-10ml?referrer=catalog,8,6262208337,On Sale,,https://images1.vinted.net/t/04_02088_QKC5pPtroAhfNPf7m4jkBTHi/310x430/1747545405.jpeg?s=2436c8ef3b1b664984f15daa0e6c5a86788bb4a7,20,2
